{"type":"FeatureCollection","attribution":"Administrative boundary data: geoBoundaries (William & Mary geoLab), gbOpen; underlying source and license recorded for each layer.","source":{"layerId":"GMB-ADM2-56634734","apiUrl":"https://www.geoboundaries.org/api/current/gbOpen/GMB/ADM2/","downloadUrl":"https://github.com/wmgeolab/geoBoundaries/raw/9469f09/releaseData/gbOpen/GMB/ADM2/geoBoundaries-GMB-ADM2_simplified.geojson","boundaryYearRepresented":"2020","license":"Creative Commons Attribution 4.0 (CC BY 4.0)","simplification":"geoBoundaries provider-generated simplified geometry; tolerance not specified by the API"},"features":[{"type":"Feature","id":"gb:56634734B97208940932189","properties":{"id":"gb:56634734B97208940932189","name":"Bakau","parentId":"gb:31243875B42421745591684","level":"ADM2","countryCode":"GM"},"geometry":{"type":"Polygon","coordinates":[[[-16.628905996999947,13.467874749000032],[-16.62964632099994,13.470372189000045],[-16.64208949199997,13.47420276300005],[-16.65914494499998,13.474410851000073],[-16.66155946799995,13.475967862000061],[-16.667377441999975,13.48924641900004],[-16.67118776999996,13.484647085000063],[-16.676603263999937,13.482055255000034],[-16.680666255999938,13.482039439000062],[-16.69367383699995,13.475771580000071],[-16.702370756999926,13.466474321000021],[-16.69278535799998,13.461538],[-16.688794515999973,13.464204347000077],[-16.68159504099998,13.467866513000047],[-16.678235102999963,13.464308967000022],[-16.680240467999965,13.46241662400007],[-16.67573851999998,13.457237571000064],[-16.67341782799997,13.45935042900004],[-16.674903821999976,13.460827356000038],[-16.66977227899997,13.465661810000029],[-16.66361110799994,13.465987535000068],[-16.656921808999982,13.464043952000054],[-16.639980866999963,13.469263097000066],[-16.628905996999947,13.467874749000032]]]}},{"type":"Feature","id":"gb:56634734B44527271765824","properties":{"id":"gb:56634734B44527271765824","name":"Banjul Central","parentId":"gb:31243875B86288540800273","level":"ADM2","countryCode":"GM"},"geometry":{"type":"Polygon","coordinates":[[[-16.571880584999974,13.456508625000026],[-16.583516492999934,13.462642069000026],[-16.58840566999993,13.463176185000066],[-16.579850848999968,13.458468468000035],[-16.582733004999966,13.453771221000068],[-16.582846550999932,13.450028565000025],[-16.582020909999926,13.45124037100004],[-16.58131988499997,13.450507575000074],[-16.571880584999974,13.456508625000026]]]}},{"type":"Feature","id":"gb:56634734B93236052329958","properties":{"id":"gb:56634734B93236052329958","name":"Banjul North","parentId":"gb:31243875B86288540800273","level":"ADM2","countryCode":"GM"},"geometry":{"type":"Polygon","coordinates":[[[-16.58840566999993,13.463176185000066],[-16.60155148299998,13.464885227000025],[-16.610678381999946,13.468712549000031],[-16.612994868999976,13.472176528000034],[-16.616387138999983,13.47361359000007],[-16.627126700999952,13.467849096000066],[-16.627028761999952,13.466082266000058],[-16.62186367299995,13.467420210000057],[-16.618590653999945,13.466655770000045],[-16.611352159999967,13.460165428000039],[-16.607465332999936,13.459755451000035],[-16.60724484499997,13.456783005000034],[-16.61235359999995,13.45346784700007],[-16.60973984499998,13.450524761000054],[-16.612814557999968,13.447390942000027],[-16.608396660999972,13.446830058000046],[-16.605779481999946,13.443353888000047],[-16.598166050999964,13.445001497000021],[-16.591082667999956,13.448805807000042],[-16.583095311999955,13.44724842000005],[-16.580400590999943,13.449232743000039],[-16.58131988499997,13.450507575000074],[-16.582020909999926,13.45124037100004],[-16.582846550999932,13.450028565000025],[-16.582733004999966,13.453771221000068],[-16.579850848999968,13.458468468000035],[-16.58840566999993,13.463176185000066]]]}},{"type":"Feature","id":"gb:56634734B29168541437208","properties":{"id":"gb:56634734B29168541437208","name":"Banjul South","parentId":"gb:31243875B86288540800273","level":"ADM2","countryCode":"GM"},"geometry":{"type":"Polygon","coordinates":[[[-16.58131988499997,13.450507575000074],[-16.580400590999943,13.449232743000039],[-16.583095311999955,13.44724842000005],[-16.578762394999956,13.445796594000058],[-16.578499680999983,13.443327552000028],[-16.574454742999933,13.442376098000068],[-16.570283290999953,13.45173909500005],[-16.571880584999974,13.456508625000026],[-16.58131988499997,13.450507575000074]]]}},{"type":"Feature","id":"gb:56634734B15786085247071","properties":{"id":"gb:56634734B15786085247071","name":"Basse","parentId":"gb:31243875B74768451122912","level":"ADM2","countryCode":"GM"},"geometry":{"type":"Polygon","coordinates":[[[-14.207267290999937,13.319647395000061],[-14.209190658999944,13.315777191000052],[-14.212759827999946,13.314685565000048],[-14.216134207999971,13.315798714000039],[-14.220036881999931,13.327756800000031],[-14.225455416999978,13.335308613000052],[-14.243841724999982,13.337385740000059],[-14.24645901499997,13.340701687000035],[-14.249994391999962,13.35063664300003],[-14.253546986999936,13.35505801100004],[-14.265537838999933,13.362260752000054],[-14.280161692999968,13.368000160000065],[-14.286736294999969,13.366364687000043],[-14.288930170999947,13.354332760000034],[-14.297808196999938,13.334875963000059],[-14.30157608099995,13.32992407300003],[-14.30719755299998,13.32813945600003],[-14.29890097599997,13.322101025000052],[-14.300404809999975,13.319604344000027],[-14.299469124999973,13.317003998000075],[-14.294334740999943,13.318777382000064],[-14.247758187999978,13.284650530000022],[-14.247606204999954,13.273071474000062],[-14.252653313999929,13.232689189000041],[-14.248120874999927,13.227677400000061],[-14.239871153999957,13.226182694000045],[-14.226383970999962,13.219893457000069],[-14.207071694999968,13.216893715000026],[-14.206739797999944,13.219362587000035],[-14.201909162999982,13.21807227000005],[-14.184835029999931,13.219121132000055],[-14.157784600999946,13.23006054700005],[-14.146744471999966,13.23234820700003],[-14.136843790999933,13.23197970700005],[-14.132998544999964,13.234417958000051],[-14.132511791999946,13.254108169000062],[-14.123024388999966,13.271570391000068],[-14.119206898999948,13.282839400000057],[-14.130408175999946,13.284570752000036],[-14.144789770999978,13.292852959000072],[-14.152588052999931,13.295084455000051],[-14.153555899999958,13.297366590000024],[-14.155357306999974,13.297372579000069],[-14.160742814999935,13.30283040300003],[-14.163123551999945,13.309013382000046],[-14.16971001099995,13.314622015000054],[-14.19897937199994,13.316480334000062],[-14.200636116999931,13.31486824500007],[-14.207267290999937,13.319647395000061]]]}},{"type":"Feature","id":"gb:56634734B73613655778936","properties":{"id":"gb:56634734B73613655778936","name":"Central Badibu","parentId":"gb:31243875B21899311231896","level":"ADM2","countryCode":"GM"},"geometry":{"type":"Polygon","coordinates":[[[-15.872498491999977,13.59304852300005],[-15.988835860999927,13.592696770000032],[-15.99014714599997,13.592684667000071],[-15.98849329199993,13.581540111000038],[-15.990426082999932,13.554226461000042],[-16.00060843899996,13.508080239000037],[-15.999860086999945,13.503794318000075],[-16.001312687999928,13.501787031000049],[-15.998096249999946,13.501228],[-15.99662226299995,13.498088660000064],[-15.999242097999968,13.495719335000047],[-15.996893385999954,13.493012367000063],[-15.998786592999977,13.491575200000057],[-15.998193929999957,13.48957606600004],[-16.001409018999937,13.489849184000036],[-15.996550831999969,13.480861796000056],[-15.999179696999931,13.48070838500007],[-15.999028271999975,13.479422313000043],[-15.997128043999965,13.47914393700006],[-15.99800096599995,13.478282686000057],[-16.002241437999942,13.479266547000066],[-16.002521084999955,13.476263192000033],[-16.00061969199993,13.475698917000045],[-16.003520975999947,13.470826575000046],[-15.99870406599996,13.47170354900004],[-16.000008053999977,13.469125011000074],[-15.998391755999933,13.46684401300007],[-16.000139874999945,13.465693351000027],[-16.00218844899996,13.466542976000028],[-16.001146329999926,13.461829317000024],[-15.997195648999934,13.460200929000052],[-15.999219855999968,13.455189149000034],[-15.990201086999946,13.44881631800007],[-15.966905397999938,13.446880470000053],[-15.958731041999954,13.448198431000037],[-15.95756821599997,13.449632516000065],[-15.954351412999927,13.448786939000058],[-15.933332038999936,13.452439936000076],[-15.913752281999962,13.450724713000056],[-15.905563963999953,13.44846683000003],[-15.894340782999961,13.45494052500004],[-15.87858711399997,13.461000717000047],[-15.853339268999946,13.467592767000042],[-15.846474555999976,13.467901918000052],[-15.816924203999974,13.460422262000066],[-15.817530072999944,13.474479132000056],[-15.821811797999942,13.475023640000074],[-15.829268662999937,13.486168664000047],[-15.828419395999958,13.488126134000026],[-15.830432188999964,13.492587289000028],[-15.83536343399993,13.495188772000063],[-15.836445630999947,13.498675633000062],[-15.841444119999949,13.500055099000065],[-15.84038260899996,13.50250198200007],[-15.836101096999982,13.502167248000035],[-15.834323705999964,13.503918402000068],[-15.832208956999978,13.511255412000025],[-15.835062594999954,13.511245920000022],[-15.835073528999942,13.514387301000056],[-15.837213783999971,13.514380158000051],[-15.837582680999958,13.51786938600003],[-15.842843138999967,13.517546325000069],[-15.842852339999979,13.520164137000052],[-15.844193100999973,13.521032234000074],[-15.84197893499993,13.525402758000041],[-15.843774848999942,13.528887165000071],[-15.850022261999982,13.530174944000066],[-15.851812123999935,13.531914081000025],[-15.851838503999943,13.539331185000037],[-15.854102410999928,13.54892217500003],[-15.860365933999958,13.56709274800005],[-15.872498491999977,13.59304852300005]]]}},{"type":"Feature","id":"gb:56634734B67575656085362","properties":{"id":"gb:56634734B67575656085362","name":"Foni Bintang Karanai","parentId":"gb:31243875B88426941804625","level":"ADM2","countryCode":"GM"},"geometry":{"type":"Polygon","coordinates":[[[-16.182888333999927,13.263961487000074],[-16.192311519999976,13.25996073500005],[-16.203670630999966,13.249462890000075],[-16.20761672499998,13.253108969000039],[-16.20956514599993,13.268858028000068],[-16.204581279999957,13.282441105000032],[-16.202058815999976,13.302059277000069],[-16.211483378999958,13.316123649000076],[-16.221261218999928,13.325788244000023],[-16.22704901399993,13.323521152000069],[-16.23435849799995,13.323152693000054],[-16.240292462999946,13.31979356200003],[-16.252521317999935,13.317235887000038],[-16.256584651999958,13.313885627000047],[-16.267101553999964,13.309171135000042],[-16.277200404999974,13.305873662000067],[-16.282469891999938,13.305680618000054],[-16.287043495999967,13.30249384900003],[-16.29196845699994,13.301469823000048],[-16.30043776399998,13.295598893000033],[-16.308243612999945,13.29289475400003],[-16.310611103999975,13.290551476000076],[-16.333066324999947,13.293265400000053],[-16.341685937999955,13.284062323000057],[-16.35279781299994,13.279924158000028],[-16.35413372499994,13.275587950000045],[-16.361809732999973,13.265078101000029],[-16.36713784899996,13.260366669000064],[-16.367109940999967,13.255371711000066],[-16.364205589999926,13.252723204000063],[-16.361837139999977,13.25473390600007],[-16.354693759999975,13.253939426000045],[-16.34957628199993,13.250636460000067],[-16.34870167799994,13.246145456000022],[-16.34427525999996,13.244836770000063],[-16.342725496999947,13.241181813000026],[-16.339484375999973,13.239034267000022],[-16.33524532299998,13.240888033000033],[-16.335272549999956,13.245883061000029],[-16.333411079999962,13.24739134400005],[-16.33136965999995,13.247068991000049],[-16.32897295099997,13.243917870000075],[-16.328314761999934,13.247917440000037],[-16.32593520699993,13.247929815000077],[-16.324874869999974,13.24044254200004],[-16.323516963999964,13.240782597000077],[-16.32319861999997,13.244780400000025],[-16.317767754999977,13.24630705800007],[-16.31453389799998,13.24549120100005],[-16.314866681999945,13.244157432000065],[-16.31961587099994,13.242301351000037],[-16.31943245499997,13.239804698000057],[-16.313995414999965,13.240165752000053],[-16.313646560999928,13.238502477000054],[-16.316877638999927,13.238818846000072],[-16.31738126099998,13.237650703000043],[-16.315405701999964,13.23374797200006],[-16.311681741999962,13.23659774500004],[-16.28474656399993,13.221249344000057],[-16.276991806999945,13.202427159000024],[-16.27968926699998,13.196059556000023],[-16.285114654999973,13.18919322000005],[-16.288015798999936,13.165603584000053],[-16.12125421899998,13.165530381000053],[-16.113089878999972,13.194204113000069],[-16.113638934999926,13.202860694000037],[-16.110097054999926,13.208870751000063],[-16.11367214699993,13.210187364000035],[-16.11521157599998,13.212345399000071],[-16.116909632999977,13.212004954000065],[-16.11659470899997,13.217501432000063],[-16.121370335999927,13.221143931000029],[-16.11987411399997,13.22847727900006],[-16.12735345799996,13.228610911000033],[-16.12886783999994,13.225273875000028],[-16.139575625999953,13.225226359000033],[-16.140474235999932,13.235712913000043],[-16.138270788999932,13.237054877000048],[-16.13812865799997,13.243050117000053],[-16.141875133999974,13.244532036000066],[-16.14695809099993,13.24101240300007],[-16.150700666999967,13.241661626000052],[-16.150590932999933,13.25448386000005],[-16.146855178999942,13.255333265000047],[-16.139698744999976,13.251701979000075],[-16.13711391499993,13.262453839000045],[-16.13814548099998,13.264946983000073],[-16.140016168999978,13.26510514000006],[-16.14950754499995,13.259067936000065],[-16.16176558799998,13.26300875000004],[-16.17211896499998,13.25963106100005],[-16.177558525999927,13.259605997000051],[-16.18173041999995,13.261085325000067],[-16.182888333999927,13.263961487000074]]]}},{"type":"Feature","id":"gb:56634734B65915930660736","properties":{"id":"gb:56634734B65915930660736","name":"Foni Bondali","parentId":"gb:31243875B88426941804625","level":"ADM2","countryCode":"GM"},"geometry":{"type":"Polygon","coordinates":[[[-15.89953046599993,13.258082116000026],[-15.904437316999974,13.25691127500005],[-15.90953221899997,13.258652376000043],[-15.914014860999941,13.256730529000038],[-15.916291015999946,13.265078636000055],[-15.913605306999955,13.267287297000053],[-15.913917786999946,13.27080460700006],[-15.918881011999929,13.277237203000027],[-15.922028500999943,13.27839863500003],[-15.925019130999942,13.277654786000028],[-15.925146322999979,13.271716991000062],[-15.92738686499996,13.270536038000046],[-15.933070782999948,13.269635684000036],[-15.937418918999981,13.27167213100006],[-15.942655512999977,13.271213009000064],[-15.947634819999962,13.281603135000069],[-15.952740792999975,13.285982070000045],[-15.951420583999948,13.292877192000049],[-15.955805047999945,13.294491676000064],[-15.961225843999955,13.293188506000035],[-15.965697319999947,13.288407101000075],[-15.970766322999964,13.292785782000067],[-15.973029746999941,13.297358346000067],[-15.976342598999963,13.29881163500005],[-15.97161833299998,13.271800553000048],[-15.998834210999973,13.244882071000063],[-15.998767240999939,13.23725506900007],[-15.993211175999932,13.232419745000072],[-15.99867560499996,13.226814869000066],[-16.00126612699995,13.183591231000037],[-15.984478946999957,13.183490256000027],[-15.984069862999945,13.166173212000047],[-15.93059571799995,13.165873083000065],[-15.927170329999967,13.163831997000045],[-15.923058543999957,13.165900299000043],[-15.849647597999933,13.166115916000024],[-15.850247081999953,13.202487242000075],[-15.859308824999971,13.208841330000041],[-15.873543678999965,13.20755871700004],[-15.873959312999943,13.21775569600004],[-15.887083104999931,13.227670037000053],[-15.885997217999943,13.237752741000065],[-15.889189181999939,13.241040204000058],[-15.893353985999966,13.254586377000066],[-15.895974323999951,13.25494369200004],[-15.89953046599993,13.258082116000026]]]}},{"type":"Feature","id":"gb:56634734B27150312185582","properties":{"id":"gb:56634734B27150312185582","name":"Foni Brefet","parentId":"gb:31243875B88426941804625","level":"ADM2","countryCode":"GM"},"geometry":{"type":"Polygon","coordinates":[[[-16.361809732999973,13.265078101000029],[-16.361822134999954,13.267305023000063],[-16.366422736999937,13.269278437000025],[-16.36777905499997,13.268431753000073],[-16.379637009999954,13.261381605000054],[-16.38873244399997,13.246680027000025],[-16.39331765099996,13.245989025000029],[-16.40889452199997,13.250315785000055],[-16.41226979199996,13.246134604000076],[-16.411843534999946,13.231151882000063],[-16.409618862999935,13.228500148000023],[-16.40178882999993,13.226378701000044],[-16.401764094999976,13.222049792000064],[-16.40328217399997,13.220043442000076],[-16.40804536199994,13.220849763000047],[-16.407843901999968,13.215356325000073],[-16.411877465999964,13.207508532000077],[-16.414773056999934,13.208658047000029],[-16.41714541799996,13.207479413000044],[-16.41354423799993,13.201838289000023],[-16.418278258999976,13.197649581000064],[-16.421135258999982,13.192139214000065],[-16.416164359999982,13.184674187000041],[-16.41837329499998,13.184661972000072],[-16.419525272999977,13.178162052000062],[-16.423407290999933,13.173645007000061],[-16.42655260999993,13.166606836000028],[-16.288015798999936,13.165603584000053],[-16.285114654999973,13.18919322000005],[-16.27968926699998,13.196059556000023],[-16.276991806999945,13.202427159000024],[-16.28474656399993,13.221249344000057],[-16.311681741999962,13.23659774500004],[-16.315405701999964,13.23374797200006],[-16.31738126099998,13.237650703000043],[-16.316877638999927,13.238818846000072],[-16.313646560999928,13.238502477000054],[-16.313995414999965,13.240165752000053],[-16.31943245499997,13.239804698000057],[-16.31961587099994,13.242301351000037],[-16.314866681999945,13.244157432000065],[-16.31453389799998,13.24549120100005],[-16.317767754999977,13.24630705800007],[-16.32319861999997,13.244780400000025],[-16.323516963999964,13.240782597000077],[-16.324874869999974,13.24044254200004],[-16.32593520699993,13.247929815000077],[-16.328314761999934,13.247917440000037],[-16.32897295099997,13.243917870000075],[-16.33136965999995,13.247068991000049],[-16.333411079999962,13.24739134400005],[-16.335272549999956,13.245883061000029],[-16.33524532299998,13.240888033000033],[-16.339484375999973,13.239034267000022],[-16.342725496999947,13.241181813000026],[-16.34427525999996,13.244836770000063],[-16.34870167799994,13.246145456000022],[-16.34957628199993,13.250636460000067],[-16.354693759999975,13.253939426000045],[-16.361837139999977,13.25473390600007],[-16.364205589999926,13.252723204000063],[-16.367109940999967,13.255371711000066],[-16.36713784899996,13.260366669000064],[-16.361809732999973,13.265078101000029]]]}},{"type":"Feature","id":"gb:56634734B7386392108855","properties":{"id":"gb:56634734B7386392108855","name":"Foni Jarrol","parentId":"gb:31243875B88426941804625","level":"ADM2","countryCode":"GM"},"geometry":{"type":"Polygon","coordinates":[[[-15.849647597999933,13.166115916000024],[-15.801210310999977,13.165829388000077],[-15.802167077999968,13.241212499000028],[-15.810102850999954,13.242494545000056],[-15.809983741999929,13.251731047000021],[-15.805655706999971,13.255409882000038],[-15.80746324599994,13.258922688000041],[-15.81614515299998,13.259334865000028],[-15.819892616999937,13.261082099000078],[-15.825279025999976,13.260624909000057],[-15.829160333999937,13.257680230000062],[-15.829144938999946,13.253135542000052],[-15.83153897699998,13.252981145000035],[-15.83842727299998,13.254131434000044],[-15.84413200199998,13.259243757000036],[-15.848158639999951,13.255125491000058],[-15.850402506999956,13.254824812000038],[-15.85267241899993,13.262000811000064],[-15.85029564599995,13.267139875000055],[-15.852703599999927,13.27094352000006],[-15.859290040999952,13.271214599000075],[-15.861220238999977,13.266809987000045],[-15.868110058999946,13.26825264200005],[-15.869161370999961,13.269275279000055],[-15.866037322999944,13.274636924000049],[-15.868746501999965,13.278879181000036],[-15.875041155999952,13.281203271000038],[-15.877732650999974,13.280460993000077],[-15.879515009999977,13.276643180000065],[-15.878151641999978,13.272103206000054],[-15.879341076999935,13.269900066000048],[-15.888455295999961,13.265616986000055],[-15.89534734199998,13.267645297000058],[-15.897285452999938,13.265586054000039],[-15.896967848999964,13.260602704000064],[-15.89953046599993,13.258082116000026],[-15.895974323999951,13.25494369200004],[-15.893353985999966,13.254586377000066],[-15.889189181999939,13.241040204000058],[-15.885997217999943,13.237752741000065],[-15.887083104999931,13.227670037000053],[-15.873959312999943,13.21775569600004],[-15.873543678999965,13.20755871700004],[-15.859308824999971,13.208841330000041],[-15.850247081999953,13.202487242000075],[-15.849647597999933,13.166115916000024]]]}},{"type":"Feature","id":"gb:56634734B42615963496738","properties":{"id":"gb:56634734B42615963496738","name":"Foni Kansala","parentId":"gb:31243875B88426941804625","level":"ADM2","countryCode":"GM"},"geometry":{"type":"Polygon","coordinates":[[[-16.12125421899998,13.165530381000053],[-15.984069862999945,13.166173212000047],[-15.984478946999957,13.183490256000027],[-16.00126612699995,13.183591231000037],[-15.99867560499996,13.226814869000066],[-15.993211175999932,13.232419745000072],[-15.998767240999939,13.23725506900007],[-15.998834210999973,13.244882071000063],[-15.97161833299998,13.271800553000048],[-15.976342598999963,13.29881163500005],[-15.984064170999943,13.296216402000027],[-15.991181336999944,13.298021240000026],[-15.993797738999945,13.297278040000037],[-15.996573529999978,13.289754039000059],[-15.99955650399994,13.287176877000036],[-16.00518656299994,13.291369382000028],[-16.005767479999975,13.296131504000073],[-16.01157051599995,13.296841476000054],[-16.016603807999957,13.292423497000073],[-16.01789359399993,13.287653936000027],[-16.026105505999965,13.282856564000042],[-16.030941110999947,13.276056934000053],[-16.034304670999973,13.275127069000064],[-16.04534780299997,13.276364702000023],[-16.051699818999964,13.27432286100003],[-16.059699658999932,13.264028019000023],[-16.064186123999946,13.263276352000048],[-16.06774841699996,13.265093897000042],[-16.069445664999932,13.268201927000064],[-16.06910758799995,13.27644931900005],[-16.07061304399997,13.27845867600007],[-16.075859735999927,13.280360618000032],[-16.083900937999942,13.279593542000043],[-16.089865405999944,13.274620532000029],[-16.09134073599995,13.269849906000047],[-16.08905752299995,13.261247261000051],[-16.07649833499994,13.255436803000066],[-16.078356032999977,13.252497058000074],[-16.08320484199993,13.249549838000064],[-16.091993334999927,13.248407705000034],[-16.095926410999937,13.249490301000037],[-16.114701194999952,13.264618022000036],[-16.12485080099998,13.275018160000059],[-16.12636090199993,13.277943336000021],[-16.125058966999973,13.279598257000032],[-16.116455929999972,13.280185847000041],[-16.11086275699995,13.284424863000027],[-16.110700683999937,13.289922812000043],[-16.11408160899998,13.29283988800006],[-16.12082685799993,13.29500914700003],[-16.134865312999978,13.296412817000032],[-16.143087778999927,13.294360361000031],[-16.15482915499996,13.284778908000021],[-16.169722173999958,13.269410519000076],[-16.182888333999927,13.263961487000074],[-16.18173041999995,13.261085325000067],[-16.177558525999927,13.259605997000051],[-16.17211896499998,13.25963106100005],[-16.16176558799998,13.26300875000004],[-16.14950754499995,13.259067936000065],[-16.140016168999978,13.26510514000006],[-16.13814548099998,13.264946983000073],[-16.13711391499993,13.262453839000045],[-16.139698744999976,13.251701979000075],[-16.146855178999942,13.255333265000047],[-16.150590932999933,13.25448386000005],[-16.150700666999967,13.241661626000052],[-16.14695809099993,13.24101240300007],[-16.141875133999974,13.244532036000066],[-16.13812865799997,13.243050117000053],[-16.138270788999932,13.237054877000048],[-16.140474235999932,13.235712913000043],[-16.139575625999953,13.225226359000033],[-16.12886783999994,13.225273875000028],[-16.12735345799996,13.228610911000033],[-16.11987411399997,13.22847727900006],[-16.121370335999927,13.221143931000029],[-16.11659470899997,13.217501432000063],[-16.116909632999977,13.212004954000065],[-16.11521157599998,13.212345399000071],[-16.11367214699993,13.210187364000035],[-16.110097054999926,13.208870751000063],[-16.113638934999926,13.202860694000037],[-16.113089878999972,13.194204113000069],[-16.12125421899998,13.165530381000053]]]}},{"type":"Feature","id":"gb:56634734B27555440336226","properties":{"id":"gb:56634734B27555440336226","name":"Illiasa","parentId":"gb:31243875B21899311231896","level":"ADM2","countryCode":"GM"},"geometry":{"type":"Polygon","coordinates":[[[-15.816924203999974,13.460422262000066],[-15.816622964999965,13.459403162000058],[-15.803495254999973,13.458328485000038],[-15.796923117999938,13.455277748000071],[-15.788934708999932,13.455302927000048],[-15.787623562999954,13.45676818100003],[-15.735903422999968,13.466912660000048],[-15.726788415999977,13.471965581000063],[-15.724800394999932,13.47504301400005],[-15.706260307999969,13.490512170000045],[-15.688636909999957,13.497430328000064],[-15.680303053999978,13.502280066000026],[-15.67347571299996,13.503226765000022],[-15.653550863999953,13.501794253000071],[-15.640068269999972,13.497187650000058],[-15.635317460999943,13.494229243000063],[-15.622190286999967,13.480059466000057],[-15.612876751999977,13.473027427000034],[-15.608511302999943,13.47210975400003],[-15.59849879799998,13.488842904000023],[-15.595863531999953,13.497203721000062],[-15.589055023999947,13.50594566500007],[-15.578265190999957,13.516181911000047],[-15.563102477999962,13.523085767000055],[-15.581617424999934,13.568343570000025],[-15.581052168999975,13.590809233000073],[-15.770405240999935,13.593261686000062],[-15.872498491999977,13.59304852300005],[-15.860365933999958,13.56709274800005],[-15.854102410999928,13.54892217500003],[-15.851838503999943,13.539331185000037],[-15.851812123999935,13.531914081000025],[-15.850022261999982,13.530174944000066],[-15.843774848999942,13.528887165000071],[-15.84197893499993,13.525402758000041],[-15.844193100999973,13.521032234000074],[-15.842852339999979,13.520164137000052],[-15.842843138999967,13.517546325000069],[-15.837582680999958,13.51786938600003],[-15.837213783999971,13.514380158000051],[-15.835073528999942,13.514387301000056],[-15.835062594999954,13.511245920000022],[-15.832208956999978,13.511255412000025],[-15.834323705999964,13.503918402000068],[-15.836101096999982,13.502167248000035],[-15.84038260899996,13.50250198200007],[-15.841444119999949,13.500055099000065],[-15.836445630999947,13.498675633000062],[-15.83536343399993,13.495188772000063],[-15.830432188999964,13.492587289000028],[-15.828419395999958,13.488126134000026],[-15.829268662999937,13.486168664000047],[-15.821811797999942,13.475023640000074],[-15.817530072999944,13.474479132000056],[-15.816924203999974,13.460422262000066]]]}},{"type":"Feature","id":"gb:56634734B22755125769096","properties":{"id":"gb:56634734B22755125769096","name":"Janjanbureh","parentId":"gb:31243875B72482523363184","level":"ADM2","countryCode":"GM"},"geometry":{"type":"Polygon","coordinates":[[[-14.713123142999962,13.53255279700005],[-14.712067803999958,13.533987624000076],[-14.714342226999975,13.536218185000052],[-14.730740878999939,13.533117230000073],[-14.743035498999973,13.534615464000069],[-14.76640337699996,13.545184058000075],[-14.792060202999949,13.544761119000043],[-14.79737240399993,13.546250791000034],[-14.806389039999942,13.556283245000031],[-14.80222959699995,13.54729439700003],[-14.78372362999994,13.53019800900006],[-14.778716986999939,13.527074481000056],[-14.758200044999967,13.523342232000061],[-14.73681593699996,13.530524408000076],[-14.720877448999943,13.529764488000069],[-14.713123142999962,13.53255279700005]]]}},{"type":"Feature","id":"gb:56634734B6993374345684","properties":{"id":"gb:56634734B6993374345684","name":"Jarra central","parentId":"gb:31243875B75097494588605","level":"ADM2","countryCode":"GM"},"geometry":{"type":"Polygon","coordinates":[[[-15.345980207999958,13.43531764900007],[-15.353018972999962,13.434574815000076],[-15.387034630999949,13.44383478900005],[-15.40862164799995,13.454136873000039],[-15.430073106999942,13.471401353000033],[-15.440586819999965,13.486337541000069],[-15.448524925999948,13.494260273000066],[-15.448691814999961,13.494386818000066],[-15.449223336999978,13.458099482000023],[-15.484574821999956,13.457887250000056],[-15.483769970999958,13.390813988000048],[-15.478931930999977,13.383952720000025],[-15.46903115799995,13.38181810900005],[-15.464307018999932,13.382469018000052],[-15.43018374299993,13.36525359600006],[-15.399765308999974,13.35232813500005],[-15.36651399699997,13.345194307000042],[-15.345791370999962,13.34560057300007],[-15.345980207999958,13.43531764900007]]]}},{"type":"Feature","id":"gb:56634734B99377934241318","properties":{"id":"gb:56634734B99377934241318","name":"Jarra East","parentId":"gb:31243875B75097494588605","level":"ADM2","countryCode":"GM"},"geometry":{"type":"Polygon","coordinates":[[[-15.345791370999962,13.34560057300007],[-15.31621334099998,13.351419879000048],[-15.280891363999956,13.364363660000038],[-15.264429126999971,13.372885092000047],[-15.247819938999953,13.38529092300007],[-15.229718867999964,13.405540970000061],[-15.218354920999957,13.425857294000025],[-15.216117018999967,13.435682448000023],[-15.210885154999971,13.447855944000025],[-15.209424264999939,13.469468815000027],[-15.207803561999981,13.472333399000036],[-15.208419626999955,13.50886489800007],[-15.210627238999962,13.526878797000052],[-15.169430255999941,13.54363898500003],[-15.168621086999963,13.545999852000023],[-15.170499635999931,13.551399161000063],[-15.173725827999931,13.552510854000047],[-15.177216438999949,13.550874560000068],[-15.179192955999952,13.554734960000076],[-15.182382187999963,13.556069432000072],[-15.186783706999961,13.554432339000073],[-15.18906287699997,13.556807121000077],[-15.192402338999955,13.556061917000022],[-15.19528874599996,13.558287642000039],[-15.198628948999954,13.558433539000077],[-15.200904778999927,13.556649348000064],[-15.202880085999936,13.55857865400003],[-15.20409364699998,13.55738941800007],[-15.206371732999969,13.558278732000076],[-15.211680889999968,13.553075711000076],[-15.207730774999959,13.549811345000023],[-15.204087056999981,13.549665816000072],[-15.204234055999962,13.544021518000022],[-15.20969735899996,13.541789032000054],[-15.215308495999977,13.535248900000056],[-15.221078256999931,13.536432116000071],[-15.220174785999973,13.544453583000063],[-15.222605447999968,13.546233802000074],[-15.226701890999948,13.543556565000074],[-15.22943450899993,13.543554073000053],[-15.232321533999936,13.546224962000053],[-15.237180456999965,13.54711158400005],[-15.238848041999972,13.544733505000067],[-15.238237390999927,13.541317881000055],[-15.242486883999959,13.540125551000074],[-15.245519575999936,13.536706386000048],[-15.245059442999946,13.532102383000051],[-15.24262786099996,13.529431198000054],[-15.245507704999966,13.525120994000076],[-15.25142729099997,13.524520997000025],[-15.256280119999929,13.520060153000031],[-15.25597335599997,13.517089850000048],[-15.262199386999953,13.51931137300005],[-15.262504767999928,13.520944891000056],[-15.259317825999972,13.52169086500004],[-15.256740123999975,13.524367075000043],[-15.257047703999945,13.528080028000034],[-15.26540207599993,13.532824289000075],[-15.270409288999929,13.530739502000074],[-15.26903905499995,13.527176244000032],[-15.275103434999949,13.520485777000033],[-15.279811392999932,13.522411459000068],[-15.283146039999963,13.51824885600007],[-15.287850894999963,13.517575106000038],[-15.291647393999938,13.51890749000006],[-15.297105232999968,13.51340545000005],[-15.295278973999928,13.50954581600007],[-15.298617424999975,13.508799208000028],[-15.299826543999927,13.504638911000029],[-15.30251532099993,13.504912604000026],[-15.300021787999981,13.497261993000052],[-15.299712599999964,13.487423642000067],[-15.303623229999971,13.46073651200004],[-15.306761940999934,13.455161370000042],[-15.315290570999935,13.447673512000051],[-15.345980207999958,13.43531764900007],[-15.345791370999962,13.34560057300007]]]}},{"type":"Feature","id":"gb:56634734B83949040016571","properties":{"id":"gb:56634734B83949040016571","name":"Jarra West","parentId":"gb:31243875B75097494588605","level":"ADM2","countryCode":"GM"},"geometry":{"type":"Polygon","coordinates":[[[-15.448691814999961,13.494386818000066],[-15.460832037999978,13.496930510000027],[-15.48149056899996,13.48860819600003],[-15.488229234999949,13.487129071000027],[-15.496319752999966,13.487406426000064],[-15.50441520399994,13.490029277000076],[-15.51731598699996,13.49777335500005],[-15.53052663099993,13.509767761000035],[-15.535326634999933,13.512249917000076],[-15.546719220999933,13.514717679000057],[-15.571288698999979,13.513636602000076],[-15.57904949999994,13.501083750000078],[-15.583772884999973,13.471897657000056],[-15.586302548999981,13.464927845000034],[-15.590778840999974,13.45773353100003],[-15.601071004999937,13.450457763000031],[-15.601098112999978,13.390928656000028],[-15.567328617999976,13.358752439000057],[-15.549833882999962,13.369347013000038],[-15.536735108999949,13.37953361700005],[-15.530727733999981,13.381406061000064],[-15.527288324999972,13.386946615000056],[-15.516647871999965,13.395733691000032],[-15.483769970999958,13.390813988000048],[-15.484574821999956,13.457887250000056],[-15.449223336999978,13.458099482000023],[-15.448691814999961,13.494386818000066]]]}},{"type":"Feature","id":"gb:56634734B33214654746760","properties":{"id":"gb:56634734B33214654746760","name":"Jeshwang","parentId":"gb:31243875B42421745591684","level":"ADM2","countryCode":"GM"},"geometry":{"type":"Polygon","coordinates":[[[-16.688794515999973,13.464204347000077],[-16.675624735999975,13.445104807000064],[-16.67667023499996,13.438944976000073],[-16.675805577999938,13.433552141000064],[-16.67210197199995,13.435030422000068],[-16.665485411999953,13.434924427000055],[-16.661070421999966,13.432412457000055],[-16.658508603999962,13.43521370700006],[-16.656789119999928,13.435080733000063],[-16.655371078999963,13.441558142000076],[-16.657346692999965,13.445188834000021],[-16.661091712999962,13.446609717000058],[-16.654526156999964,13.450005365000038],[-16.654294077999964,13.451604179000071],[-16.651513404999946,13.451180644000033],[-16.65157073699993,13.449413055000036],[-16.649516159999962,13.451074801000061],[-16.650057962999938,13.449066137000045],[-16.648797806999937,13.447579063000035],[-16.646803078999937,13.450378890000025],[-16.645264707999956,13.448825646000046],[-16.64335833399997,13.449313893000067],[-16.64062572199998,13.45359241400007],[-16.633997436999948,13.453847965000023],[-16.631737554999972,13.456623931000024],[-16.628905996999947,13.467874749000032],[-16.639980866999963,13.469263097000066],[-16.656921808999982,13.464043952000054],[-16.66361110799994,13.465987535000068],[-16.66977227899997,13.465661810000029],[-16.674903821999976,13.460827356000038],[-16.67341782799997,13.45935042900004],[-16.67573851999998,13.457237571000064],[-16.680240467999965,13.46241662400007],[-16.678235102999963,13.464308967000022],[-16.68159504099998,13.467866513000047],[-16.688794515999973,13.464204347000077]]]}},{"type":"Feature","id":"gb:56634734B42913132832661","properties":{"id":"gb:56634734B42913132832661","name":"Jimara","parentId":"gb:31243875B74768451122912","level":"ADM2","countryCode":"GM"},"geometry":{"type":"Polygon","coordinates":[[[-14.30719755299998,13.32813945600003],[-14.347855971999934,13.323706465000043],[-14.359296430999962,13.326676246000034],[-14.370349183999963,13.332777899000064],[-14.373905700999956,13.336462520000055],[-14.379499221999936,13.350995758000067],[-14.38209378099998,13.36405125400006],[-14.386016108999968,13.37178001500007],[-14.404979733999937,13.369987407000053],[-14.419045897999979,13.37516626100006],[-14.42494701399994,13.380234023000071],[-14.427913667999974,13.395863060000067],[-14.43784179499994,13.405258740000022],[-14.442904465999959,13.408026844000062],[-14.453228715999956,13.408784590000039],[-14.465456084999971,13.397967014000074],[-14.475620533999972,13.385674183000049],[-14.478624962999959,13.385312811000063],[-14.48218628199993,13.38789323800006],[-14.484039295999935,13.39929221400007],[-14.488714498999968,13.407940007000036],[-14.504459108999981,13.420653165000033],[-14.50484290399993,13.416610461000062],[-14.50358058699993,13.414286279000066],[-14.503609688999973,13.414131363000024],[-14.503881968999963,13.412986851000028],[-14.504602472999977,13.412016600000072],[-14.500829564999947,13.405299252000077],[-14.50047683799994,13.394270935000065],[-14.497674539999934,13.387648804000037],[-14.498054391999972,13.385199421000038],[-14.505572021999967,13.381038903000047],[-14.509891177999975,13.380312134000064],[-14.511015297999961,13.381417075000059],[-14.516461161999928,13.380508576000068],[-14.520937849999939,13.381796183000063],[-14.522126527999944,13.380528237000021],[-14.52378314699996,13.380154882000056],[-14.52781569299998,13.384287989000029],[-14.526228898999932,13.377779038000028],[-14.526540077999982,13.362616556000035],[-14.546138569999982,13.321666033000042],[-14.531802090999975,13.310704163000025],[-14.500303934999977,13.295756776000076],[-14.486423008999964,13.292972207000048],[-14.462775548999957,13.294209931000069],[-14.422420239999951,13.258373711000047],[-14.396755169999949,13.242140519000031],[-14.346031171999982,13.234195606000071],[-14.321834081999953,13.232662190000042],[-14.306661410999936,13.233702894000032],[-14.281478338999932,13.239719663000074],[-14.274903360999929,13.242641702000071],[-14.266839438999966,13.241515940000056],[-14.252653313999929,13.232689189000041],[-14.247606204999954,13.273071474000062],[-14.247758187999978,13.284650530000022],[-14.294334740999943,13.318777382000064],[-14.299469124999973,13.317003998000075],[-14.300404809999975,13.319604344000027],[-14.29890097599997,13.322101025000052],[-14.30719755299998,13.32813945600003]]]}},{"type":"Feature","id":"gb:56634734B78170872061000","properties":{"id":"gb:56634734B78170872061000","name":"Jokadu","parentId":"gb:31243875B21899311231896","level":"ADM2","countryCode":"GM"},"geometry":{"type":"Polygon","coordinates":[[[-16.20802800799993,13.415567915000054],[-16.185443920999944,13.43140028700003],[-16.181098949999978,13.438836568000056],[-16.145936293999966,13.454009628000051],[-16.13831553899996,13.464051307000034],[-16.130489332999957,13.469358219000071],[-16.130716421999978,13.478828196000052],[-16.13789415699995,13.490768513000035],[-16.13681969099997,13.495240821000039],[-16.13463941499998,13.497573759000034],[-16.130268644999944,13.500095262000059],[-16.120416964999947,13.50210515200007],[-16.108712560999948,13.498404502000028],[-16.103969674999973,13.499497618000078],[-16.094332909999935,13.508653537000043],[-16.089983794999966,13.516088529000058],[-16.088202173999946,13.525924761000056],[-16.091134834999934,13.528235090000067],[-16.09897488499996,13.525341603000072],[-16.10463885599995,13.525852772000064],[-16.10740306799994,13.531201518000046],[-16.10614196499995,13.534959767000032],[-16.099053597999955,13.542496362000065],[-16.102940153999953,13.553558562000035],[-16.102088279999975,13.566875357000072],[-16.098274583999967,13.571717025000055],[-16.09516928299996,13.571730672000058],[-16.091684764999968,13.568708058000027],[-16.089470809999966,13.563892857000042],[-16.08710355599993,13.565511468000068],[-16.085298055999942,13.570165503000055],[-16.084961954999926,13.576600136000025],[-16.09028466099994,13.582116595000059],[-16.09214411199997,13.589256405000071],[-16.09105866899995,13.591584240000032],[-16.088142305999952,13.59302658100006],[-16.12358399599998,13.593226694000066],[-16.132924447999926,13.602278922000039],[-16.138180811999973,13.603860417000021],[-16.148836719999963,13.602046322000035],[-16.152995244999943,13.59309234500006],[-16.309103491999963,13.593394619000037],[-16.296699544999967,13.572101719000045],[-16.29558949899996,13.542918308000026],[-16.297987370999977,13.532873175000077],[-16.280345790999945,13.52939365900005],[-16.267025816999933,13.531605721000062],[-16.256237926999972,13.529158453000036],[-16.254233763999935,13.530061955000065],[-16.25111145099993,13.526682467000057],[-16.24766120299995,13.530452190000062],[-16.24565234599993,13.530462197000077],[-16.24343397299998,13.525291196000069],[-16.240319264999982,13.523341046000041],[-16.237554159999945,13.51835137300003],[-16.231892175999974,13.518200594000064],[-16.23314751399994,13.513727126000049],[-16.230590949999964,13.513739697000062],[-16.230058691999943,13.516780071000028],[-16.22768287799994,13.51643434400006],[-16.22566225199995,13.514121242000044],[-16.22416032899997,13.50608743500004],[-16.22707837599995,13.505358399000045],[-16.229653163999956,13.508919621000075],[-16.231097530999932,13.50569607600005],[-16.226682124999968,13.49928480400007],[-16.225059681999937,13.503402657000038],[-16.220854326999927,13.502351016000034],[-16.21880805099994,13.494945224000048],[-16.22041150499996,13.487074949000032],[-16.226052719999927,13.483294915000045],[-16.22567661399995,13.481152440000074],[-16.230754312999977,13.474337297000034],[-16.232178373999943,13.467182625000078],[-16.230138997999973,13.461117070000057],[-16.236126729999967,13.453850670000065],[-16.23898901399997,13.44240029100007],[-16.238966071999982,13.437933096000052],[-16.23361904199993,13.42759516700005],[-16.235244592999948,13.424192044000051],[-16.239795338999954,13.42166800900003],[-16.244360708999977,13.422002903000077],[-16.244343223999977,13.418607837000025],[-16.24178033499993,13.41719093000006],[-16.232494585999973,13.42188249700007],[-16.22756413099995,13.421549164000055],[-16.20802800799993,13.415567915000054]]]}},{"type":"Feature","id":"gb:56634734B33233148834926","properties":{"id":"gb:56634734B33233148834926","name":"Kantora","parentId":"gb:31243875B74768451122912","level":"ADM2","countryCode":"GM"},"geometry":{"type":"Polygon","coordinates":[[[-13.94440670299997,13.318719435000048],[-13.91024687199996,13.31890906600006],[-13.893176450999931,13.316588248000073],[-13.888317938999933,13.319812672000069],[-13.879271794999966,13.318899080000051],[-13.851801605999981,13.325190537000026],[-13.828406083999937,13.340231877000065],[-13.823623527999928,13.345765421000067],[-13.821866016999934,13.352076563000026],[-13.797112759999948,13.384281636000026],[-13.791117503999942,13.430903737000051],[-13.793818323999972,13.444911870000055],[-13.813329013999976,13.444353660000047],[-13.816637121999975,13.447840932000076],[-13.817726367999967,13.451751713000021],[-13.819500897999944,13.451543063000031],[-13.821733639999934,13.448298807000072],[-13.825279472999966,13.448532365000062],[-13.82703180599998,13.452880175000075],[-13.827002230999938,13.458955526000068],[-13.829866293999942,13.462657561000071],[-13.82671498999997,13.472407043000032],[-13.823596296999938,13.475430197000037],[-13.813613141999951,13.476685129000032],[-13.81360351099994,13.478637908000053],[-13.814477508999971,13.481245800000067],[-13.823551721999934,13.484543195000072],[-13.83127690899994,13.491739668000037],[-13.830789109999955,13.500850612000022],[-13.83454166599995,13.50433978500007],[-13.854907031999971,13.511594065000054],[-13.870019207999974,13.504502202000026],[-13.886896350999962,13.499153078000063],[-13.890688852999972,13.494179218000056],[-13.888866852999968,13.480609567000045],[-13.887109191999969,13.477130016000046],[-13.869693818999963,13.45578776900004],[-13.868601661999946,13.452311104000046],[-13.869731464999973,13.447759503000043],[-13.87330375099998,13.442350893000025],[-13.881302321999954,13.438480818000073],[-13.884188062999954,13.41364870800004],[-13.887097522999966,13.407585937000022],[-13.898405558999968,13.406767599000034],[-13.906845764999957,13.40896125200004],[-13.921076773999971,13.42038228000007],[-13.928023975999963,13.43539185700007],[-13.93386665199995,13.45520267300003],[-13.94603189399993,13.473229919000062],[-13.95137868699993,13.475624125000024],[-13.977252380999971,13.46530714000005],[-14.001675632999934,13.450549930000022],[-14.00283589199995,13.447558483000023],[-14.001156241999979,13.437377742000024],[-13.995626792999929,13.417631777000054],[-13.997564488999956,13.41164738200007],[-14.033627861999946,13.387951416000021],[-14.022849856999926,13.38696653200003],[-14.02207220899993,13.390084439000077],[-14.019384903999935,13.392445917000032],[-14.015936024999974,13.393930542000021],[-14.014793501999975,13.392677726000045],[-14.009166685999958,13.396650476000048],[-14.003679536999982,13.397627578000026],[-14.000602731999948,13.401610164000033],[-13.994103111999948,13.400710505000063],[-13.991440400999977,13.397079656000074],[-13.987492225999972,13.395940342000074],[-13.985854446999952,13.391190031000065],[-13.987895108999965,13.391073377000055],[-13.987527194999927,13.387576513000056],[-13.985618771999953,13.386570177000067],[-13.986274582999954,13.382203571000048],[-13.983859332999941,13.380446180000035],[-13.981925753999974,13.370264324000061],[-13.974439805999964,13.361620469000059],[-13.97087424199998,13.360607320000042],[-13.966051870999934,13.355344607000063],[-13.964413139999976,13.350968691000048],[-13.95679180899998,13.344446022000056],[-13.953121677999945,13.33818916000007],[-13.945616622999978,13.334413035000068],[-13.942964545999928,13.328659617000028],[-13.94440670299997,13.318719435000048]]]}},{"type":"Feature","id":"gb:56634734B95834842597723","properties":{"id":"gb:56634734B95834842597723","name":"Kiang Central","parentId":"gb:31243875B75097494588605","level":"ADM2","countryCode":"GM"},"geometry":{"type":"Polygon","coordinates":[[[-15.687225030999969,13.364875882000035],[-15.687128970999936,13.469583804000024],[-15.69190309399994,13.462826819000043],[-15.697882903999982,13.458705321000025],[-15.71255556999995,13.456391792000034],[-15.73305953199997,13.450761878000037],[-15.738153524999973,13.451186802000052],[-15.75730740199998,13.445265706000043],[-15.788597071999959,13.440844826000045],[-15.800730831999942,13.441392948000043],[-15.802073938999968,13.439922642000056],[-15.806264686999953,13.439029641000047],[-15.809712929999932,13.440044799000077],[-15.81030562799998,13.438137054000038],[-15.814048967999952,13.437831777000042],[-15.824261681999928,13.440725901000064],[-15.823876692999931,13.421013820000042],[-15.826098068999954,13.413676417000033],[-15.82690157099995,13.341911560000028],[-15.803387179999959,13.342723679000073],[-15.793682823999973,13.34744209300004],[-15.770472783999935,13.346340871000052],[-15.737695998999982,13.350250149000033],[-15.71615118099993,13.355443193000042],[-15.687225030999969,13.364875882000035]]]}},{"type":"Feature","id":"gb:56634734B11412565261125","properties":{"id":"gb:56634734B11412565261125","name":"Kiang East","parentId":"gb:31243875B75097494588605","level":"ADM2","countryCode":"GM"},"geometry":{"type":"Polygon","coordinates":[[[-15.601071004999937,13.450457763000031],[-15.607232716999931,13.448458007000056],[-15.616368545999933,13.447995974000037],[-15.629411941999933,13.452581849000069],[-15.646083225999973,13.469252850000032],[-15.667405749999944,13.48766958300007],[-15.67428790799994,13.484425848000058],[-15.681162399999948,13.478543038000055],[-15.687128970999936,13.469583804000024],[-15.687225030999969,13.364875882000035],[-15.669436209999958,13.355424350000021],[-15.648751151999932,13.346974867000029],[-15.631079702999955,13.345406781000065],[-15.592011081999942,13.349166289000038],[-15.567328617999976,13.358752439000057],[-15.601098112999978,13.390928656000028],[-15.601071004999937,13.450457763000031]]]}},{"type":"Feature","id":"gb:56634734B57370738255875","properties":{"id":"gb:56634734B57370738255875","name":"Kiang West","parentId":"gb:31243875B75097494588605","level":"ADM2","countryCode":"GM"},"geometry":{"type":"Polygon","coordinates":[[[-16.182888333999927,13.263961487000074],[-16.169722173999958,13.269410519000076],[-16.15482915499996,13.284778908000021],[-16.143087778999927,13.294360361000031],[-16.134865312999978,13.296412817000032],[-16.12082685799993,13.29500914700003],[-16.11408160899998,13.29283988800006],[-16.110700683999937,13.289922812000043],[-16.11086275699995,13.284424863000027],[-16.116455929999972,13.280185847000041],[-16.125058966999973,13.279598257000032],[-16.12636090199993,13.277943336000021],[-16.12485080099998,13.275018160000059],[-16.114701194999952,13.264618022000036],[-16.095926410999937,13.249490301000037],[-16.091993334999927,13.248407705000034],[-16.08320484199993,13.249549838000064],[-16.078356032999977,13.252497058000074],[-16.07649833499994,13.255436803000066],[-16.08905752299995,13.261247261000051],[-16.09134073599995,13.269849906000047],[-16.089865405999944,13.274620532000029],[-16.083900937999942,13.279593542000043],[-16.075859735999927,13.280360618000032],[-16.07061304399997,13.27845867600007],[-16.06910758799995,13.27644931900005],[-16.069445664999932,13.268201927000064],[-16.06774841699996,13.265093897000042],[-16.064186123999946,13.263276352000048],[-16.059699658999932,13.264028019000023],[-16.051699818999964,13.27432286100003],[-16.04534780299997,13.276364702000023],[-16.034304670999973,13.275127069000064],[-16.030941110999947,13.276056934000053],[-16.026105505999965,13.282856564000042],[-16.01789359399993,13.287653936000027],[-16.016603807999957,13.292423497000073],[-16.01157051599995,13.296841476000054],[-16.005767479999975,13.296131504000073],[-16.00518656299994,13.291369382000028],[-15.99955650399994,13.287176877000036],[-15.996573529999978,13.289754039000059],[-15.993797738999945,13.297278040000037],[-15.991181336999944,13.298021240000026],[-15.984064170999943,13.296216402000027],[-15.976342598999963,13.29881163500005],[-15.973029746999941,13.297358346000067],[-15.970766322999964,13.292785782000067],[-15.965697319999947,13.288407101000075],[-15.961225843999955,13.293188506000035],[-15.955805047999945,13.294491676000064],[-15.951420583999948,13.292877192000049],[-15.952740792999975,13.285982070000045],[-15.947634819999962,13.281603135000069],[-15.942655512999977,13.271213009000064],[-15.937418918999981,13.27167213100006],[-15.933070782999948,13.269635684000036],[-15.92738686499996,13.270536038000046],[-15.925146322999979,13.271716991000062],[-15.925019130999942,13.277654786000028],[-15.922028500999943,13.27839863500003],[-15.918881011999929,13.277237203000027],[-15.913917786999946,13.27080460700006],[-15.913605306999955,13.267287297000053],[-15.916291015999946,13.265078636000055],[-15.914014860999941,13.256730529000038],[-15.90953221899997,13.258652376000043],[-15.904437316999974,13.25691127500005],[-15.89953046599993,13.258082116000026],[-15.896967848999964,13.260602704000064],[-15.897285452999938,13.265586054000039],[-15.89534734199998,13.267645297000058],[-15.888455295999961,13.265616986000055],[-15.879341076999935,13.269900066000048],[-15.878151641999978,13.272103206000054],[-15.879515009999977,13.276643180000065],[-15.877732650999974,13.280460993000077],[-15.875041155999952,13.281203271000038],[-15.868746501999965,13.278879181000036],[-15.866037322999944,13.274636924000049],[-15.869161370999961,13.269275279000055],[-15.868110058999946,13.26825264200005],[-15.861220238999977,13.266809987000045],[-15.859290040999952,13.271214599000075],[-15.852703599999927,13.27094352000006],[-15.85029564599995,13.267139875000055],[-15.85267241899993,13.262000811000064],[-15.850402506999956,13.254824812000038],[-15.848158639999951,13.255125491000058],[-15.84413200199998,13.259243757000036],[-15.83842727299998,13.254131434000044],[-15.83153897699998,13.252981145000035],[-15.829144938999946,13.253135542000052],[-15.829160333999937,13.257680230000062],[-15.825279025999976,13.260624909000057],[-15.819892616999937,13.261082099000078],[-15.81614515299998,13.259334865000028],[-15.80746324599994,13.258922688000041],[-15.805655706999971,13.255409882000038],[-15.809983741999929,13.251731047000021],[-15.810102850999954,13.242494545000056],[-15.802167077999968,13.241212499000028],[-15.803387179999959,13.342723679000073],[-15.82690157099995,13.341911560000028],[-15.826098068999954,13.413676417000033],[-15.823876692999931,13.421013820000042],[-15.824261681999928,13.440725901000064],[-15.836537456999963,13.444281881000052],[-15.845240386999933,13.448797467000077],[-15.862917357999947,13.449617084000067],[-15.867245373999936,13.445277478000037],[-15.86768098899995,13.441464352000025],[-15.872762663999936,13.438514773000065],[-15.876956250999967,13.438500206000072],[-15.879035421999959,13.433655135000038],[-15.881724815999974,13.431886530000043],[-15.885167295999963,13.431288058000064],[-15.894309531999966,13.433014979000063],[-15.903736592999962,13.430782342000043],[-15.905969867999943,13.427255928000022],[-15.90970841099994,13.425776466000059],[-15.914799192999965,13.425464843000043],[-15.925142248999975,13.427919280000026],[-15.93756253999993,13.425307906000057],[-15.940232908999974,13.428413179000074],[-15.946773853999957,13.425548349000053],[-15.962862780999956,13.422921947000077],[-16.026692023999942,13.421662256000047],[-16.033044805999964,13.41888765300007],[-16.038473306999947,13.418865357000072],[-16.04163657299995,13.414454473000035],[-16.04649388499996,13.41223545300005],[-16.07230808399993,13.40827898300006],[-16.126095031999967,13.42242894900005],[-16.146929258999933,13.434245459000067],[-16.15081842099994,13.425432341000032],[-16.171663455999976,13.400599434000071],[-16.18826280199994,13.388611562000051],[-16.19682628199996,13.379317781000054],[-16.208012277999956,13.370652569000072],[-16.213018370999976,13.361283669000045],[-16.21595929199998,13.350641974000041],[-16.223197226999957,13.338696927000058],[-16.223921252999958,13.333837732000063],[-16.221261218999928,13.325788244000023],[-16.211483378999958,13.316123649000076],[-16.202058815999976,13.302059277000069],[-16.204581279999957,13.282441105000032],[-16.20956514599993,13.268858028000068],[-16.20761672499998,13.253108969000039],[-16.203670630999966,13.249462890000075],[-16.192311519999976,13.25996073500005],[-16.182888333999927,13.263961487000074]]]}},{"type":"Feature","id":"gb:56634734B211008456047","properties":{"id":"gb:56634734B211008456047","name":"Kombo Central","parentId":"gb:31243875B88426941804625","level":"ADM2","countryCode":"GM"},"geometry":{"type":"Polygon","coordinates":[[[-16.58434670099996,13.333825653000076],[-16.602678039999944,13.333440256000074],[-16.612277648999964,13.330859149000048],[-16.609382256999936,13.336224698000024],[-16.61049527399996,13.338669032000041],[-16.615700784999945,13.338317183000072],[-16.618574123999963,13.333053118000066],[-16.617685369999947,13.327330716000063],[-16.620757391999973,13.322568011000044],[-16.622459826999943,13.323900792000074],[-16.631233505999944,13.31932822400006],[-16.634298050999973,13.320253635000029],[-16.642023107999933,13.326650916000062],[-16.647370615999932,13.32455882000005],[-16.657541702999936,13.324260995000031],[-16.659933603999946,13.32541511100004],[-16.659820597999953,13.323598688000061],[-16.65937391999995,13.316150238000034],[-16.655981812999983,13.304734214000064],[-16.66272927899996,13.305101722000074],[-16.66210880799997,13.299749530000042],[-16.680303015999982,13.288659109000037],[-16.694049604999975,13.286846041000047],[-16.69384761899994,13.276907147000031],[-16.70107412799996,13.276096821000067],[-16.732787319999943,13.254902075000075],[-16.73868760199997,13.234725397000034],[-16.730418782999948,13.237638817000061],[-16.722929944999976,13.236369332000038],[-16.721221800999956,13.235079853000059],[-16.722823140999935,13.231861508000065],[-16.71611919199995,13.225245076000022],[-16.705242918999943,13.220467815000063],[-16.69386812299996,13.223327082000026],[-16.67866022299995,13.223285695000072],[-16.678916597999944,13.204848514000048],[-16.674108220999926,13.200747272000058],[-16.675730230999932,13.168284119000077],[-16.663135471999965,13.167937875000064],[-16.65588293099995,13.163795211000036],[-16.64625195499997,13.167578949000074],[-16.602366625999935,13.16708397800005],[-16.60351505999995,13.254175587000077],[-16.614764321999928,13.258818389000055],[-16.617972858999963,13.271985421000068],[-16.62041654799998,13.273501299000031],[-16.613608890999956,13.276395526000044],[-16.614495466999927,13.277537898000048],[-16.604184225999973,13.280611910000061],[-16.603095846999963,13.286979256000052],[-16.604805790999933,13.28869988100007],[-16.601419589999978,13.29554956800007],[-16.59224248299995,13.306135913000048],[-16.59108565699995,13.314091746000031],[-16.586245694999945,13.314871216000029],[-16.585993551999934,13.328358317000038],[-16.58434670099996,13.333825653000076]]]}},{"type":"Feature","id":"gb:56634734B25207283407562","properties":{"id":"gb:56634734B25207283407562","name":"Kombo East","parentId":"gb:31243875B88426941804625","level":"ADM2","countryCode":"GM"},"geometry":{"type":"Polygon","coordinates":[[[-16.36777905499997,13.268431753000073],[-16.37433008299996,13.269818668000028],[-16.377065708999964,13.272634444000062],[-16.377270413999952,13.278793935000067],[-16.38297861199993,13.28117727800003],[-16.414886833999958,13.272510430000068],[-16.426448291999975,13.272945450000066],[-16.42677658599996,13.270945617000052],[-16.430343178999976,13.270426120000025],[-16.440041621999967,13.272036472000025],[-16.448704500999952,13.27098836500005],[-16.459126665999975,13.27991974300005],[-16.482199874999935,13.28652954000006],[-16.506861752999953,13.288715620000062],[-16.515208488999974,13.29149643900007],[-16.52413421999995,13.291692857000044],[-16.52871439699993,13.290166942000042],[-16.542673969999953,13.293412508000074],[-16.54421752199994,13.29556752800005],[-16.550852221999946,13.296359608000046],[-16.556480845999943,13.299322047000032],[-16.56060634599993,13.306455829000072],[-16.567461640999966,13.312349679000022],[-16.569448291999947,13.31997025000004],[-16.571323663999976,13.320791095000061],[-16.575119695999945,13.32942498400007],[-16.579109003999974,13.333619132000024],[-16.58434670099996,13.333825653000076],[-16.585993551999934,13.328358317000038],[-16.586245694999945,13.314871216000029],[-16.59108565699995,13.314091746000031],[-16.59224248299995,13.306135913000048],[-16.601419589999978,13.29554956800007],[-16.604805790999933,13.28869988100007],[-16.603095846999963,13.286979256000052],[-16.604184225999973,13.280611910000061],[-16.614495466999927,13.277537898000048],[-16.613608890999956,13.276395526000044],[-16.62041654799998,13.273501299000031],[-16.617972858999963,13.271985421000068],[-16.614764321999928,13.258818389000055],[-16.60351505999995,13.254175587000077],[-16.602366625999935,13.16708397800005],[-16.42655260999993,13.166606836000028],[-16.423407290999933,13.173645007000061],[-16.419525272999977,13.178162052000062],[-16.41837329499998,13.184661972000072],[-16.416164359999982,13.184674187000041],[-16.421135258999982,13.192139214000065],[-16.418278258999976,13.197649581000064],[-16.41354423799993,13.201838289000023],[-16.41714541799996,13.207479413000044],[-16.414773056999934,13.208658047000029],[-16.411877465999964,13.207508532000077],[-16.407843901999968,13.215356325000073],[-16.40804536199994,13.220849763000047],[-16.40328217399997,13.220043442000076],[-16.401764094999976,13.222049792000064],[-16.40178882999993,13.226378701000044],[-16.409618862999935,13.228500148000023],[-16.411843534999946,13.231151882000063],[-16.41226979199996,13.246134604000076],[-16.40889452199997,13.250315785000055],[-16.39331765099996,13.245989025000029],[-16.38873244399997,13.246680027000025],[-16.379637009999954,13.261381605000054],[-16.36777905499997,13.268431753000073]]]}},{"type":"Feature","id":"gb:56634734B65078205245432","properties":{"id":"gb:56634734B65078205245432","name":"Kombo North","parentId":"gb:31243875B88426941804625","level":"ADM2","countryCode":"GM"},"geometry":{"type":"Polygon","coordinates":[[[-16.58434670099996,13.333825653000076],[-16.579109003999974,13.333619132000024],[-16.57794635299996,13.341316081000059],[-16.57496350599996,13.344083481000041],[-16.572011259999954,13.351590066000028],[-16.571469718999936,13.357659861000059],[-16.57373549899995,13.363712215000021],[-16.584133018999978,13.378511764000052],[-16.585648968999976,13.38595663600006],[-16.613009077999948,13.379629822000027],[-16.617747599999973,13.38256960800004],[-16.615703748999977,13.385300384000061],[-16.622456847999956,13.387043036000023],[-16.621211569999957,13.390584033000039],[-16.62353275099997,13.393733299000075],[-16.62098974999998,13.398913254000036],[-16.622157209999955,13.401506977000054],[-16.625171741999964,13.401584649000029],[-16.62694165599993,13.39939909900005],[-16.62968627899994,13.40062376700007],[-16.632770541999946,13.39928382200003],[-16.635280248999948,13.403870733000076],[-16.63544791299995,13.403719522000074],[-16.635678435999978,13.403793090000022],[-16.636389147999978,13.404576636000058],[-16.63659570599998,13.404507742000021],[-16.636709241999938,13.404289324000047],[-16.63675178999995,13.403778626000076],[-16.637088535999965,13.403686367000034],[-16.637333377999937,13.403609716000062],[-16.637592740999935,13.403412873000036],[-16.63774455999993,13.403186701000038],[-16.637942278999958,13.40294522000005],[-16.638127458999975,13.40311666100007],[-16.638160008999932,13.403394179000031],[-16.638513511999975,13.403511985000023],[-16.63869731899996,13.403480767000076],[-16.63978831999998,13.40321847000007],[-16.639899569999955,13.403354236000041],[-16.640033045999928,13.403517129000022],[-16.640121299999976,13.403516555000067],[-16.640337690999957,13.403410927000039],[-16.640884530999926,13.40282116000003],[-16.640733490999935,13.401599113000032],[-16.64153469599995,13.401866948000077],[-16.64187605899997,13.402160050000077],[-16.64241198999997,13.402012359000025],[-16.64257631199996,13.401789044000054],[-16.64295033299993,13.401002943000037],[-16.64334193299993,13.400945573000058],[-16.643089370999974,13.400632416000064],[-16.64505513699993,13.399678958000038],[-16.644752488999927,13.39459411300004],[-16.659484799999973,13.384473644000025],[-16.664955951999957,13.396130872000072],[-16.665666145999978,13.404223708000075],[-16.66857439299997,13.404524707000064],[-16.671360824999965,13.408846164000067],[-16.673142878999954,13.40832559000006],[-16.68432205099998,13.416616633000046],[-16.684806048999974,13.417952768000077],[-16.689557014999934,13.418751158000077],[-16.690844294999977,13.425339951000069],[-16.691982596999935,13.425683218000074],[-16.697638095999935,13.428340938000076],[-16.698571930999947,13.426456732000076],[-16.704755975999944,13.428108661000067],[-16.70570734499995,13.432962703000044],[-16.704778214999976,13.435116788000073],[-16.707246638999948,13.441277565000064],[-16.71898580499993,13.441055751000022],[-16.724282348999964,13.443738231000054],[-16.737751328999934,13.418382673000053],[-16.754092784999955,13.398876604000066],[-16.766356239999936,13.389722620000043],[-16.785127770999964,13.381068196000058],[-16.793539377999934,13.379128257000048],[-16.796782321999956,13.360494063000033],[-16.795302212999957,13.360345221000046],[-16.79378838599996,13.363963088000048],[-16.789577907999956,13.365238998000052],[-16.787764633999927,13.36459596900005],[-16.78956291299994,13.363205987000072],[-16.78934021699996,13.360256264000043],[-16.78751732199993,13.358301607000044],[-16.786448096999948,13.358637076000036],[-16.787131390999946,13.360468619000073],[-16.783431210999936,13.358264837000036],[-16.779230364999933,13.360852199000021],[-16.77288340399997,13.358502878000024],[-16.765849739999965,13.358420863000049],[-16.771581149999975,13.354445723000026],[-16.770710555999926,13.349005632000058],[-16.77592418699993,13.339352482000038],[-16.772156983999935,13.337740061000034],[-16.77063671899998,13.334165777000067],[-16.768643047999944,13.333137733000058],[-16.764522960999955,13.332332864000023],[-16.755702312999972,13.333910417000027],[-16.754816130999927,13.335742477000053],[-16.75093185299994,13.33546976200006],[-16.746242158999962,13.338838158000044],[-16.738319543999978,13.338901742000076],[-16.73455402899998,13.331924216000061],[-16.72216789099997,13.327657824000028],[-16.70960200099995,13.327303405000066],[-16.70785052599996,13.33038947600005],[-16.706356230999972,13.330608791000031],[-16.70310326999993,13.328043990000026],[-16.697313253999937,13.329587372000049],[-16.696829125999955,13.328229362000059],[-16.69885361799993,13.32794708800003],[-16.697270084999957,13.322356034000052],[-16.687218391999977,13.318405263000045],[-16.683487061999926,13.31972343600006],[-16.681140808999942,13.318407698000044],[-16.674682922999978,13.321695843000043],[-16.66551179199996,13.32388903900005],[-16.663444634999962,13.324227493000024],[-16.663116601999945,13.322606377000056],[-16.659820597999953,13.323598688000061],[-16.659933603999946,13.32541511100004],[-16.657541702999936,13.324260995000031],[-16.647370615999932,13.32455882000005],[-16.642023107999933,13.326650916000062],[-16.634298050999973,13.320253635000029],[-16.631233505999944,13.31932822400006],[-16.622459826999943,13.323900792000074],[-16.620757391999973,13.322568011000044],[-16.617685369999947,13.327330716000063],[-16.618574123999963,13.333053118000066],[-16.615700784999945,13.338317183000072],[-16.61049527399996,13.338669032000041],[-16.609382256999936,13.336224698000024],[-16.612277648999964,13.330859149000048],[-16.602678039999944,13.333440256000074],[-16.58434670099996,13.333825653000076]]]}},{"type":"Feature","id":"gb:56634734B1390118495461","properties":{"id":"gb:56634734B1390118495461","name":"Kombo South","parentId":"gb:31243875B88426941804625","level":"ADM2","countryCode":"GM"},"geometry":{"type":"Polygon","coordinates":[[[-16.659820597999953,13.323598688000061],[-16.663116601999945,13.322606377000056],[-16.663444634999962,13.324227493000024],[-16.66551179199996,13.32388903900005],[-16.674682922999978,13.321695843000043],[-16.681140808999942,13.318407698000044],[-16.683487061999926,13.31972343600006],[-16.687218391999977,13.318405263000045],[-16.697270084999957,13.322356034000052],[-16.69885361799993,13.32794708800003],[-16.696829125999955,13.328229362000059],[-16.697313253999937,13.329587372000049],[-16.70310326999993,13.328043990000026],[-16.706356230999972,13.330608791000031],[-16.70785052599996,13.33038947600005],[-16.70960200099995,13.327303405000066],[-16.72216789099997,13.327657824000028],[-16.73455402899998,13.331924216000061],[-16.738319543999978,13.338901742000076],[-16.746242158999962,13.338838158000044],[-16.75093185299994,13.33546976200006],[-16.754816130999927,13.335742477000053],[-16.755702312999972,13.333910417000027],[-16.764522960999955,13.332332864000023],[-16.768643047999944,13.333137733000058],[-16.77063671899998,13.334165777000067],[-16.772156983999935,13.337740061000034],[-16.77592418699993,13.339352482000038],[-16.770710555999926,13.349005632000058],[-16.771581149999975,13.354445723000026],[-16.765849739999965,13.358420863000049],[-16.77288340399997,13.358502878000024],[-16.779230364999933,13.360852199000021],[-16.783431210999936,13.358264837000036],[-16.787131390999946,13.360468619000073],[-16.786448096999948,13.358637076000036],[-16.78751732199993,13.358301607000044],[-16.78934021699996,13.360256264000043],[-16.78956291299994,13.363205987000072],[-16.787764633999927,13.36459596900005],[-16.789577907999956,13.365238998000052],[-16.79378838599996,13.363963088000048],[-16.795302212999957,13.360345221000046],[-16.796782321999956,13.360494063000033],[-16.79837978599994,13.35986428800004],[-16.799266434999936,13.352971655000033],[-16.801413710999952,13.348988555000062],[-16.806205631999944,13.344888233000063],[-16.808157609999967,13.346185991000027],[-16.81196579599998,13.34491269800003],[-16.812338289999957,13.340975009000033],[-16.814264806999972,13.338862549000055],[-16.807342494999943,13.331140294000022],[-16.803702227999963,13.318901972000049],[-16.802935265999963,13.301232475000063],[-16.80654888999993,13.28733576600007],[-16.807099807999975,13.275821826000026],[-16.80103042999997,13.26996222400004],[-16.796277264999958,13.270061370000064],[-16.79169369799996,13.265896223000027],[-16.78742796599994,13.254809532000024],[-16.784479061999946,13.237333013000068],[-16.78298237599995,13.218932757000061],[-16.783549989999926,13.186464056000034],[-16.78795592299997,13.16180606000006],[-16.791079415999945,13.15876736100006],[-16.786577054999952,13.156240899000068],[-16.785149376999982,13.153168309000023],[-16.780674629999965,13.15444549700004],[-16.77746866299998,13.150696525000058],[-16.773385536999967,13.14128037100005],[-16.773862477999955,13.133144423000033],[-16.771886630999973,13.128239089000033],[-16.769035926999948,13.127307705000021],[-16.767070543999978,13.123845139000025],[-16.766515027999958,13.111649906000025],[-16.77108286999993,13.090729335000049],[-16.772263146999933,13.077997498000059],[-16.75882446099996,13.074580496000067],[-16.752167442999962,13.069837896000024],[-16.744672530999935,13.058033374000047],[-16.739467867999963,13.043657135000046],[-16.73803746899995,13.043466586000022],[-16.736632219999933,13.046878692000064],[-16.740629523999928,13.057673437000062],[-16.74057690999996,13.062100938000071],[-16.744228540999927,13.070028776000072],[-16.74157839999998,13.073735937000038],[-16.73630014699995,13.072377739000046],[-16.732213874999957,13.07404486200005],[-16.728588515999945,13.081857683000067],[-16.73034211399994,13.087461870000027],[-16.73328986699994,13.090393523000046],[-16.727534040999956,13.092563726000037],[-16.725640144999943,13.096839601000056],[-16.726659767999934,13.099128342000029],[-16.731102788999976,13.098985318000075],[-16.731692257999953,13.101144201000068],[-16.73580538599998,13.10324812600004],[-16.736737467999944,13.104963514000076],[-16.735741142999927,13.111979868000049],[-16.734496884999942,13.113463962000026],[-16.730402500999958,13.114065392000043],[-16.729858252999975,13.108002208000073],[-16.72583214599996,13.106389515000046],[-16.716323460999945,13.110224323000068],[-16.71751547699995,13.113249817000053],[-16.72009866899998,13.111838839000029],[-16.72506375699993,13.116150817000062],[-16.725356429999977,13.122133721000068],[-16.72309746899998,13.122066868000047],[-16.72257676099997,13.119364862000054],[-16.720396334999975,13.118559595000022],[-16.712298269999962,13.120827169000052],[-16.70955614899998,13.123468915000046],[-16.708579603999965,13.127410682000061],[-16.709998628999926,13.133017228000028],[-16.708500327999957,13.134092990000056],[-16.705800359999955,13.130749521000041],[-16.702790732999972,13.131015414000046],[-16.698803245999954,13.135059062000039],[-16.696831139999972,13.140237164000041],[-16.697773290999976,13.143428374000052],[-16.701050984999938,13.145620305000023],[-16.702549386999976,13.144544574000065],[-16.707172954999976,13.14779330400006],[-16.70885558699996,13.155201754000075],[-16.706183132999968,13.155875403000039],[-16.704821400999947,13.152523059000032],[-16.702977589999932,13.152043379000077],[-16.69939962099994,13.154854573000023],[-16.70137631999995,13.162466106000068],[-16.69911301299993,13.161825216000068],[-16.69767275199996,13.159211215000028],[-16.69115137199998,13.159828152000046],[-16.68932100099994,13.161315944000023],[-16.690109907999954,13.16655782600003],[-16.689029063999953,13.167548770000053],[-16.684353572999953,13.168973262000065],[-16.68291172499994,13.166113219000067],[-16.680563632999963,13.165308749000076],[-16.678959849999956,13.168421329000068],[-16.675730230999932,13.168284119000077],[-16.674108220999926,13.200747272000058],[-16.678916597999944,13.204848514000048],[-16.67866022299995,13.223285695000072],[-16.69386812299996,13.223327082000026],[-16.705242918999943,13.220467815000063],[-16.71611919199995,13.225245076000022],[-16.722823140999935,13.231861508000065],[-16.721221800999956,13.235079853000059],[-16.722929944999976,13.236369332000038],[-16.730418782999948,13.237638817000061],[-16.73868760199997,13.234725397000034],[-16.732787319999943,13.254902075000075],[-16.70107412799996,13.276096821000067],[-16.69384761899994,13.276907147000031],[-16.694049604999975,13.286846041000047],[-16.680303015999982,13.288659109000037],[-16.66210880799997,13.299749530000042],[-16.66272927899996,13.305101722000074],[-16.655981812999983,13.304734214000064],[-16.65937391999995,13.316150238000034],[-16.659820597999953,13.323598688000061]]]}},{"type":"Feature","id":"gb:56634734B14945153011857","properties":{"id":"gb:56634734B14945153011857","name":"Lower Badibu","parentId":"gb:31243875B21899311231896","level":"ADM2","countryCode":"GM"},"geometry":{"type":"Polygon","coordinates":[[[-15.988835860999927,13.592696770000032],[-16.084396518999938,13.592864211000062],[-16.08932320499997,13.591591832000063],[-16.09132614699996,13.590153481000073],[-16.091317152999977,13.588187835000042],[-16.08891542799995,13.582301276000067],[-16.083039063999934,13.575536296000053],[-16.083563554999955,13.570351740000035],[-16.085910576999936,13.564265765000073],[-16.087914138999963,13.563006148000056],[-16.091020965999974,13.563349991000052],[-16.095437542999946,13.570478604000073],[-16.099991793999948,13.56777809600004],[-16.101495412999952,13.557138906000034],[-16.10055336399995,13.550888607000047],[-16.097787395999944,13.545182408000073],[-16.09795364599995,13.541607699000053],[-16.10611721099997,13.529598917000044],[-16.101903523999965,13.526758322000035],[-16.09023549899996,13.53127690100007],[-16.088040639999974,13.530571655000074],[-16.085087748999968,13.523793882000064],[-16.088239555999962,13.514041065000072],[-16.096042474999933,13.503106381000066],[-16.102589440999964,13.497180599000046],[-16.106600217999926,13.495733345000076],[-16.119583553999973,13.49960709800007],[-16.126155770999958,13.499220276000074],[-16.136167900999965,13.492563311000026],[-16.13102224599993,13.485617342000069],[-16.12787702999998,13.476875284000073],[-16.12874388499995,13.46704298700007],[-16.131834354999967,13.464169920000074],[-16.129421426999954,13.455781948000038],[-16.116607242999976,13.448512493000067],[-16.083345631999975,13.441152427000077],[-16.040456891999952,13.44472866600006],[-16.02292542899994,13.443728289000035],[-16.012892971999975,13.445913310000037],[-15.994817356999931,13.44580669000004],[-15.990201086999946,13.44881631800007],[-15.999219855999968,13.455189149000034],[-15.997195648999934,13.460200929000052],[-16.001146329999926,13.461829317000024],[-16.00218844899996,13.466542976000028],[-16.000139874999945,13.465693351000027],[-15.998391755999933,13.46684401300007],[-16.000008053999977,13.469125011000074],[-15.99870406599996,13.47170354900004],[-16.003520975999947,13.470826575000046],[-16.00061969199993,13.475698917000045],[-16.002521084999955,13.476263192000033],[-16.002241437999942,13.479266547000066],[-15.99800096599995,13.478282686000057],[-15.997128043999965,13.47914393700006],[-15.999028271999975,13.479422313000043],[-15.999179696999931,13.48070838500007],[-15.996550831999969,13.480861796000056],[-16.001409018999937,13.489849184000036],[-15.998193929999957,13.48957606600004],[-15.998786592999977,13.491575200000057],[-15.996893385999954,13.493012367000063],[-15.999242097999968,13.495719335000047],[-15.99662226299995,13.498088660000064],[-15.998096249999946,13.501228],[-16.001312687999928,13.501787031000049],[-15.999860086999945,13.503794318000075],[-16.00060843899996,13.508080239000037],[-15.990426082999932,13.554226461000042],[-15.98849329199993,13.581540111000038],[-15.99014714599997,13.592684667000071],[-15.988835860999927,13.592696770000032]]]}},{"type":"Feature","id":"gb:56634734B90495316975710","properties":{"id":"gb:56634734B90495316975710","name":"Lower Fuladu West","parentId":"gb:31243875B72482523363184","level":"ADM2","countryCode":"GM"},"geometry":{"type":"Polygon","coordinates":[[[-14.806389039999942,13.556283245000031],[-14.812542063999956,13.56126426000003],[-14.820131911999965,13.563052213000049],[-14.840172915999972,13.562917312000025],[-14.850347799999952,13.55876474300004],[-14.859998914999949,13.548446581000064],[-14.87949589799996,13.562419523000074],[-14.889059355999962,13.565691645000072],[-14.906666778999977,13.577284294000037],[-14.915928320999967,13.578327307000052],[-14.926765385999943,13.575877449000075],[-14.937337311999954,13.57751668000003],[-14.952217957999949,13.573361093000074],[-14.960720415999958,13.574253765000037],[-14.967855976999942,13.578562199000032],[-14.972562332999928,13.583315766000055],[-14.98375554699993,13.613386715000047],[-14.989484425999933,13.608366878000027],[-15.031344592999972,13.598638057000073],[-15.03798286999995,13.584169838000037],[-15.068006836999928,13.55700033900007],[-15.071673119999957,13.551228939000055],[-15.066690494999932,13.541199659000029],[-15.046799047999968,13.520186896000041],[-15.021598557999937,13.498653157000035],[-15.007330509999974,13.489890564000063],[-14.996250691999933,13.48498907000004],[-14.962557458999981,13.477931008000041],[-14.938885512999946,13.460399507000034],[-14.917034868999963,13.452001146000043],[-14.904895556999975,13.44917472800006],[-14.892907032999972,13.449169912000059],[-14.854207780999957,13.45271525100003],[-14.816129091999926,13.437094410000043],[-14.79133269099998,13.508518901000059],[-14.764672465999979,13.508495290000042],[-14.75827912799997,13.509665640000037],[-14.760567485999957,13.513801355000055],[-14.758233956999959,13.518637950000027],[-14.758200044999967,13.523342232000061],[-14.778716986999939,13.527074481000056],[-14.78372362999994,13.53019800900006],[-14.80222959699995,13.54729439700003],[-14.806389039999942,13.556283245000031]]]}},{"type":"Feature","id":"gb:56634734B30137768679203","properties":{"id":"gb:56634734B30137768679203","name":"Lower Niumi","parentId":"gb:31243875B21899311231896","level":"ADM2","countryCode":"GM"},"geometry":{"type":"Polygon","coordinates":[[[-16.309103491999963,13.593394619000037],[-16.54565345499998,13.59337823900006],[-16.546214756999973,13.589801369000043],[-16.54853591099993,13.587214120000056],[-16.536301178999963,13.570637757000043],[-16.528599459999953,13.554390252000076],[-16.52713638499995,13.531171912000048],[-16.53313012999996,13.508980017000056],[-16.54368736999993,13.492477497000039],[-16.543232216999968,13.489835967000033],[-16.54935916599993,13.488654720000056],[-16.54978811099994,13.487222707000058],[-16.547137068999973,13.483808586000066],[-16.544648680999956,13.482966289000046],[-16.544633071999954,13.480536462000032],[-16.538496230999954,13.480145328000049],[-16.53848891599995,13.47900187600004],[-16.532649670999945,13.479466395000031],[-16.53000985899996,13.477767242000027],[-16.52999349499993,13.475194463000037],[-16.528384247999952,13.47477544700007],[-16.528801502999954,13.471485339000026],[-16.523404151999955,13.472518690000072],[-16.517684,13.468693973000029],[-16.50965243899998,13.46888529100005],[-16.50100189699998,13.463505410000039],[-16.499374071999966,13.460084573000074],[-16.486106142999972,13.448156339000036],[-16.484522685999934,13.443734523000046],[-16.480551755999954,13.439183799000034],[-16.484644082999978,13.439731467000058],[-16.48491942499993,13.437013969000077],[-16.477360700999952,13.423715750000042],[-16.47322879099994,13.423739933000036],[-16.46868331199994,13.426669963000052],[-16.462741680999954,13.425141089000022],[-16.462755208999965,13.427374482000062],[-16.45772083199995,13.424946829000021],[-16.458837347999975,13.420920115000058],[-16.457228137999948,13.418919291000066],[-16.454723824999974,13.419827144000067],[-16.45334683599998,13.41849499500006],[-16.448809206999954,13.422764728000061],[-16.443557560999977,13.422124808000035],[-16.440607488999945,13.424821874000031],[-16.44411407299998,13.438872773000071],[-16.44028979999996,13.44805197900007],[-16.435756735999973,13.453214910000042],[-16.427572381999937,13.458398533000036],[-16.409325939999974,13.460064911000075],[-16.39657923599998,13.465719838000041],[-16.38273447199998,13.478974227000037],[-16.367713333999973,13.48631550500005],[-16.355400418999977,13.488392495000028],[-16.326479233999976,13.500161620000029],[-16.307099156999982,13.519049384000027],[-16.297987370999977,13.532873175000077],[-16.29558949899996,13.542918308000026],[-16.296699544999967,13.572101719000045],[-16.309103491999963,13.593394619000037]]]}},{"type":"Feature","id":"gb:56634734B70409077095290","properties":{"id":"gb:56634734B70409077095290","name":"Lower Saloum","parentId":"gb:31243875B86283726287100","level":"ADM2","countryCode":"GM"},"geometry":{"type":"Polygon","coordinates":[[[-15.285395310999945,13.676013939000029],[-15.283640463999973,13.71511500400004],[-15.287721826999928,13.725818829000048],[-15.292911697999955,13.731265664000034],[-15.30322621299996,13.735252347000028],[-15.31335232999993,13.742846798000073],[-15.317120010999929,13.747659808000037],[-15.322324308999953,13.762127614000065],[-15.34703064699994,13.788042222000058],[-15.375701747999926,13.77876291900003],[-15.394126276999941,13.766594910000038],[-15.409269797999968,13.75288134300007],[-15.413487760999942,13.747398755000063],[-15.449772559999928,13.68209365100006],[-15.462575350999941,13.640075400000057],[-15.421804443999974,13.640197812000054],[-15.418741644999955,13.640616246000036],[-15.417371785999933,13.642581501000052],[-15.417157240999927,13.640722224000058],[-15.414307324999982,13.642070065000041],[-15.41282244599995,13.638663202000032],[-15.408178796999948,13.641253705000054],[-15.40775978499994,13.64332065900004],[-15.405645917999948,13.642704240000057],[-15.405229878999933,13.646527509000066],[-15.399203601999943,13.643747811000026],[-15.401093100999958,13.63661614800003],[-15.398238290999927,13.635071038000035],[-15.39918225699995,13.631040301000041],[-15.395482450999964,13.62949651300005],[-15.373032515999967,13.62965457100006],[-15.36772612599998,13.646069311000076],[-15.356827080999949,13.669382583000072],[-15.348494906999974,13.679105767000067],[-15.337095699999963,13.68738662900006],[-15.326219312999967,13.692256938000071],[-15.317451620999975,13.694024670000033],[-15.305722101999947,13.693419551000034],[-15.294195868999964,13.68630485600005],[-15.285395310999945,13.676013939000029]]]}},{"type":"Feature","id":"gb:56634734B21442074713298","properties":{"id":"gb:56634734B21442074713298","name":"Niamina Dankunku","parentId":"gb:31243875B72482523363184","level":"ADM2","countryCode":"GM"},"geometry":{"type":"Polygon","coordinates":[[[-15.34477405399997,13.517651760000035],[-15.335996639999962,13.536675500000058],[-15.337516796999978,13.538158750000036],[-15.338131996999948,13.543802043000028],[-15.335404396999934,13.547370427000033],[-15.32614622099993,13.549165032000076],[-15.309641638999949,13.582530933000044],[-15.30023921399993,13.591602731000023],[-15.296137086999977,13.589676754000038],[-15.292948616999979,13.589829051000038],[-15.294324165999967,13.597105379000027],[-15.28704238299997,13.602757996000037],[-15.283091130999935,13.60008898700005],[-15.279446618999941,13.599944572000027],[-15.278239558999928,13.606555491000051],[-15.283088834999944,13.610588161000067],[-15.261132328999963,13.651263416000063],[-15.28194960999997,13.661878441000056],[-15.30385567299993,13.688661959000058],[-15.309630539999944,13.690585673000044],[-15.322692125999936,13.688935185000048],[-15.331497958999933,13.685655937000035],[-15.34394092599996,13.67672729900005],[-15.35410083399995,13.665276347000031],[-15.361059092999938,13.646477535000031],[-15.367550595999944,13.621143975000052],[-15.36890098899994,13.61059646900003],[-15.368744077999963,13.607329078000078],[-15.367528354999934,13.606736762000025],[-15.36673802799993,13.586538048000023],[-15.369623284999932,13.586756581000031],[-15.371290493999936,13.58482323100003],[-15.371883492999928,13.575613572000066],[-15.366069348999929,13.546510495000064],[-15.359974310999974,13.531517885000028],[-15.353283165999926,13.523506825000027],[-15.34477405399997,13.517651760000035]]]}},{"type":"Feature","id":"gb:56634734B42374489083147","properties":{"id":"gb:56634734B42374489083147","name":"Niamina East","parentId":"gb:31243875B72482523363184","level":"ADM2","countryCode":"GM"},"geometry":{"type":"Polygon","coordinates":[[[-14.98375554699993,13.613386715000047],[-14.981366520999927,13.614656665000041],[-14.977873883999962,13.613468132000037],[-14.96860888499998,13.62616653200007],[-14.956153774999962,13.637601518000054],[-14.95083772299995,13.639977015000056],[-14.929270329999952,13.643982136000034],[-14.925017159999982,13.645911786000056],[-14.919547122999973,13.65303953800003],[-14.906331609999938,13.657342283000048],[-14.896152250999933,13.664244890000077],[-14.891890794999938,13.682957860000045],[-14.893254832999958,13.68979082900006],[-14.897810163999964,13.69410011900004],[-14.908593419999931,13.700045531000058],[-14.947634016999928,13.704884096000058],[-14.95857123299993,13.709193537000033],[-14.964192327999967,13.708600295000053],[-14.989107452999974,13.698651140000038],[-15.004450543999951,13.695829269000058],[-15.025567748999947,13.711052309000024],[-15.04076079999993,13.716991464000046],[-15.04638265999995,13.72040665700007],[-15.049118074999967,13.723970841000039],[-15.053372139999965,13.724267018000035],[-15.070690987999967,13.720846487000074],[-15.114738280999973,13.697436541000059],[-15.125825507999934,13.693123789000026],[-15.14677997299998,13.678779131000056],[-15.158927510999945,13.672236326000075],[-15.163025911999966,13.668223358000034],[-15.194606481999926,13.652382169000077],[-15.205988849999926,13.642272959000024],[-15.214022236999938,13.639917639000032],[-15.20855925899997,13.629200183000023],[-15.21614780799996,13.623920888000043],[-15.208845981999957,13.609816764000072],[-15.184082325999952,13.59513178900005],[-15.179827744999955,13.591273099000034],[-15.156771972999934,13.551101237000069],[-15.14245521099997,13.559214545000032],[-15.116961512999978,13.584849425000073],[-15.076572149999947,13.584568036000064],[-15.075959688999944,13.568526835000057],[-15.073982232999981,13.556644906000031],[-15.071673119999957,13.551228939000055],[-15.068006836999928,13.55700033900007],[-15.03798286999995,13.584169838000037],[-15.031344592999972,13.598638057000073],[-14.989484425999933,13.608366878000027],[-14.98375554699993,13.613386715000047]]]}},{"type":"Feature","id":"gb:56634734B81557661921178","properties":{"id":"gb:56634734B81557661921178","name":"Niamina West","parentId":"gb:31243875B72482523363184","level":"ADM2","countryCode":"GM"},"geometry":{"type":"Polygon","coordinates":[[[-15.168621086999963,13.545999852000023],[-15.16431145799993,13.550140721000048],[-15.156771972999934,13.551101237000069],[-15.179827744999955,13.591273099000034],[-15.184082325999952,13.59513178900005],[-15.208845981999957,13.609816764000072],[-15.21614780799996,13.623920888000043],[-15.20855925899997,13.629200183000023],[-15.214022236999938,13.639917639000032],[-15.240614925999978,13.64083080000006],[-15.252161752999939,13.644978171000048],[-15.261132328999963,13.651263416000063],[-15.283088834999944,13.610588161000067],[-15.278239558999928,13.606555491000051],[-15.279446618999941,13.599944572000027],[-15.283091130999935,13.60008898700005],[-15.28704238299997,13.602757996000037],[-15.294324165999967,13.597105379000027],[-15.292948616999979,13.589829051000038],[-15.296137086999977,13.589676754000038],[-15.30023921399993,13.591602731000023],[-15.309641638999949,13.582530933000044],[-15.32614622099993,13.549165032000076],[-15.335404396999934,13.547370427000033],[-15.338131996999948,13.543802043000028],[-15.337516796999978,13.538158750000036],[-15.335996639999962,13.536675500000058],[-15.34477405399997,13.517651760000035],[-15.344266523999977,13.517507672000022],[-15.333991698999967,13.514101650000043],[-15.317294947999926,13.51442041000007],[-15.309702441999946,13.512201954000034],[-15.30251532099993,13.504912604000026],[-15.299826543999927,13.504638911000029],[-15.298617424999975,13.508799208000028],[-15.295278973999928,13.50954581600007],[-15.297105232999968,13.51340545000005],[-15.291647393999938,13.51890749000006],[-15.287850894999963,13.517575106000038],[-15.283146039999963,13.51824885600007],[-15.279811392999932,13.522411459000068],[-15.275103434999949,13.520485777000033],[-15.26903905499995,13.527176244000032],[-15.270409288999929,13.530739502000074],[-15.26540207599993,13.532824289000075],[-15.257047703999945,13.528080028000034],[-15.256740123999975,13.524367075000043],[-15.259317825999972,13.52169086500004],[-15.262504767999928,13.520944891000056],[-15.262199386999953,13.51931137300005],[-15.25597335599997,13.517089850000048],[-15.256280119999929,13.520060153000031],[-15.25142729099997,13.524520997000025],[-15.245507704999966,13.525120994000076],[-15.24262786099996,13.529431198000054],[-15.245059442999946,13.532102383000051],[-15.245519575999936,13.536706386000048],[-15.242486883999959,13.540125551000074],[-15.238237390999927,13.541317881000055],[-15.238848041999972,13.544733505000067],[-15.237180456999965,13.54711158400005],[-15.232321533999936,13.546224962000053],[-15.22943450899993,13.543554073000053],[-15.226701890999948,13.543556565000074],[-15.222605447999968,13.546233802000074],[-15.220174785999973,13.544453583000063],[-15.221078256999931,13.536432116000071],[-15.215308495999977,13.535248900000056],[-15.20969735899996,13.541789032000054],[-15.204234055999962,13.544021518000022],[-15.204087056999981,13.549665816000072],[-15.207730774999959,13.549811345000023],[-15.211680889999968,13.553075711000076],[-15.206371732999969,13.558278732000076],[-15.20409364699998,13.55738941800007],[-15.202880085999936,13.55857865400003],[-15.200904778999927,13.556649348000064],[-15.198628948999954,13.558433539000077],[-15.19528874599996,13.558287642000039],[-15.192402338999955,13.556061917000022],[-15.18906287699997,13.556807121000077],[-15.186783706999961,13.554432339000073],[-15.182382187999963,13.556069432000072],[-15.179192955999952,13.554734960000076],[-15.177216438999949,13.550874560000068],[-15.173725827999931,13.552510854000047],[-15.170499635999931,13.551399161000063],[-15.168621086999963,13.545999852000023]]]}},{"type":"Feature","id":"gb:56634734B41420439456091","properties":{"id":"gb:56634734B41420439456091","name":"Niani","parentId":"gb:31243875B86283726287100","level":"ADM2","countryCode":"GM"},"geometry":{"type":"Polygon","coordinates":[[[-14.712440792999928,13.619583440000042],[-14.71754855499995,13.616908710000075],[-14.760088027999927,13.63794391500005],[-14.796413039999948,13.666741169000034],[-14.800008157999969,13.68879473800007],[-14.804403473999969,13.705548236000027],[-14.801936848999958,13.716147517000024],[-14.800910251999937,13.733391362000077],[-14.804514924999978,13.745550310000056],[-14.81422086699996,13.756164226000067],[-14.842173050999975,13.770436802000063],[-14.84866872799995,13.771727817000055],[-14.873899208999944,13.787859107000031],[-14.894606325999973,13.794653629000038],[-14.913233741999932,13.796583261000023],[-14.92532500699997,13.795852214000035],[-14.944648102999963,13.793143411000074],[-14.962004449999938,13.786701157000039],[-14.992450899999938,13.799222004000057],[-14.994342174999929,13.791396839000072],[-14.99677192799993,13.789361446000044],[-14.999201633999974,13.788796067000021],[-15.006722219999972,13.791962211000055],[-15.007762456999956,13.788921428000037],[-15.010655869999937,13.78755195900004],[-15.014126917999931,13.788682582000035],[-15.01250682999995,13.783254838000062],[-15.013085209999929,13.781332450000036],[-15.015861850999954,13.780314567000062],[-15.014704829999971,13.779296919000046],[-15.022220217999973,13.779047001000038],[-15.024305330999937,13.77234868000005],[-15.019388655999933,13.757076373000075],[-15.009989323999946,13.757500984000046],[-15.003554165999958,13.743860864000055],[-15.000228425999978,13.741457935000028],[-14.996469219999938,13.722375601000067],[-14.999505494999937,13.718135109000059],[-14.998927181999932,13.715308095000069],[-14.993577801999947,13.71262235200004],[-14.99209686599994,13.704070068000021],[-14.985626458999945,13.705130431000043],[-14.958589444999973,13.715163278000034],[-14.934011615999964,13.712613629000032],[-14.931988295999929,13.709927419000053],[-14.91970093499998,13.705117814000062],[-14.910086776999947,13.705185181000047],[-14.90011246499995,13.702212992000057],[-14.891296264999937,13.696413902000074],[-14.888625314999956,13.688850455000022],[-14.888628439999934,13.682206973000063],[-14.892249877999973,13.665811873000052],[-14.898469430999967,13.656626680000045],[-14.919505465999976,13.642145891000041],[-14.942921061999982,13.63833588700004],[-14.956508177999979,13.632684578000067],[-14.963157207999927,13.628303754000058],[-14.973347505999982,13.617915708000055],[-14.97551634499996,13.607879955000044],[-14.973927876999937,13.596995698000057],[-14.970027411999979,13.587100619000068],[-14.965837651999948,13.581587348000028],[-14.961647538999955,13.579466457000024],[-14.933759370999951,13.58030872300003],[-14.929279528999928,13.581721013000049],[-14.910278553999945,13.580230706000066],[-14.903054832999942,13.57740096300006],[-14.889332201999935,13.567783318000068],[-14.877630702999966,13.56353729500006],[-14.862898042999973,13.554765815000053],[-14.858418522999955,13.555752781000024],[-14.85335886799993,13.560273127000073],[-14.839200855999934,13.56734517500007],[-14.840198630999964,13.578358083000069],[-14.843809548999957,13.580621997000037],[-14.83918439799993,13.582456630000024],[-14.840627870999981,13.584719182000072],[-14.837592703999974,13.585706685000048],[-14.835715172999926,13.584291939000025],[-14.836868944999935,13.587543783000058],[-14.834844456999974,13.58966272300006],[-14.836432533999982,13.591784043000075],[-14.833252160999962,13.59361950500005],[-14.831807907999973,13.592487723000033],[-14.826604413999974,13.594321726000032],[-14.827902513999959,13.597715059000052],[-14.824289931999942,13.597571186000039],[-14.823568439999974,13.596157162000054],[-14.822265351999931,13.599548669000058],[-14.82067650199997,13.59855807100007],[-14.81706326099993,13.599262201000045],[-14.813307814999973,13.59699779400006],[-14.810706351999954,13.597419885000022],[-14.810849400999928,13.59925756000007],[-14.807814840999981,13.599113887000044],[-14.806802022999932,13.60066796600006],[-14.804925370999968,13.598263533000022],[-14.80015448599994,13.600804073000063],[-14.795531768999979,13.598962756000049],[-14.792494270999953,13.602211321000027],[-14.790326496999967,13.602350856000044],[-14.789168415999939,13.604611495000029],[-14.784108340999978,13.607010126000034],[-14.782663728999978,13.60644346500004],[-14.784111671999938,13.60333500400003],[-14.782235875999959,13.600223649000043],[-14.783536068999979,13.600648835000072],[-14.785851258999969,13.597258411000041],[-14.78455274099997,13.594995673000028],[-14.786577715999954,13.59287714900006],[-14.785856844999955,13.591038966000042],[-14.780797547999953,13.592872132000025],[-14.77963955499996,13.594991377000042],[-14.777471313999968,13.595696205000024],[-14.77646109799997,13.594281791000071],[-14.774363836999953,13.596329490000073],[-14.770752812999945,13.594629982000072],[-14.758325948999982,13.59405283700005],[-14.754570573999956,13.59235295700006],[-14.751386926999942,13.596731677000037],[-14.748206893999964,13.597576587000049],[-14.74127532999995,13.593187614000044],[-14.739260618999936,13.585552574000076],[-14.723803619999956,13.581719465000049],[-14.717805990999977,13.60144783800007],[-14.711802338999973,13.613789885000074],[-14.712440792999928,13.619583440000042]]]}},{"type":"Feature","id":"gb:56634734B85088174381509","properties":{"id":"gb:56634734B85088174381509","name":"Nianija","parentId":"gb:31243875B86283726287100","level":"ADM2","countryCode":"GM"},"geometry":{"type":"Polygon","coordinates":[[[-15.022220217999973,13.779047001000038],[-15.027489212999967,13.779804684000055],[-15.029687170999978,13.777768990000027],[-15.02934055299994,13.781500668000035],[-15.035704039999928,13.78274370500003],[-15.038133087999938,13.779124785000022],[-15.044611263999968,13.775165900000047],[-15.059823434999942,13.769339057000025],[-15.065377259999934,13.771825403000037],[-15.074977995999973,13.766620991000025],[-15.080299491999938,13.766053914000054],[-15.093137749999926,13.758020719000058],[-15.097417801999939,13.757340585000065],[-15.098228156999937,13.75869722300007],[-15.103376409999953,13.759317057000032],[-15.105693058999975,13.765874707000023],[-15.11437095599996,13.768471667000028],[-15.117611566999926,13.771070976000033],[-15.123973794999927,13.769597819000069],[-15.123971470999948,13.765187708000042],[-15.12813574699993,13.76428093900006],[-15.13149176099995,13.766201527000021],[-15.13288238499996,13.770384731000036],[-15.136585992999926,13.772983538000062],[-15.138205677999963,13.772982634000073],[-15.140055265999933,13.77049383700006],[-15.14097916399993,13.767779396000037],[-15.140051361999951,13.76393521500006],[-15.146179631999928,13.758843066000054],[-15.150228527999957,13.75872755100005],[-15.153470058999972,13.762344105000068],[-15.15717187599995,13.76211561200006],[-15.159366930999965,13.757704094000076],[-15.15635561399995,13.752391274000047],[-15.153983364999931,13.751205429000038],[-15.154791423999939,13.748604088000036],[-15.158954063999943,13.745887525000057],[-15.161495037999941,13.740118801000051],[-15.167972544999941,13.739662158000044],[-15.171903112999928,13.736380136000037],[-15.173634638999943,13.731516490000047],[-15.169815452999956,13.72869214800005],[-15.169929494999963,13.726430471000072],[-15.172702898999944,13.722809988000051],[-15.177331021999976,13.724729069000034],[-15.181435101999966,13.721955631000071],[-15.181199431999971,13.716301806000047],[-15.17703621399994,13.717209463000074],[-15.174953587999937,13.716306306000035],[-15.172981508999953,13.708392089000029],[-15.174366758999952,13.704772552000065],[-15.173093277999953,13.703077245000031],[-15.173437761999935,13.699684599000022],[-15.175287665999974,13.698891734000028],[-15.179337657999952,13.701602755000067],[-15.18419487999995,13.701146866000045],[-15.188005965999935,13.694133033000071],[-15.187656407999953,13.69085397300006],[-15.18360861399998,13.690857008000023],[-15.181583544999967,13.68933191800005],[-15.180767256999957,13.680512255000053],[-15.185620589999928,13.67564621300005],[-15.194290167999952,13.671116356000027],[-15.197990886999946,13.671339588000023],[-15.19972998999998,13.676652965000073],[-15.20366199199998,13.676762846000031],[-15.20932596199998,13.673818041000061],[-15.215449478999972,13.667706464000048],[-15.21694824399998,13.662729627000033],[-15.216366860999926,13.659224646000041],[-15.209659193999926,13.65832576300005],[-15.206534089999934,13.654935972000033],[-15.201675651999949,13.652791440000044],[-15.197626062999973,13.64985460400004],[-15.196355897999979,13.652004141000077],[-15.163122982999937,13.668594511000038],[-15.161158554999929,13.670744325000044],[-15.160584866999955,13.677416446000052],[-15.15208761699995,13.681549243000063],[-15.134284781999952,13.693546064000031],[-15.119946858999981,13.699546690000034],[-15.103354658999933,13.709674876000065],[-15.071320500999946,13.72269043800003],[-15.051021570999978,13.725918255000067],[-15.031703449999952,13.715518090000046],[-15.003018631999964,13.702968164000026],[-14.99209686599994,13.704070068000021],[-14.993577801999947,13.71262235200004],[-14.998927181999932,13.715308095000069],[-14.999505494999937,13.718135109000059],[-14.996469219999938,13.722375601000067],[-15.000228425999978,13.741457935000028],[-15.003554165999958,13.743860864000055],[-15.009989323999946,13.757500984000046],[-15.019388655999933,13.757076373000075],[-15.024305330999937,13.77234868000005],[-15.022220217999973,13.779047001000038]]]}},{"type":"Feature","id":"gb:56634734B86795933582352","properties":{"id":"gb:56634734B86795933582352","name":"Sabach Sanjar","parentId":"gb:31243875B21899311231896","level":"ADM2","countryCode":"GM"},"geometry":{"type":"Polygon","coordinates":[[[-15.563102477999962,13.523085767000055],[-15.544509069999947,13.523683860000062],[-15.530462782999962,13.521300457000052],[-15.51449506399996,13.507595036000055],[-15.508023796999964,13.497953971000072],[-15.500425586999938,13.493513423000024],[-15.490368535999949,13.492604983000035],[-15.470842329999982,13.50025443800007],[-15.460032208999962,13.502502420000042],[-15.451304713999946,13.502518279000071],[-15.444089885999972,13.499746253000069],[-15.437249430999941,13.494095621000042],[-15.424312613999973,13.473880765000047],[-15.412721101999978,13.462574713000038],[-15.391645915999959,13.45109736300003],[-15.35976269799994,13.440840666000042],[-15.355585866999945,13.438247314000023],[-15.347619576999932,13.438444098000048],[-15.316907434999962,13.45073842100004],[-15.311980047999953,13.45427218900005],[-15.307436764999977,13.461611498000025],[-15.304623001999971,13.486679498000058],[-15.305210317999979,13.50097485300006],[-15.31318661399996,13.506813402000034],[-15.339376008999977,13.511049552000031],[-15.351527095999927,13.51641700500005],[-15.361788821999937,13.526799461000053],[-15.369016175999946,13.537742944000058],[-15.375490229999969,13.55193639600003],[-15.377407262999952,13.564187136000044],[-15.37596627499994,13.61320370900006],[-15.373032515999967,13.62965457100006],[-15.395482450999964,13.62949651300005],[-15.39918225699995,13.631040301000041],[-15.398238290999927,13.635071038000035],[-15.401093100999958,13.63661614800003],[-15.399203601999943,13.643747811000026],[-15.405229878999933,13.646527509000066],[-15.405645917999948,13.642704240000057],[-15.40775978499994,13.64332065900004],[-15.408178796999948,13.641253705000054],[-15.41282244599995,13.638663202000032],[-15.414307324999982,13.642070065000041],[-15.417157240999927,13.640722224000058],[-15.417371785999933,13.642581501000052],[-15.418741644999955,13.640616246000036],[-15.421804443999974,13.640197812000054],[-15.462575350999941,13.640075400000057],[-15.470254308999927,13.590301508000039],[-15.581052168999975,13.590809233000073],[-15.581617424999934,13.568343570000025],[-15.563102477999962,13.523085767000055]]]}},{"type":"Feature","id":"gb:56634734B54242206420565","properties":{"id":"gb:56634734B54242206420565","name":"Sami","parentId":"gb:31243875B86283726287100","level":"ADM2","countryCode":"GM"},"geometry":{"type":"Polygon","coordinates":[[[-14.839200855999934,13.56734517500007],[-14.82871815599998,13.568667876000063],[-14.812538727999936,13.564274350000062],[-14.794348670999966,13.546449727000038],[-14.764802826999926,13.546918408000067],[-14.741409761999932,13.53572855300007],[-14.712947836999945,13.536969677000059],[-14.703216186999953,13.520773628000029],[-14.702651487999958,13.510171620000051],[-14.689809758999957,13.49884796300006],[-14.677047443999982,13.483071202000076],[-14.668545348999942,13.468783651000024],[-14.65601885999996,13.441627374000063],[-14.651550063999935,13.436108526000055],[-14.648519345999944,13.43483215200007],[-14.642596972999968,13.435954631000072],[-14.63146504599996,13.444136956000023],[-14.620812803999968,13.46822144600003],[-14.620645424999964,13.482780301000048],[-14.62544093799994,13.510421501000053],[-14.628316844999972,13.518906797000056],[-14.628715833999934,13.541099349000035],[-14.624513538999963,13.549150016000056],[-14.61192375099995,13.561710896000022],[-14.596456203999935,13.566350906000025],[-14.589664898999956,13.566622535000022],[-14.575659343999973,13.56122786700007],[-14.570465861999935,13.556837175000055],[-14.565014185999928,13.535625409000033],[-14.574945112999956,13.515924253000037],[-14.579590198999938,13.50306928200007],[-14.57989392899998,13.494588811000028],[-14.57715699199997,13.490343723000024],[-14.569001871999944,13.487149484000042],[-14.55427294599997,13.485144872000035],[-14.537974791999943,13.473100729000066],[-14.522520702999941,13.473213185000077],[-14.514002878999975,13.471500668000033],[-14.510832094999955,13.468243494000035],[-14.508970423999926,13.460465681000073],[-14.507096433999948,13.458765829000072],[-14.502748980999968,13.465966055000024],[-14.498844258999952,13.468502575000059],[-14.489890532999937,13.468201866000072],[-14.477026956999964,13.472698570000034],[-14.474562443999957,13.476933871000028],[-14.474627403999932,13.480255682000063],[-14.482536438999944,13.496385779000036],[-14.479208166999967,13.499205848000031],[-14.472270573999936,13.50117021400007],[-14.468356821999976,13.50738124000003],[-14.461560823999946,13.510476378000021],[-14.458445119999965,13.514922102000071],[-14.45193317199994,13.519996437000032],[-14.450039698999944,13.526776940000047],[-14.446858022999947,13.528324747000056],[-14.45089381899993,13.532291346000022],[-14.467340183999966,13.542362540000056],[-14.476891846999933,13.567754520000051],[-14.48947798599994,13.594068341000025],[-14.491909926999938,13.60559588700005],[-14.503581722999968,13.621591645000024],[-14.519086613999946,13.636816923000026],[-14.54189517499998,13.65071206500005],[-14.564363124999943,13.654780919000075],[-14.58994553399998,13.655389897000077],[-14.63945980699998,13.649318096000059],[-14.660860541999966,13.642846189000068],[-14.712440792999928,13.619583440000042],[-14.711802338999973,13.613789885000074],[-14.717805990999977,13.60144783800007],[-14.723803619999956,13.581719465000049],[-14.739260618999936,13.585552574000076],[-14.74127532999995,13.593187614000044],[-14.748206893999964,13.597576587000049],[-14.751386926999942,13.596731677000037],[-14.754570573999956,13.59235295700006],[-14.758325948999982,13.59405283700005],[-14.770752812999945,13.594629982000072],[-14.774363836999953,13.596329490000073],[-14.77646109799997,13.594281791000071],[-14.777471313999968,13.595696205000024],[-14.77963955499996,13.594991377000042],[-14.780797547999953,13.592872132000025],[-14.785856844999955,13.591038966000042],[-14.786577715999954,13.59287714900006],[-14.78455274099997,13.594995673000028],[-14.785851258999969,13.597258411000041],[-14.783536068999979,13.600648835000072],[-14.782235875999959,13.600223649000043],[-14.784111671999938,13.60333500400003],[-14.782663728999978,13.60644346500004],[-14.784108340999978,13.607010126000034],[-14.789168415999939,13.604611495000029],[-14.790326496999967,13.602350856000044],[-14.792494270999953,13.602211321000027],[-14.795531768999979,13.598962756000049],[-14.80015448599994,13.600804073000063],[-14.804925370999968,13.598263533000022],[-14.806802022999932,13.60066796600006],[-14.807814840999981,13.599113887000044],[-14.810849400999928,13.59925756000007],[-14.810706351999954,13.597419885000022],[-14.813307814999973,13.59699779400006],[-14.81706326099993,13.599262201000045],[-14.82067650199997,13.59855807100007],[-14.822265351999931,13.599548669000058],[-14.823568439999974,13.596157162000054],[-14.824289931999942,13.597571186000039],[-14.827902513999959,13.597715059000052],[-14.826604413999974,13.594321726000032],[-14.831807907999973,13.592487723000033],[-14.833252160999962,13.59361950500005],[-14.836432533999982,13.591784043000075],[-14.834844456999974,13.58966272300006],[-14.836868944999935,13.587543783000058],[-14.835715172999926,13.584291939000025],[-14.837592703999974,13.585706685000048],[-14.840627870999981,13.584719182000072],[-14.83918439799993,13.582456630000024],[-14.843809548999957,13.580621997000037],[-14.840198630999964,13.578358083000069],[-14.839200855999934,13.56734517500007]]]}},{"type":"Feature","id":"gb:56634734B93657392024497","properties":{"id":"gb:56634734B93657392024497","name":"Sandu","parentId":"gb:31243875B74768451122912","level":"ADM2","countryCode":"GM"},"geometry":{"type":"Polygon","coordinates":[[[-14.238252543999977,13.470171309000023],[-14.243523104999952,13.462916836000034],[-14.247275226999932,13.463776152000037],[-14.27457568899996,13.461877598000058],[-14.281504645999973,13.462886897000033],[-14.330132743999968,13.451501545000042],[-14.346141971999941,13.45903495400006],[-14.351617573999931,13.463572182000064],[-14.366692735999948,13.469900489000054],[-14.395388434999973,13.487639442000045],[-14.42403640599997,13.49696502300003],[-14.427929217999974,13.499942212000065],[-14.44102307399993,13.521597814000074],[-14.445056696999927,13.526412578000077],[-14.448377612999934,13.52712665100006],[-14.451429359999963,13.519217925000078],[-14.458086066999954,13.51400256900007],[-14.460695717999954,13.50976778100005],[-14.468648220999967,13.506251078000048],[-14.469666528999937,13.503002240000058],[-14.472996203999969,13.499616915000047],[-14.478776065999966,13.498639558000036],[-14.48181453899997,13.496242940000059],[-14.47383380499997,13.479900652000026],[-14.474132245999954,13.475519489000021],[-14.475870618999977,13.473120206000033],[-14.488736039999935,13.467775475000053],[-14.499424309999938,13.467372943000044],[-14.502316880999956,13.465399805000061],[-14.505218405999926,13.459044838000068],[-14.50680846399996,13.458341217000054],[-14.509116284999948,13.459759220000024],[-14.504456206999976,13.443424288000074],[-14.503920396999945,13.423068969000042],[-14.502481950999936,13.420380500000022],[-14.486410196999941,13.406990807000057],[-14.482815915999936,13.399774671000046],[-14.480531862999953,13.38761396600006],[-14.47677839499994,13.387464874000045],[-14.466791267999952,13.39889325200005],[-14.45333785899993,13.410313707000057],[-14.449871562999931,13.410730219000072],[-14.439915605999943,13.407740010000055],[-14.427522084999964,13.397676509000064],[-14.425240844999962,13.385515410000039],[-14.422079799999949,13.37914754600007],[-14.41862137399994,13.376454009000042],[-14.403909431999978,13.37090721100003],[-14.386219317999974,13.373055802000067],[-14.38304904399996,13.370786536000026],[-14.377833573999965,13.349783717000037],[-14.371808098999963,13.335351439000021],[-14.360350195999956,13.328750169000045],[-14.349245641999971,13.325188267000044],[-14.317772703999935,13.32793255200005],[-14.304197854999927,13.330439918000025],[-14.298766268999941,13.33699752800004],[-14.289468952999982,13.357325332000073],[-14.287706858999968,13.367497207000042],[-14.28261781699996,13.369176588000073],[-14.27781303699993,13.371729519000041],[-14.27210920899995,13.370867754000074],[-14.27255441899996,13.372633390000033],[-14.271048319999977,13.37409935100004],[-14.269099670999935,13.372917492000056],[-14.267145264999954,13.37364698600004],[-14.266382412999974,13.37761456800007],[-14.268311997999945,13.385118656000031],[-14.267255432999946,13.386879947000068],[-14.268901607999965,13.388796095000032],[-14.267543337999939,13.390997601000038],[-14.268740775999959,13.392324334000023],[-14.26783080499996,13.395262283000022],[-14.269315757999948,13.400853693000045],[-14.262548012999957,13.403921627000045],[-14.262686996999946,13.40759775600003],[-14.260206043999972,13.41079968300005],[-14.258471328999974,13.410967067000058],[-14.25657788999996,13.416181013000028],[-14.251921409999966,13.416314275000047],[-14.244842984999934,13.422468369000057],[-14.24269133499996,13.438046890000066],[-14.23693693499996,13.452732292000064],[-14.237142477999953,13.458981588000029],[-14.235624411999936,13.46397591300007],[-14.238252543999977,13.470171309000023]]]}},{"type":"Feature","id":"gb:56634734B31410801409584","properties":{"id":"gb:56634734B31410801409584","name":"Serrekunda Central","parentId":"gb:31243875B42421745591684","level":"ADM2","countryCode":"GM"},"geometry":{"type":"Polygon","coordinates":[[[-16.675624735999975,13.445104807000064],[-16.683791717999952,13.436780471000077],[-16.691037838999932,13.433666408000022],[-16.691982596999935,13.425683218000074],[-16.690844294999977,13.425339951000069],[-16.689557014999934,13.418751158000077],[-16.684806048999974,13.417952768000077],[-16.68432205099998,13.416616633000046],[-16.673565546999953,13.418916933000048],[-16.675805577999938,13.433552141000064],[-16.67667023499996,13.438944976000073],[-16.675624735999975,13.445104807000064]]]}},{"type":"Feature","id":"gb:56634734B18055278254530","properties":{"id":"gb:56634734B18055278254530","name":"Serrekunda East","parentId":"gb:31243875B42421745591684","level":"ADM2","countryCode":"GM"},"geometry":{"type":"Polygon","coordinates":[[[-16.675805577999938,13.433552141000064],[-16.673565546999953,13.418916933000048],[-16.68432205099998,13.416616633000046],[-16.673142878999954,13.40832559000006],[-16.671360824999965,13.408846164000067],[-16.66857439299997,13.404524707000064],[-16.665666145999978,13.404223708000075],[-16.664955951999957,13.396130872000072],[-16.659484799999973,13.384473644000025],[-16.644752488999927,13.39459411300004],[-16.64505513699993,13.399678958000038],[-16.643089370999974,13.400632416000064],[-16.64334193299993,13.400945573000058],[-16.64295033299993,13.401002943000037],[-16.64257631199996,13.401789044000054],[-16.64241198999997,13.402012359000025],[-16.64187605899997,13.402160050000077],[-16.64153469599995,13.401866948000077],[-16.640733490999935,13.401599113000032],[-16.640884530999926,13.40282116000003],[-16.640337690999957,13.403410927000039],[-16.640121299999976,13.403516555000067],[-16.640033045999928,13.403517129000022],[-16.639899569999955,13.403354236000041],[-16.63978831999998,13.40321847000007],[-16.63869731899996,13.403480767000076],[-16.638513511999975,13.403511985000023],[-16.638160008999932,13.403394179000031],[-16.638127458999975,13.40311666100007],[-16.637942278999958,13.40294522000005],[-16.63774455999993,13.403186701000038],[-16.637592740999935,13.403412873000036],[-16.637333377999937,13.403609716000062],[-16.637088535999965,13.403686367000034],[-16.63675178999995,13.403778626000076],[-16.636709241999938,13.404289324000047],[-16.63659570599998,13.404507742000021],[-16.636389147999978,13.404576636000058],[-16.635678435999978,13.403793090000022],[-16.63544791299995,13.403719522000074],[-16.635280248999948,13.403870733000076],[-16.638389810999968,13.407888910000054],[-16.641071428999965,13.407586249000076],[-16.64257749199993,13.410316212000055],[-16.64606419499995,13.411134181000023],[-16.646162474999926,13.413168649000056],[-16.649076054999966,13.414245013000027],[-16.651525876999926,13.413407439000025],[-16.652771377999954,13.416000841000027],[-16.65545680499997,13.416660241000045],[-16.654412203999982,13.419580536000069],[-16.649939956999958,13.422409186000039],[-16.65279890599993,13.423432602000048],[-16.652995501999953,13.424907050000058],[-16.65601866399993,13.423807027000066],[-16.656232803999956,13.425570418000063],[-16.65401183199998,13.426931424000031],[-16.654470036999953,13.429157234000058],[-16.657375696999964,13.429046855000024],[-16.656789119999928,13.435080733000063],[-16.658508603999962,13.43521370700006],[-16.661070421999966,13.432412457000055],[-16.665485411999953,13.434924427000055],[-16.67210197199995,13.435030422000068],[-16.675805577999938,13.433552141000064]]]}},{"type":"Feature","id":"gb:56634734B71497134195207","properties":{"id":"gb:56634734B71497134195207","name":"Serrekunda West","parentId":"gb:31243875B42421745591684","level":"ADM2","countryCode":"GM"},"geometry":{"type":"Polygon","coordinates":[[[-16.702370756999926,13.466474321000021],[-16.70853741299993,13.46193867200003],[-16.707459163999943,13.460709132000034],[-16.71484942199993,13.458932301000061],[-16.723153511999953,13.449020243000064],[-16.724282348999964,13.443738231000054],[-16.71898580499993,13.441055751000022],[-16.707246638999948,13.441277565000064],[-16.704778214999976,13.435116788000073],[-16.70570734499995,13.432962703000044],[-16.704755975999944,13.428108661000067],[-16.698571930999947,13.426456732000076],[-16.697638095999935,13.428340938000076],[-16.691982596999935,13.425683218000074],[-16.691037838999932,13.433666408000022],[-16.683791717999952,13.436780471000077],[-16.675624735999975,13.445104807000064],[-16.688794515999973,13.464204347000077],[-16.69278535799998,13.461538],[-16.702370756999926,13.466474321000021]]]}},{"type":"Feature","id":"gb:56634734B54781332377439","properties":{"id":"gb:56634734B54781332377439","name":"Tumana","parentId":"gb:31243875B74768451122912","level":"ADM2","countryCode":"GM"},"geometry":{"type":"Polygon","coordinates":[[[-14.119206898999948,13.282839400000057],[-14.09431464499994,13.282460059000073],[-14.080947521999974,13.284470494000061],[-14.068813790999968,13.290406862000054],[-14.031601507999937,13.293476445000067],[-13.977823498999953,13.30611321300006],[-13.94440670299997,13.318719435000048],[-13.942964545999928,13.328659617000028],[-13.945616622999978,13.334413035000068],[-13.953121677999945,13.33818916000007],[-13.95679180899998,13.344446022000056],[-13.964413139999976,13.350968691000048],[-13.966051870999934,13.355344607000063],[-13.97087424199998,13.360607320000042],[-13.974439805999964,13.361620469000059],[-13.981925753999974,13.370264324000061],[-13.983859332999941,13.380446180000035],[-13.986274582999954,13.382203571000048],[-13.985618771999953,13.386570177000067],[-13.987527194999927,13.387576513000056],[-13.987895108999965,13.391073377000055],[-13.985854446999952,13.391190031000065],[-13.987492225999972,13.395940342000074],[-13.991440400999977,13.397079656000074],[-13.994103111999948,13.400710505000063],[-14.000602731999948,13.401610164000033],[-14.003679536999982,13.397627578000026],[-14.009166685999958,13.396650476000048],[-14.014793501999975,13.392677726000045],[-14.015936024999974,13.393930542000021],[-14.019384903999935,13.392445917000032],[-14.02207220899993,13.390084439000077],[-14.022849856999926,13.38696653200003],[-14.033627861999946,13.387951416000021],[-14.040683756999954,13.388487123000061],[-14.049953280999944,13.39896069100007],[-14.052470323999955,13.411981578000052],[-14.051538327999936,13.43514867600004],[-14.057069388999935,13.44957755300004],[-14.064624336999941,13.45360473900007],[-14.075074928999982,13.454701936000049],[-14.084828739999978,13.44944479700007],[-14.089533014999972,13.444757133000053],[-14.101373991999935,13.42739212400005],[-14.109998335999933,13.41842487200006],[-14.111947561999955,13.41113935800007],[-14.11162253699996,13.401493440000024],[-14.104306562999966,13.381766393000078],[-14.104560299999946,13.37812109600003],[-14.107335030999934,13.374955182000065],[-14.112142841999969,13.374266386000045],[-14.11682107699994,13.37616467600003],[-14.126275864999968,13.386077578000027],[-14.130353337999964,13.388091178000025],[-14.133718039999962,13.387867494000034],[-14.141546282999968,13.38245426900005],[-14.148152186999937,13.382917689000067],[-14.15039133199997,13.386747890000038],[-14.15014518099997,13.392701595000062],[-14.140608390999944,13.413987966000036],[-14.14463851499994,13.421058864000031],[-14.15048416999997,13.42446020500006],[-14.155737939999938,13.425360006000062],[-14.159358004999945,13.420961341000066],[-14.16086570799996,13.39766279500003],[-14.162683115999982,13.393258050000043],[-14.170812302999934,13.387550839000028],[-14.181773002999932,13.388174668000033],[-14.184780944999943,13.386861148000037],[-14.188656389999949,13.373126601000024],[-14.186766809999938,13.35444810000007],[-14.18858191499993,13.350484184000038],[-14.191742429999977,13.348288874000048],[-14.200604195999972,13.347434816000032],[-14.205267978999927,13.344655954000075],[-14.208524645999944,13.335917977000065],[-14.206610657999931,13.324296781000044],[-14.207267290999937,13.319647395000061],[-14.200636116999931,13.31486824500007],[-14.19897937199994,13.316480334000062],[-14.16971001099995,13.314622015000054],[-14.163123551999945,13.309013382000046],[-14.160742814999935,13.30283040300003],[-14.155357306999974,13.297372579000069],[-14.153555899999958,13.297366590000024],[-14.152588052999931,13.295084455000051],[-14.144789770999978,13.292852959000072],[-14.130408175999946,13.284570752000036],[-14.119206898999948,13.282839400000057]]]}},{"type":"Feature","id":"gb:56634734B91081024976770","properties":{"id":"gb:56634734B91081024976770","name":"Upper Fuladu West","parentId":"gb:31243875B72482523363184","level":"ADM2","countryCode":"GM"},"geometry":{"type":"Polygon","coordinates":[[[-14.758200044999967,13.523342232000061],[-14.758233956999959,13.518637950000027],[-14.760567485999957,13.513801355000055],[-14.75827912799997,13.509665640000037],[-14.764672465999979,13.508495290000042],[-14.79133269099998,13.508518901000059],[-14.816129091999926,13.437094410000043],[-14.81036370399994,13.43590187600006],[-14.768786473999967,13.435124486000063],[-14.76515524499996,13.424204018000069],[-14.75561055199995,13.409638795000035],[-14.744398255999954,13.394922999000073],[-14.734839995999948,13.38648424400003],[-14.736284620999982,13.380050151000034],[-14.735521906999963,13.375729041000056],[-14.733413794999933,13.373660591000032],[-14.71937970199997,13.374415379000027],[-14.700903423999932,13.355811321000033],[-14.689566542999955,13.348519604000046],[-14.663478834999978,13.34281862000006],[-14.632235591999972,13.343764156000077],[-14.613572278999982,13.347598206000043],[-14.599302975999933,13.354111407000062],[-14.590957382999932,13.355657643000029],[-14.58473195099998,13.359212247000073],[-14.581084136999948,13.363365092000038],[-14.546485304999976,13.321350083000027],[-14.526915550999945,13.362240777000068],[-14.52660439799996,13.37740326100004],[-14.52781569299998,13.384287989000029],[-14.52378314699996,13.380154882000056],[-14.522126527999944,13.380528237000021],[-14.520937849999939,13.381796183000063],[-14.516461161999928,13.380508576000068],[-14.511015297999961,13.381417075000059],[-14.509891177999975,13.380312134000064],[-14.505572021999967,13.381038903000047],[-14.498054391999972,13.385199421000038],[-14.500852400999975,13.393895198000052],[-14.501015415999973,13.404471215000058],[-14.504602472999977,13.412016600000072],[-14.503881968999963,13.412986851000028],[-14.503609688999973,13.414131363000024],[-14.50358058699993,13.414286279000066],[-14.505088144999945,13.416064453000047],[-14.506432452999945,13.426464073000034],[-14.506700861999946,13.443619607000073],[-14.513326635999931,13.46888228000006],[-14.522275064999974,13.471647216000065],[-14.537604242999976,13.471081777000052],[-14.55533769799996,13.48344165900005],[-14.571270726999956,13.48510318700005],[-14.576124292999964,13.486893776000045],[-14.58142601399993,13.492843830000027],[-14.580800891999957,13.503165542000033],[-14.568448160999935,13.535523775000058],[-14.571902989999955,13.55602659300007],[-14.577361051999958,13.560194672000023],[-14.588891185999955,13.564966819000063],[-14.595723475999932,13.564829446000033],[-14.60726740399997,13.561580242000048],[-14.617450598999937,13.554615196000043],[-14.625056812999958,13.54482381400004],[-14.62734588199993,13.537177989000043],[-14.627049670999952,13.532424614000035],[-14.617709701999956,13.487331873000073],[-14.617885543999932,13.472182114000077],[-14.619415870999944,13.46416382600006],[-14.628860773999975,13.440932976000056],[-14.632052181999939,13.437818522000043],[-14.641163415999927,13.433375750000039],[-14.64982278399998,13.433130584000025],[-14.654217947999939,13.436849922000022],[-14.678438115999938,13.480921382000076],[-14.689348189999976,13.494451397000034],[-14.704355953999936,13.509471120000057],[-14.708889184999975,13.526334634000023],[-14.713123142999962,13.53255279700005],[-14.720877448999943,13.529764488000069],[-14.73681593699996,13.530524408000076],[-14.758200044999967,13.523342232000061]]]}},{"type":"Feature","id":"gb:56634734B28238259284132","properties":{"id":"gb:56634734B28238259284132","name":"Upper Niumi","parentId":"gb:31243875B21899311231896","level":"ADM2","countryCode":"GM"},"geometry":{"type":"Polygon","coordinates":[[[-16.297987370999977,13.532873175000077],[-16.307099156999982,13.519049384000027],[-16.326479233999976,13.500161620000029],[-16.355400418999977,13.488392495000028],[-16.367713333999973,13.48631550500005],[-16.38273447199998,13.478974227000037],[-16.39657923599998,13.465719838000041],[-16.409325939999974,13.460064911000075],[-16.427572381999937,13.458398533000036],[-16.435756735999973,13.453214910000042],[-16.44028979999996,13.44805197900007],[-16.44411407299998,13.438872773000071],[-16.440607488999945,13.424821874000031],[-16.443557560999977,13.422124808000035],[-16.448809206999954,13.422764728000061],[-16.45334683599998,13.41849499500006],[-16.454723824999974,13.419827144000067],[-16.457228137999948,13.418919291000066],[-16.458837347999975,13.420920115000058],[-16.45772083199995,13.424946829000021],[-16.462755208999965,13.427374482000062],[-16.462741680999954,13.425141089000022],[-16.46868331199994,13.426669963000052],[-16.47322879099994,13.423739933000036],[-16.477360700999952,13.423715750000042],[-16.478689500999963,13.42125115500005],[-16.47817308799995,13.411426965000032],[-16.47996953699993,13.40672617000007],[-16.480143021999936,13.397791315000063],[-16.482861440999955,13.394648525000036],[-16.482611429999963,13.391076458000043],[-16.484436426999935,13.391065742000023],[-16.496451804999936,13.378822569000022],[-16.49846201699995,13.371886978000077],[-16.507765714999948,13.36401465800003],[-16.507525132999945,13.362005994000071],[-16.49566554699993,13.362299687000075],[-16.483331931999942,13.359692103000043],[-16.475120491999974,13.359740077000026],[-16.455017160999944,13.354719379000073],[-16.45066470599994,13.351617453000074],[-16.447015248999946,13.351638325000067],[-16.44107029299994,13.349215360000073],[-16.417240772999946,13.330811507000021],[-16.411295276999965,13.328164412000035],[-16.40743095399995,13.330419411000037],[-16.390557144999946,13.331182520000027],[-16.382139828999982,13.335025564000034],[-16.354795319999937,13.339751938000063],[-16.335448155999927,13.347225438000066],[-16.320605960999956,13.344399530000032],[-16.315553982999973,13.338171694000039],[-16.31007617499995,13.33752996800007],[-16.301434994999966,13.34248843000006],[-16.30008314099996,13.345622436000042],[-16.283039306999967,13.357770917000039],[-16.264145431999964,13.365460340000027],[-16.245277784999928,13.378509102000066],[-16.243694588999972,13.381197286000031],[-16.211429514999963,13.407488020000073],[-16.20802800799993,13.415567915000054],[-16.22756413099995,13.421549164000055],[-16.232494585999973,13.42188249700007],[-16.24178033499993,13.41719093000006],[-16.244343223999977,13.418607837000025],[-16.244360708999977,13.422002903000077],[-16.239795338999954,13.42166800900003],[-16.235244592999948,13.424192044000051],[-16.23361904199993,13.42759516700005],[-16.238966071999982,13.437933096000052],[-16.23898901399997,13.44240029100007],[-16.236126729999967,13.453850670000065],[-16.230138997999973,13.461117070000057],[-16.232178373999943,13.467182625000078],[-16.230754312999977,13.474337297000034],[-16.22567661399995,13.481152440000074],[-16.226052719999927,13.483294915000045],[-16.22041150499996,13.487074949000032],[-16.21880805099994,13.494945224000048],[-16.220854326999927,13.502351016000034],[-16.225059681999937,13.503402657000038],[-16.226682124999968,13.49928480400007],[-16.231097530999932,13.50569607600005],[-16.229653163999956,13.508919621000075],[-16.22707837599995,13.505358399000045],[-16.22416032899997,13.50608743500004],[-16.22566225199995,13.514121242000044],[-16.22768287799994,13.51643434400006],[-16.230058691999943,13.516780071000028],[-16.230590949999964,13.513739697000062],[-16.23314751399994,13.513727126000049],[-16.231892175999974,13.518200594000064],[-16.237554159999945,13.51835137300003],[-16.240319264999982,13.523341046000041],[-16.24343397299998,13.525291196000069],[-16.24565234599993,13.530462197000077],[-16.24766120299995,13.530452190000062],[-16.25111145099993,13.526682467000057],[-16.254233763999935,13.530061955000065],[-16.256237926999972,13.529158453000036],[-16.267025816999933,13.531605721000062],[-16.280345790999945,13.52939365900005],[-16.297987370999977,13.532873175000077]]]}},{"type":"Feature","id":"gb:56634734B57962636272806","properties":{"id":"gb:56634734B57962636272806","name":"Upper Saloum","parentId":"gb:31243875B86283726287100","level":"ADM2","countryCode":"GM"},"geometry":{"type":"Polygon","coordinates":[[[-15.285395310999945,13.676013939000029],[-15.276475539999979,13.667367116000037],[-15.240742068999964,13.644881792000035],[-15.212851214999944,13.643667483000058],[-15.20894371299994,13.645117210000024],[-15.201675651999949,13.652791440000044],[-15.206534089999934,13.654935972000033],[-15.209659193999926,13.65832576300005],[-15.216366860999926,13.659224646000041],[-15.21694824399998,13.662729627000033],[-15.215449478999972,13.667706464000048],[-15.20932596199998,13.673818041000061],[-15.20366199199998,13.676762846000031],[-15.19972998999998,13.676652965000073],[-15.197990886999946,13.671339588000023],[-15.194290167999952,13.671116356000027],[-15.185620589999928,13.67564621300005],[-15.180767256999957,13.680512255000053],[-15.181583544999967,13.68933191800005],[-15.18360861399998,13.690857008000023],[-15.187656407999953,13.69085397300006],[-15.188005965999935,13.694133033000071],[-15.18419487999995,13.701146866000045],[-15.179337657999952,13.701602755000067],[-15.175287665999974,13.698891734000028],[-15.173437761999935,13.699684599000022],[-15.173093277999953,13.703077245000031],[-15.174366758999952,13.704772552000065],[-15.172981508999953,13.708392089000029],[-15.174953587999937,13.716306306000035],[-15.17703621399994,13.717209463000074],[-15.181199431999971,13.716301806000047],[-15.181435101999966,13.721955631000071],[-15.177331021999976,13.724729069000034],[-15.172702898999944,13.722809988000051],[-15.169929494999963,13.726430471000072],[-15.169815452999956,13.72869214800005],[-15.173634638999943,13.731516490000047],[-15.171903112999928,13.736380136000037],[-15.167972544999941,13.739662158000044],[-15.161495037999941,13.740118801000051],[-15.158954063999943,13.745887525000057],[-15.154791423999939,13.748604088000036],[-15.153983364999931,13.751205429000038],[-15.15635561399995,13.752391274000047],[-15.159366930999965,13.757704094000076],[-15.15717187599995,13.76211561200006],[-15.153470058999972,13.762344105000068],[-15.150228527999957,13.75872755100005],[-15.146179631999928,13.758843066000054],[-15.140051361999951,13.76393521500006],[-15.14097916399993,13.767779396000037],[-15.140055265999933,13.77049383700006],[-15.138205677999963,13.772982634000073],[-15.136585992999926,13.772983538000062],[-15.13288238499996,13.770384731000036],[-15.13149176099995,13.766201527000021],[-15.12813574699993,13.76428093900006],[-15.123971470999948,13.765187708000042],[-15.123973794999927,13.769597819000069],[-15.117611566999926,13.771070976000033],[-15.11437095599996,13.768471667000028],[-15.105693058999975,13.765874707000023],[-15.103376409999953,13.759317057000032],[-15.098228156999937,13.75869722300007],[-15.097417801999939,13.757340585000065],[-15.093137749999926,13.758020719000058],[-15.080299491999938,13.766053914000054],[-15.074977995999973,13.766620991000025],[-15.065377259999934,13.771825403000037],[-15.059823434999942,13.769339057000025],[-15.044611263999968,13.775165900000047],[-15.038133087999938,13.779124785000022],[-15.035704039999928,13.78274370500003],[-15.02934055299994,13.781500668000035],[-15.029687170999978,13.777768990000027],[-15.027489212999967,13.779804684000055],[-15.022220217999973,13.779047001000038],[-15.014704829999971,13.779296919000046],[-15.015861850999954,13.780314567000062],[-15.013085209999929,13.781332450000036],[-15.01250682999995,13.783254838000062],[-15.014126917999931,13.788682582000035],[-15.010655869999937,13.78755195900004],[-15.007762456999956,13.788921428000037],[-15.006722219999972,13.791962211000055],[-14.999201633999974,13.788796067000021],[-14.99677192799993,13.789361446000044],[-14.994342174999929,13.791396839000072],[-14.992450899999938,13.799222004000057],[-15.008754944999964,13.807202664000044],[-15.070713006999938,13.823235736000072],[-15.08910200799994,13.814005389000044],[-15.117746818999933,13.803765239000029],[-15.138937010999939,13.794300941000074],[-15.200538811999934,13.762334429000077],[-15.217491264999978,13.749664088000031],[-15.232920949999937,13.748616859000037],[-15.237889699999982,13.74995519600003],[-15.242125360999978,13.757802924000032],[-15.248580941999933,13.765648339000052],[-15.264607644999955,13.77777098200005],[-15.282059259999926,13.786739858000033],[-15.294537348999938,13.79054781900004],[-15.330001374999938,13.789934569000025],[-15.34703064699994,13.788042222000058],[-15.322324308999953,13.762127614000065],[-15.317120010999929,13.747659808000037],[-15.31335232999993,13.742846798000073],[-15.30322621299996,13.735252347000028],[-15.292911697999955,13.731265664000034],[-15.287721826999928,13.725818829000048],[-15.283640463999973,13.71511500400004],[-15.285395310999945,13.676013939000029]]]}},{"type":"Feature","id":"gb:56634734B89687119950058","properties":{"id":"gb:56634734B89687119950058","name":"Wuli East","parentId":"gb:31243875B74768451122912","level":"ADM2","countryCode":"GM"},"geometry":{"type":"Polygon","coordinates":[[[-14.09473632199996,13.43846958100005],[-14.086902750999968,13.449494256000037],[-14.076741152999944,13.45533806900005],[-14.070353608999937,13.456233432000033],[-14.063505540999927,13.454829701000051],[-14.058071886999926,13.451868986000022],[-14.053590148999945,13.44560376000004],[-14.04932244899993,13.432723314000043],[-14.051269199999979,13.415088066000067],[-14.050192606999929,13.402403394000032],[-14.048330560999943,13.39853706200006],[-14.040106626999943,13.389500873000031],[-14.034665187999963,13.388928815000043],[-14.029588158999957,13.391114687000027],[-14.000315127999954,13.411307677000025],[-13.996920803999956,13.414969695000025],[-14.003736364999952,13.44660592200006],[-14.003344904999949,13.450463632000037],[-14.000139314999956,13.453758848000064],[-13.978713138999979,13.466456342000072],[-13.960998394999933,13.473815152000043],[-13.949063209999963,13.47643019000003],[-13.944754886999931,13.474023106000061],[-13.933933297999943,13.45835693500004],[-13.926528480999934,13.434619071000043],[-13.918896960999973,13.419884824000064],[-13.909923315999947,13.411576550000063],[-13.901490900999931,13.408232128000066],[-13.88985493599995,13.407629904000032],[-13.88759641699994,13.408906340000044],[-13.885320084999933,13.41404181400003],[-13.88319654399993,13.426712432000045],[-13.883430119999957,13.437096365000059],[-13.878903031999926,13.441670448000025],[-13.874201751999976,13.443303379000042],[-13.87060880699994,13.448800302000052],[-13.870212640999966,13.453208935000077],[-13.87972386499996,13.467034030000036],[-13.889065345999938,13.477182726000024],[-13.891897450999977,13.494193761000076],[-13.885855112999934,13.50133392500004],[-13.870436522999967,13.50549157100005],[-13.858947168999975,13.51260639800006],[-13.86847973099998,13.522205463000034],[-13.880144980999944,13.537786180000069],[-13.885546355999963,13.547549937000042],[-13.892841802999953,13.55401420100003],[-13.900709608999932,13.55864312400007],[-13.909142089999932,13.56309051900007],[-13.918148415999951,13.565334920000055],[-13.962542619999965,13.572598506000077],[-13.985431541999958,13.579492162000065],[-13.996151002999966,13.57677895200004],[-14.003492714999936,13.573132937000025],[-14.011335397999972,13.561862096000027],[-14.032212258999948,13.555511780000074],[-14.048930866999967,13.555392208000058],[-14.083376961999932,13.550981707000062],[-14.081119695999973,13.537870114000043],[-14.074339209999948,13.532138244000066],[-14.107026290999954,13.46681548600003],[-14.094830787999967,13.438312396000072],[-14.09473632199996,13.43846958100005]]]}},{"type":"Feature","id":"gb:56634734B48610519572764","properties":{"id":"gb:56634734B48610519572764","name":"Wuli West","parentId":"gb:31243875B74768451122912","level":"ADM2","countryCode":"GM"},"geometry":{"type":"Polygon","coordinates":[[[-14.28261781699996,13.369176588000073],[-14.277071509999928,13.368603020000023],[-14.268259263999937,13.365269528000056],[-14.254767724999965,13.357694922000064],[-14.248780163999982,13.351612282000076],[-14.246924880999927,13.344622892000075],[-14.242440433999946,13.338177009000049],[-14.230429380999965,13.337957061000054],[-14.224055256999975,13.33573221100005],[-14.21845262599993,13.327077089000056],[-14.215294771999936,13.31695914100004],[-14.212483370999962,13.315847726000072],[-14.208153967999976,13.319877543000075],[-14.209120729999938,13.340005034000058],[-14.205912128999955,13.34550855200007],[-14.20102262599994,13.348433741000065],[-14.189188479999927,13.351336702000026],[-14.18805373999993,13.353906044000041],[-14.190061932999981,13.370820596000044],[-14.188907426999947,13.379270950000034],[-14.185492974999931,13.388025033000076],[-14.182773031999943,13.389267393000068],[-14.175080947999959,13.387955920000024],[-14.17151180299993,13.388679377000074],[-14.166246849999936,13.391235019000021],[-14.163040372999944,13.395635195000068],[-14.160892542999932,13.419519743000023],[-14.158810112999959,13.42447491400003],[-14.155047498999977,13.42666771100005],[-14.150731269999937,13.426101861000063],[-14.142676466999944,13.420928723000031],[-14.139688304999936,13.416507801000023],[-14.140086005999933,13.410260598000036],[-14.14916053099995,13.392280752000033],[-14.149552748999952,13.387503744000071],[-14.147501452999961,13.383637415000067],[-14.142996998999934,13.38343840300007],[-14.136221667999962,13.388377441000046],[-14.131711217999964,13.389832234000039],[-14.124964040999942,13.386868467000056],[-14.115240487999927,13.376542909000023],[-14.10811038299994,13.375782746000027],[-14.105653271999927,13.380368573000055],[-14.112901204999957,13.400242373000026],[-14.113044455999955,13.412372359000074],[-14.11057416899996,13.420449974000064],[-14.101344178999966,13.428687316000037],[-14.094830787999967,13.438312396000072],[-14.107026290999954,13.46681548600003],[-14.074339209999948,13.532138244000066],[-14.081119695999973,13.537870114000043],[-14.083376961999932,13.550981707000062],[-14.108883703999936,13.547343236000074],[-14.138827479999975,13.525946004000048],[-14.157136091999973,13.527202887000044],[-14.185321836999947,13.523804355000038],[-14.213363134999952,13.506986014000063],[-14.225801401999945,13.493792332000055],[-14.230990955999971,13.485997482000073],[-14.238252543999977,13.470171309000023],[-14.235624411999936,13.46397591300007],[-14.237142477999953,13.458981588000029],[-14.23693693499996,13.452732292000064],[-14.24269133499996,13.438046890000066],[-14.244842984999934,13.422468369000057],[-14.251921409999966,13.416314275000047],[-14.25657788999996,13.416181013000028],[-14.258471328999974,13.410967067000058],[-14.260206043999972,13.41079968300005],[-14.262686996999946,13.40759775600003],[-14.262548012999957,13.403921627000045],[-14.269315757999948,13.400853693000045],[-14.26783080499996,13.395262283000022],[-14.268740775999959,13.392324334000023],[-14.267543337999939,13.390997601000038],[-14.268901607999965,13.388796095000032],[-14.267255432999946,13.386879947000068],[-14.268311997999945,13.385118656000031],[-14.266382412999974,13.37761456800007],[-14.267145264999954,13.37364698600004],[-14.269099670999935,13.372917492000056],[-14.271048319999977,13.37409935100004],[-14.27255441899996,13.372633390000033],[-14.27210920899995,13.370867754000074],[-14.27781303699993,13.371729519000041],[-14.28261781699996,13.369176588000073]]]}}]}
