{"type":"FeatureCollection","attribution":"Administrative boundary data: geoBoundaries (William & Mary geoLab), gbOpen; underlying source and license recorded for each layer.","source":{"layerId":"LCA-ADM2-8701671","apiUrl":"https://www.geoboundaries.org/api/current/gbOpen/LCA/ADM2/","downloadUrl":"https://github.com/wmgeolab/geoBoundaries/raw/9469f09/releaseData/gbOpen/LCA/ADM2/geoBoundaries-LCA-ADM2_simplified.geojson","boundaryYearRepresented":"2019","license":"Creative Commons Attribution 4.0 (CC BY 4.0)","simplification":"geoBoundaries provider-generated simplified geometry; tolerance not specified by the API"},"features":[{"type":"Feature","id":"gb:8701671B18704050053031","properties":{"id":"gb:8701671B18704050053031","name":"St Lawrence","parentId":"gb:63095687B3915284984293","level":"ADM2","countryCode":"LC"},"geometry":{"type":"Polygon","coordinates":[[[-61.01816571899997,13.93212427800006],[-61.01427170399995,13.930692497000052],[-61.01267868999997,13.934340981000048],[-61.01486825099994,13.936537505000047],[-61.02258117799994,13.937240872000075],[-61.02196156699995,13.940474687000062],[-61.026104188999966,13.942205580000063],[-61.02656425799995,13.94386204400007],[-61.02904589399998,13.944119668000042],[-61.03029344699996,13.944248707000042],[-61.03879628799996,13.943518340000026],[-61.04098504999996,13.942925481000032],[-61.04111014599994,13.94238897300005],[-61.039646603999984,13.941763407000053],[-61.03097875199995,13.94058037600007],[-61.02950165499993,13.938765948000025],[-61.02351981199996,13.936883609000063],[-61.01816571899997,13.93212427800006]]]}},{"type":"Feature","id":"gb:8701671B64921834857972","properties":{"id":"gb:8701671B64921834857972","name":"Champen Estate","parentId":"gb:63095687B3915284984293","level":"ADM2","countryCode":"LC"},"geometry":{"type":"Polygon","coordinates":[[[-61.039646603999984,13.941763407000053],[-61.04129682299998,13.93997931000007],[-61.03816961599995,13.938135880000061],[-61.03546878099996,13.936727713000039],[-61.03533117999996,13.93347168400004],[-61.032694807999974,13.932021853000037],[-61.02659817199998,13.931869798000037],[-61.01895773199993,13.930365313000038],[-61.01816571899997,13.93212427800006],[-61.02351981199996,13.936883609000063],[-61.02950165499993,13.938765948000025],[-61.03097875199995,13.94058037600007],[-61.039646603999984,13.941763407000053]]]}},{"type":"Feature","id":"gb:8701671B4886377420508","properties":{"id":"gb:8701671B4886377420508","name":"Fond Eau Rouge","parentId":"gb:63095687B3915284984293","level":"ADM2","countryCode":"LC"},"geometry":{"type":"Polygon","coordinates":[[[-61.02656425799995,13.94386204400007],[-61.02786117399995,13.948889222000048],[-61.031831919999945,13.949497975000043],[-61.036793123999985,13.953099657000053],[-61.03751122699998,13.952533837000033],[-61.03561923199999,13.951957568000068],[-61.03308232799998,13.947934271000065],[-61.02933030699995,13.946513220000043],[-61.02904589399998,13.944119668000042],[-61.02656425799995,13.94386204400007]]]}},{"type":"Feature","id":"gb:8701671B88374512548949","properties":{"id":"gb:8701671B88374512548949","name":"Morne D'Or","parentId":"gb:63095687B3915284984293","level":"ADM2","countryCode":"LC"},"geometry":{"type":"Polygon","coordinates":[[[-60.998574616999974,13.943380813000033],[-60.99728751899994,13.945291649000069],[-60.99956418099998,13.946895822000045],[-60.997930752999935,13.949496331000034],[-60.99736677899995,13.95211875900003],[-60.99918128899998,13.952180773000066],[-61.00049304799995,13.95016683600005],[-61.00215514399997,13.950934031000031],[-61.00190631199996,13.952673138000023],[-61.00498294399995,13.95313430400006],[-61.00575592499996,13.950725559000034],[-61.011182764999944,13.952836543000046],[-61.01053911699995,13.954317380000077],[-61.01371023699994,13.955753923000032],[-61.014924881999946,13.95410055900004],[-61.018406969999944,13.954680884000027],[-61.019923957999936,13.952535779000073],[-61.018495489999964,13.952205551000077],[-61.01509978699994,13.95282536600007],[-61.00369646499996,13.945666465000045],[-60.99866887699994,13.941306852000025],[-60.998574616999974,13.943380813000033]]]}},{"type":"Feature","id":"gb:8701671B70172506125810","properties":{"id":"gb:8701671B70172506125810","name":"Enbar Pwin/Millet","parentId":"gb:63095687B3915284984293","level":"ADM2","countryCode":"LC"},"geometry":{"type":"Polygon","coordinates":[[[-60.99108289199995,13.916495977000068],[-60.991848510999944,13.917179384000065],[-60.99248517899997,13.916456327000049],[-60.99517682499999,13.90961193000004],[-60.994447184999956,13.90758063900006],[-60.99301381599997,13.907755218000034],[-60.98999638699996,13.911934232000021],[-60.99108289199995,13.916495977000068]]]}},{"type":"Feature","id":"gb:8701671B36493357542675","properties":{"id":"gb:8701671B36493357542675","name":"Derriere Lagoon","parentId":"gb:63095687B3915284984293","level":"ADM2","countryCode":"LC"},"geometry":{"type":"Polygon","coordinates":[[[-61.01267868999997,13.934340981000048],[-61.011574304999954,13.934448305000046],[-61.01158322099997,13.938516739000022],[-61.014080570999965,13.944469445000038],[-61.01498858599996,13.946099017000051],[-61.01742899799996,13.946160227000064],[-61.021238806999975,13.946496042000035],[-61.021508117999986,13.946536317000039],[-61.022698257999934,13.946873759000027],[-61.026429674999974,13.94815286000005],[-61.02678138899995,13.949090656000067],[-61.02786117399995,13.948889222000048],[-61.02656425799995,13.94386204400007],[-61.026104188999966,13.942205580000063],[-61.02196156699995,13.940474687000062],[-61.02258117799994,13.937240872000075],[-61.01486825099994,13.936537505000047],[-61.01267868999997,13.934340981000048]]]}},{"type":"Feature","id":"gb:8701671B12563091717165","properties":{"id":"gb:8701671B12563091717165","name":"Jean Baptiste","parentId":"gb:63095687B3915284984293","level":"ADM2","countryCode":"LC"},"geometry":{"type":"Polygon","coordinates":[[[-61.01498858599996,13.946099017000051],[-61.01371917499995,13.946692382000037],[-61.01610483099995,13.948928354000032],[-61.01742899799996,13.946160227000064],[-61.01498858599996,13.946099017000051]]]}},{"type":"Feature","id":"gb:8701671B80977223747238","properties":{"id":"gb:8701671B80977223747238","name":"Jacmel","parentId":"gb:63095687B3915284984293","level":"ADM2","countryCode":"LC"},"geometry":{"type":"Polygon","coordinates":[[[-61.018495489999964,13.952205551000077],[-61.017388696999944,13.950804984000058],[-61.01844786799995,13.948659462000023],[-61.021238806999975,13.946496042000035],[-61.01742899799996,13.946160227000064],[-61.01610483099995,13.948928354000032],[-61.01371917499995,13.946692382000037],[-61.01498858599996,13.946099017000051],[-61.014080570999965,13.944469445000038],[-61.01182984899998,13.946138971000039],[-61.00778781799994,13.943806438000024],[-61.00369646499996,13.945666465000045],[-61.01509978699994,13.95282536600007],[-61.018495489999964,13.952205551000077]]]}},{"type":"Feature","id":"gb:8701671B8158625953395","properties":{"id":"gb:8701671B8158625953395","name":"Bois D'Inde","parentId":"gb:63095687B3915284984293","level":"ADM2","countryCode":"LC"},"geometry":{"type":"Polygon","coordinates":[[[-61.01158322099997,13.938516739000022],[-61.00974600799998,13.937694607000026],[-61.00595672199995,13.937632510000071],[-61.004843419999986,13.939323134000063],[-61.00778781799994,13.943806438000024],[-61.01182984899998,13.946138971000039],[-61.014080570999965,13.944469445000038],[-61.01158322099997,13.938516739000022]]]}},{"type":"Feature","id":"gb:8701671B86288644178895","properties":{"id":"gb:8701671B86288644178895","name":"Morne Ciseaux","parentId":"gb:63095687B3915284984293","level":"ADM2","countryCode":"LC"},"geometry":{"type":"Polygon","coordinates":[[[-61.00369646499996,13.945666465000045],[-61.00778781799994,13.943806438000024],[-61.004843419999986,13.939323134000063],[-61.00595672199995,13.937632510000071],[-61.00974600799998,13.937694607000026],[-61.00416585199997,13.929550119000055],[-61.00376688399996,13.926856388000033],[-60.998766785999976,13.927151397000046],[-60.99864090199998,13.927159308000057],[-61.00039861199997,13.932408786000053],[-60.99935455199994,13.938620193000077],[-60.99866887699994,13.941306852000025],[-61.00369646499996,13.945666465000045]]]}},{"type":"Feature","id":"gb:8701671B51566327672106","properties":{"id":"gb:8701671B51566327672106","name":"Vanard","parentId":"gb:63095687B3915284984293","level":"ADM2","countryCode":"LC"},"geometry":{"type":"Polygon","coordinates":[[[-60.998574616999974,13.943380813000033],[-60.99492828899997,13.939708754000037],[-60.99671298199996,13.93813655300005],[-60.99935455199994,13.938620193000077],[-61.00039861199997,13.932408786000053],[-60.99864090199998,13.927159308000057],[-60.99435257299996,13.92601430600007],[-60.986544186999936,13.926620687000025],[-60.98808488199995,13.939268936000076],[-60.99152874699996,13.945372426000063],[-60.99308336399997,13.94799796600006],[-60.997930752999935,13.949496331000034],[-60.99956418099998,13.946895822000045],[-60.99728751899994,13.945291649000069],[-60.998574616999974,13.943380813000033]]]}},{"type":"Feature","id":"gb:8701671B66361265375763","properties":{"id":"gb:8701671B66361265375763","name":"Millet","parentId":"gb:63095687B3915284984293","level":"ADM2","countryCode":"LC"},"geometry":{"type":"Polygon","coordinates":[[[-60.99301381599997,13.907755218000034],[-60.98772329299999,13.904667458000063],[-60.98627112499997,13.909666905000051],[-60.98458740999996,13.910356107000041],[-60.98546108299996,13.911817426000027],[-60.99108289199995,13.916495977000068],[-60.98999638699996,13.911934232000021],[-60.99301381599997,13.907755218000034]]]}},{"type":"Feature","id":"gb:8701671B30216430122169","properties":{"id":"gb:8701671B30216430122169","name":"Durandeau","parentId":"gb:63095687B3915284984293","level":"ADM2","countryCode":"LC"},"geometry":{"type":"Polygon","coordinates":[[[-60.998766785999976,13.927151397000046],[-61.00023568399996,13.919159858000057],[-60.99648265899998,13.918378028000063],[-60.99252318899994,13.919944377000036],[-60.99029626099997,13.922637353000027],[-60.99218059899994,13.924940182000057],[-60.99017790999994,13.924755401000027],[-60.98964928299995,13.924544719000039],[-60.986544186999936,13.926620687000025],[-60.99435257299996,13.92601430600007],[-60.99864090199998,13.927159308000057],[-60.998766785999976,13.927151397000046]]]}},{"type":"Feature","id":"gb:8701671B59724395423262","properties":{"id":"gb:8701671B59724395423262","name":"Derriere Dos","parentId":"gb:63095687B3915284984293","level":"ADM2","countryCode":"LC"},"geometry":{"type":"Polygon","coordinates":[[[-61.01427170399995,13.930692497000052],[-61.01201229999998,13.926250525000057],[-61.00955506099996,13.924711701000035],[-61.00931734499994,13.917139244000055],[-61.00514562099994,13.918926936000048],[-61.000870636999935,13.914867939000032],[-60.99566029599998,13.916940245000035],[-60.99648265899998,13.918378028000063],[-61.00023568399996,13.919159858000057],[-60.998766785999976,13.927151397000046],[-61.00376688399996,13.926856388000033],[-61.00416585199997,13.929550119000055],[-61.00974600799998,13.937694607000026],[-61.01158322099997,13.938516739000022],[-61.011574304999954,13.934448305000046],[-61.01267868999997,13.934340981000048],[-61.01427170399995,13.930692497000052]]]}},{"type":"Feature","id":"gb:8701671B68986810783457","properties":{"id":"gb:8701671B68986810783457","name":"Roseau Valley","parentId":"gb:63095687B3915284984293","level":"ADM2","countryCode":"LC"},"geometry":{"type":"Polygon","coordinates":[[[-61.018406969999944,13.954680884000027],[-61.02037489799994,13.955727251000042],[-61.01712076899997,13.959043201000043],[-61.02068198099994,13.960455765000063],[-61.02393669299994,13.957234977000041],[-61.026835259999984,13.956725577000043],[-61.02704355099996,13.95527018000007],[-61.02990948799999,13.954954009000062],[-61.03301884399997,13.959446901000035],[-61.03811578899996,13.956925409000064],[-61.03897820099996,13.954607162000059],[-61.03515463799994,13.952549781000073],[-61.031831917999966,13.949508553000044],[-61.02678138999994,13.949101239000072],[-61.026429674999974,13.94816343900004],[-61.02124940699997,13.946498403000021],[-61.01844786899994,13.948670040000025],[-61.017388696999944,13.950804984000058],[-61.018495489999964,13.952205551000077],[-61.019923957999936,13.952535779000073],[-61.018406969999944,13.954680884000027]]]}},{"type":"Feature","id":"gb:8701671B44154359269961","properties":{"id":"gb:8701671B44154359269961","name":"Dame De Traversay","parentId":"gb:63095687B3915284984293","level":"ADM2","countryCode":"LC"},"geometry":{"type":"Polygon","coordinates":[[[-60.99108289199995,13.916495977000068],[-60.98546108299996,13.911817426000027],[-60.98384343199996,13.917765174000067],[-60.98532267599995,13.923270175000027],[-60.98964928299995,13.924544719000039],[-60.99017790999994,13.924755401000027],[-60.99029560399998,13.919798306000075],[-60.991848510999944,13.917179384000065],[-60.99108289199995,13.916495977000068]]]}},{"type":"Feature","id":"gb:8701671B86605125061107","properties":{"id":"gb:8701671B86605125061107","name":"Caico/Millet","parentId":"gb:63095687B3915284984293","level":"ADM2","countryCode":"LC"},"geometry":{"type":"Polygon","coordinates":[[[-60.991848510999944,13.917179384000065],[-60.99029560399998,13.919798306000075],[-60.99017790999994,13.924755401000027],[-60.99218059899994,13.924940182000057],[-60.99029626099997,13.922637353000027],[-60.99252318899994,13.919944377000036],[-60.99648265899998,13.918378028000063],[-60.99566029599998,13.916940245000035],[-60.99297491699997,13.916447387000062],[-60.99248517899997,13.916456327000049],[-60.991848510999944,13.917179384000065]]]}},{"type":"Feature","id":"gb:8701671B40430448784583","properties":{"id":"gb:8701671B40430448784583","name":"Tete Chemin/Millet","parentId":"gb:63095687B3915284984293","level":"ADM2","countryCode":"LC"},"geometry":{"type":"Polygon","coordinates":[[[-60.99248517899997,13.916456327000049],[-60.99297491699997,13.916447387000062],[-60.99862166999998,13.910599715000046],[-61.000007720999974,13.907179876000043],[-61.00260569799997,13.906819600000063],[-61.00692446599999,13.899598638000043],[-61.014283355999964,13.892620161000025],[-61.00264852899994,13.878025466000054],[-61.002648513999986,13.87173288200006],[-60.999708328999986,13.868624058000023],[-60.98755692399993,13.878566228000068],[-60.986017441999934,13.882216968000023],[-60.98442646899997,13.881955725000068],[-60.984213469999986,13.886031419000062],[-60.98860901799998,13.890512083000033],[-60.98772329299999,13.904667458000063],[-60.99301381599997,13.907755218000034],[-60.994447184999956,13.90758063900006],[-60.99517682499999,13.90961193000004],[-60.99248517899997,13.916456327000049]]]}},{"type":"Feature","id":"gb:8701671B64289292392873","properties":{"id":"gb:8701671B64289292392873","name":"Au Tabor Hill","parentId":"gb:63095687B3915284984293","level":"ADM2","countryCode":"LC"},"geometry":{"type":"Polygon","coordinates":[[[-61.03029344699996,13.944248707000042],[-61.035416872999974,13.946026725000024],[-61.03893574899996,13.945631999000057],[-61.03879628799996,13.943518340000026],[-61.03029344699996,13.944248707000042]]]}},{"type":"Feature","id":"gb:8701671B26894832040288","properties":{"id":"gb:8701671B26894832040288","name":"Au Tabor","parentId":"gb:63095687B3915284984293","level":"ADM2","countryCode":"LC"},"geometry":{"type":"Polygon","coordinates":[[[-61.03879628799996,13.943518340000026],[-61.03893574899996,13.945631999000057],[-61.035416872999974,13.946026725000024],[-61.04029136099996,13.949299461000066],[-61.04498063899996,13.945188968000025],[-61.04569124899996,13.942350475000069],[-61.043951120999964,13.942145624000034],[-61.04098504999996,13.942925481000032],[-61.03879628799996,13.943518340000026]]]}},{"type":"Feature","id":"gb:8701671B73364458199971","properties":{"id":"gb:8701671B73364458199971","name":"Monchy/Vieux Sucreic/Bois D'Ine","parentId":"gb:63095687B77911403325027","level":"ADM2","countryCode":"LC"},"geometry":{"type":"Polygon","coordinates":[[[-60.94951409599997,14.058998350000024],[-60.954138617999945,14.057787913000027],[-60.95291672199994,14.055812961000072],[-60.949654985999985,14.052963896000051],[-60.949999839999975,14.054507706000038],[-60.94951409599997,14.058998350000024]]]}},{"type":"Feature","id":"gb:8701671B81059330414733","properties":{"id":"gb:8701671B81059330414733","name":"St Lawrence Estate","parentId":"gb:63095687B3915284984293","level":"ADM2","countryCode":"LC"},"geometry":{"type":"Polygon","coordinates":[[[-61.04098504999996,13.942925481000032],[-61.043951120999964,13.942145624000034],[-61.04379715199997,13.94174264700007],[-61.04111014599994,13.94238897300005],[-61.04098504999996,13.942925481000032]]]}},{"type":"Feature","id":"gb:8701671B60259256363554","properties":{"id":"gb:8701671B60259256363554","name":"Massacre","parentId":"gb:63095687B3915284984293","level":"ADM2","countryCode":"LC"},"geometry":{"type":"Polygon","coordinates":[[[-61.02904589399998,13.944119668000042],[-61.02933030699995,13.946513220000043],[-61.03308232799998,13.947934271000065],[-61.03561923199999,13.951957568000068],[-61.03751122699998,13.952533837000033],[-61.036793123999985,13.953099657000053],[-61.03897820099996,13.954607162000059],[-61.04029136099996,13.949299461000066],[-61.035416872999974,13.946026725000024],[-61.03029344699996,13.944248707000042],[-61.02904589399998,13.944119668000042]]]}},{"type":"Feature","id":"gb:8701671B61834764030996","properties":{"id":"gb:8701671B61834764030996","name":"Venus","parentId":"gb:63095687B3915284984293","level":"ADM2","countryCode":"LC"},"geometry":{"type":"Polygon","coordinates":[[[-61.01816571899997,13.93212427800006],[-61.01895773199993,13.930365313000038],[-61.02659817199998,13.931869798000037],[-61.03513082699993,13.92626049200004],[-61.03803266199998,13.924457609000058],[-61.03837832099998,13.924242551000077],[-61.03410873499996,13.919214672000066],[-61.02870699399995,13.911938904000067],[-61.02374837499997,13.910968120000064],[-61.01930914999997,13.90800899900006],[-61.014283355999964,13.892620161000025],[-61.00692446599999,13.899598638000043],[-61.00260569799997,13.906819600000063],[-61.000007720999974,13.907179876000043],[-60.99862166999998,13.910599715000046],[-60.99297491699997,13.916447387000062],[-60.99566029599998,13.916940245000035],[-61.000870636999935,13.914867939000032],[-61.00514562099994,13.918926936000048],[-61.00931734499994,13.917139244000055],[-61.00955506099996,13.924711701000035],[-61.01201229999998,13.926250525000057],[-61.01427170399995,13.930692497000052],[-61.01816571899997,13.93212427800006]]]}},{"type":"Feature","id":"gb:8701671B33386018665106","properties":{"id":"gb:8701671B33386018665106","name":"La Treille","parentId":"gb:63095687B3915284984293","level":"ADM2","countryCode":"LC"},"geometry":{"type":"Polygon","coordinates":[[[-60.99866887699994,13.941306852000025],[-60.99935455199994,13.938620193000077],[-60.99671298199996,13.93813655300005],[-60.99492828899997,13.939708754000037],[-60.998574616999974,13.943380813000033],[-60.99866887699994,13.941306852000025]]]}},{"type":"Feature","id":"gb:8701671B81496139383371","properties":{"id":"gb:8701671B81496139383371","name":"Invorgoil Estate","parentId":"gb:63095687B3915284984293","level":"ADM2","countryCode":"LC"},"geometry":{"type":"Polygon","coordinates":[[[-61.03816961599995,13.938135880000061],[-61.04120211999998,13.935832280000056],[-61.04219486399995,13.934954173000051],[-61.03972440899997,13.930717488000028],[-61.03513082699993,13.92626049200004],[-61.02659817199998,13.931869798000037],[-61.032694807999974,13.932021853000037],[-61.03533117999996,13.93347168400004],[-61.03546878099996,13.936727713000039],[-61.03816961599995,13.938135880000061]]]}},{"type":"Feature","id":"gb:8701671B42639255298272","properties":{"id":"gb:8701671B42639255298272","name":"Village","parentId":"gb:63095687B3915284984293","level":"ADM2","countryCode":"LC"},"geometry":{"type":"Polygon","coordinates":[[[-61.04111014599994,13.94238897300005],[-61.04379715199997,13.94174264700007],[-61.044218471999955,13.939068272000043],[-61.04285634299998,13.938268336000021],[-61.04110965499996,13.938774902000034],[-61.04166178799994,13.936879625000074],[-61.04120211999998,13.935832280000056],[-61.03816961599995,13.938135880000061],[-61.04129682299998,13.93997931000007],[-61.039646603999984,13.941763407000053],[-61.04111014599994,13.94238897300005]]]}},{"type":"Feature","id":"gb:8701671B640126266142","properties":{"id":"gb:8701671B640126266142","name":"Village/Petite Bourgh","parentId":"gb:63095687B3915284984293","level":"ADM2","countryCode":"LC"},"geometry":{"type":"Polygon","coordinates":[[[-61.04285634299998,13.938268336000021],[-61.04166178799994,13.936879625000074],[-61.04110965499996,13.938774902000034],[-61.04285634299998,13.938268336000021]]]}},{"type":"Feature","id":"gb:8701671B15632424418996","properties":{"id":"gb:8701671B15632424418996","name":"Belle Vue","parentId":"gb:63095687B77911403325027","level":"ADM2","countryCode":"LC"},"geometry":{"type":"Polygon","coordinates":[[[-60.943777402999956,14.082985965000034],[-60.941191920999984,14.083290077000072],[-60.94139336899997,14.086608630000057],[-60.94179747399994,14.087499061000074],[-60.945683981999935,14.085934071000054],[-60.94543357899994,14.083127769000043],[-60.943777402999956,14.082985965000034]]]}},{"type":"Feature","id":"gb:8701671B25390904232189","properties":{"id":"gb:8701671B25390904232189","name":"Belle Vue Estate","parentId":"gb:63095687B77911403325027","level":"ADM2","countryCode":"LC"},"geometry":{"type":"Polygon","coordinates":[[[-60.94179747399994,14.087499061000074],[-60.94196255199995,14.092920803000027],[-60.94631530699996,14.092154830000027],[-60.95008916499995,14.089204319000032],[-60.95028383799996,14.086468956000033],[-60.94848529899997,14.083218914000042],[-60.945683981999935,14.085934071000054],[-60.94179747399994,14.087499061000074]]]}},{"type":"Feature","id":"gb:8701671B47246158509977","properties":{"id":"gb:8701671B47246158509977","name":"Pigeon Island","parentId":"gb:63095687B77911403325027","level":"ADM2","countryCode":"LC"},"geometry":{"type":"Polygon","coordinates":[[[-60.95008916499995,14.089204319000032],[-60.95406335299998,14.089785327000072],[-60.95512126899996,14.092180434000056],[-60.96385878999996,14.094485383000062],[-60.96615078499997,14.094405263000056],[-60.967318588999944,14.092310504000068],[-60.96654731399997,14.091151705000073],[-60.963461079999945,14.09241819600004],[-60.959244996999985,14.090781160000063],[-60.956891721999966,14.088761802000022],[-60.95443882999996,14.083116529000051],[-60.95393002299994,14.08345907000006],[-60.95258729899996,14.087055211000063],[-60.95028383799996,14.086468956000033],[-60.95008916499995,14.089204319000032]]]}},{"type":"Feature","id":"gb:8701671B34711583072149","properties":{"id":"gb:8701671B34711583072149","name":"Beausejour/Fostin'S Development","parentId":"gb:63095687B77911403325027","level":"ADM2","countryCode":"LC"},"geometry":{"type":"Polygon","coordinates":[[[-60.92608586199998,14.074282034000078],[-60.930023984999934,14.077143231000036],[-60.93170585799999,14.075922389000027],[-60.930668201999936,14.072360692000075],[-60.930632370999945,14.07237105300004],[-60.92608586199998,14.074282034000078]]]}},{"type":"Feature","id":"gb:8701671B53039174443584","properties":{"id":"gb:8701671B53039174443584","name":"La Guerre","parentId":"gb:63095687B77911403325027","level":"ADM2","countryCode":"LC"},"geometry":{"type":"Polygon","coordinates":[[[-60.919870722999974,14.023364009000034],[-60.92598881299995,14.028965120000066],[-60.92733271299994,14.027518650000047],[-60.93071123799996,14.027793290000034],[-60.93125199499997,14.027150621000033],[-60.92908092599998,14.023964959000068],[-60.92995287799994,14.021681823000051],[-60.92941091499995,14.019233213000064],[-60.92912774299998,14.018331256000067],[-60.92317295599997,14.015361489000043],[-60.922640022999985,14.013801861000047],[-60.91935173999997,14.020089760000076],[-60.919870722999974,14.023364009000034]]]}},{"type":"Feature","id":"gb:8701671B92902112367309","properties":{"id":"gb:8701671B92902112367309","name":"Beausejour","parentId":"gb:63095687B77911403325027","level":"ADM2","countryCode":"LC"},"geometry":{"type":"Polygon","coordinates":[[[-60.93170585799999,14.075922389000027],[-60.93285426699998,14.076276955000026],[-60.93183880599997,14.078632705000075],[-60.938739759999976,14.078902012000071],[-60.940173081999944,14.080850077000036],[-60.945981803999985,14.079492587000061],[-60.94227293999995,14.075386123000044],[-60.93941247899994,14.073635325000055],[-60.93523437799996,14.073792574000038],[-60.93240591899996,14.071656594000046],[-60.930668201999936,14.072360692000075],[-60.93170585799999,14.075922389000027]]]}},{"type":"Feature","id":"gb:8701671B86108661761319","properties":{"id":"gb:8701671B86108661761319","name":"Des Barras","parentId":"gb:63095687B77911403325027","level":"ADM2","countryCode":"LC"},"geometry":{"type":"Polygon","coordinates":[[[-60.91142323599996,13.983454997000024],[-60.90412630099996,13.983912485000076],[-60.89196227299993,13.984206825000058],[-60.882447095999964,13.990442705000078],[-60.88241754699993,13.995622644000036],[-60.88687834099994,14.00881701700007],[-60.883749497999986,14.014055247000044],[-60.885566826999934,14.018205783000042],[-60.89013131199994,14.018622760000028],[-60.89262631499997,14.017791760000023],[-60.890136214999984,14.015264368000032],[-60.89414079699998,14.014758770000071],[-60.898967063999976,14.01188828200003],[-60.90607019099997,14.011358796000025],[-60.91193948399996,14.013932125000053],[-60.91476271799996,14.013785170000062],[-60.91643877399997,14.012922640000056],[-60.91598921399998,14.011593876000063],[-60.918738159999975,14.009150779000038],[-60.91798210999997,14.005611481000074],[-60.922693279999976,14.006628553000041],[-60.92634535099995,14.002997203000064],[-60.92445057499998,14.001362495000024],[-60.92685046999998,13.998331204000067],[-60.919206551999935,13.997960191000061],[-60.91142323599996,13.983454997000024]]]}},{"type":"Feature","id":"gb:8701671B35205001440787","properties":{"id":"gb:8701671B35205001440787","name":"Dennery By Pass/White Rock Gardens","parentId":"gb:63095687B97045845903589","level":"ADM2","countryCode":"LC"},"geometry":{"type":"Polygon","coordinates":[[[-60.89297423299996,13.915160268000022],[-60.89320097899997,13.915257961000066],[-60.89412558299995,13.915482083000029],[-60.894957139999974,13.915295005000075],[-60.89487832399993,13.91416808300005],[-60.894595513999946,13.913930142000027],[-60.894048314999964,13.913766916000043],[-60.89122640099998,13.91380325800003],[-60.89297423299996,13.915160268000022]]]}},{"type":"Feature","id":"gb:8701671B93449908484695","properties":{"id":"gb:8701671B93449908484695","name":"Bella Rosa","parentId":"gb:63095687B77911403325027","level":"ADM2","countryCode":"LC"},"geometry":{"type":"Polygon","coordinates":[[[-60.945981803999985,14.079492587000061],[-60.94735391199998,14.080215657000053],[-60.947451426999976,14.07995575800004],[-60.94785472399997,14.07837315100005],[-60.94760434899996,14.075753692000035],[-60.94613995399993,14.07709635200007],[-60.94423099399995,14.07461663600003],[-60.94227293999995,14.075386123000044],[-60.945981803999985,14.079492587000061]]]}},{"type":"Feature","id":"gb:8701671B46527115488152","properties":{"id":"gb:8701671B46527115488152","name":"Bonneterre","parentId":"gb:63095687B77911403325027","level":"ADM2","countryCode":"LC"},"geometry":{"type":"Polygon","coordinates":[[[-60.94227293999995,14.075386123000044],[-60.94423099399995,14.07461663600003],[-60.94613995399993,14.07709635200007],[-60.94760434899996,14.075753692000035],[-60.94725860899996,14.07154477000006],[-60.94522681199999,14.06753503300007],[-60.94477416199999,14.062360713000032],[-60.94126299499993,14.062685954000074],[-60.939992056999984,14.064620178000041],[-60.93954614699999,14.065888733000065],[-60.938779257999954,14.06568150000004],[-60.93240591899996,14.071656594000046],[-60.93523437799996,14.073792574000038],[-60.93941247899994,14.073635325000055],[-60.94227293999995,14.075386123000044]]]}},{"type":"Feature","id":"gb:8701671B82829723168564","properties":{"id":"gb:8701671B82829723168564","name":"Cap Estate/Becune Point","parentId":"gb:63095687B77911403325027","level":"ADM2","countryCode":"LC"},"geometry":{"type":"Polygon","coordinates":[[[-60.94631530699996,14.092154830000027],[-60.94668513899995,14.09226760100006],[-60.949280139999985,14.093297305000021],[-60.94899976199997,14.09497368700005],[-60.949863995999976,14.095773095000027],[-60.95065776699994,14.094622291000064],[-60.951309615999946,14.096290851000049],[-60.95394191499997,14.097546889000057],[-60.95512126899996,14.092180434000056],[-60.95406335299998,14.089785327000072],[-60.95008916499995,14.089204319000032],[-60.94631530699996,14.092154830000027]]]}},{"type":"Feature","id":"gb:8701671B50591469420225","properties":{"id":"gb:8701671B50591469420225","name":"Cap Estate/Becune Park","parentId":"gb:63095687B77911403325027","level":"ADM2","countryCode":"LC"},"geometry":{"type":"Polygon","coordinates":[[[-60.94668513899995,14.09226760100006],[-60.945012980999934,14.094975866000027],[-60.95054939999994,14.097295445000043],[-60.951309615999946,14.096290851000049],[-60.95065776699994,14.094622291000064],[-60.949863995999976,14.095773095000027],[-60.94899976199997,14.09497368700005],[-60.949280139999985,14.093297305000021],[-60.94668513899995,14.09226760100006]]]}},{"type":"Feature","id":"gb:8701671B23372433445877","properties":{"id":"gb:8701671B23372433445877","name":"Cap Estate","parentId":"gb:63095687B77911403325027","level":"ADM2","countryCode":"LC"},"geometry":{"type":"Polygon","coordinates":[[[-60.94139336899997,14.086608630000057],[-60.93346213099994,14.087329972000077],[-60.929735638999944,14.092273250000062],[-60.92740768599998,14.090758570000048],[-60.92576900399996,14.091093241000067],[-60.92521311199994,14.089878734000024],[-60.924496181999984,14.09161219200007],[-60.91815313899997,14.091617008000071],[-60.916726393999966,14.093161362000046],[-60.91876899599998,14.096137597000052],[-60.92052080199994,14.093130135000024],[-60.926579963999984,14.096729804000063],[-60.926247356999966,14.098775906000071],[-60.93005073699999,14.099219923000021],[-60.93363692299994,14.096904284000061],[-60.93993455699996,14.096905367000033],[-60.94414742799995,14.096772196000074],[-60.94406296999995,14.100370773000066],[-60.946444130999964,14.10352146200006],[-60.94722909699993,14.103799153000068],[-60.95141944899996,14.100048942000058],[-60.95054939999994,14.097295445000043],[-60.945012980999934,14.094975866000027],[-60.94668513899995,14.09226760100006],[-60.94631530699996,14.092154830000027],[-60.94196255199995,14.092920803000027],[-60.94179747399994,14.087499061000074],[-60.94139336899997,14.086608630000057]]]}},{"type":"Feature","id":"gb:8701671B13840593777950","properties":{"id":"gb:8701671B13840593777950","name":"Cap Estate/Golf Park","parentId":"gb:63095687B77911403325027","level":"ADM2","countryCode":"LC"},"geometry":{"type":"Polygon","coordinates":[[[-60.93005073699999,14.099219923000021],[-60.93041052099994,14.100302056000032],[-60.93176584499997,14.099241973000062],[-60.936109690999956,14.103106076000074],[-60.93964655899998,14.103465049000022],[-60.941223366999964,14.104531382000062],[-60.93993455699996,14.096905367000033],[-60.93363692299994,14.096904284000061],[-60.93005073699999,14.099219923000021]]]}},{"type":"Feature","id":"gb:8701671B34039397692989","properties":{"id":"gb:8701671B34039397692989","name":"Cap Estate/Mon Du Cap","parentId":"gb:63095687B77911403325027","level":"ADM2","countryCode":"LC"},"geometry":{"type":"Polygon","coordinates":[[[-60.936109690999956,14.103106076000074],[-60.935162994999985,14.105975838000063],[-60.93652517099997,14.106110614000045],[-60.93638626099994,14.10775955500003],[-60.937692596999966,14.108581740000034],[-60.93905592899995,14.107570543000065],[-60.93964655899998,14.103465049000022],[-60.936109690999956,14.103106076000074]]]}},{"type":"Feature","id":"gb:8701671B6558289916202","properties":{"id":"gb:8701671B6558289916202","name":"Cap Estate/Caribbean Park","parentId":"gb:63095687B77911403325027","level":"ADM2","countryCode":"LC"},"geometry":{"type":"Polygon","coordinates":[[[-60.91876899599998,14.096137597000052],[-60.91920955599994,14.100147862000028],[-60.91766496599996,14.100862479000057],[-60.91930895699994,14.10372449700003],[-60.92274748199998,14.103496326000027],[-60.922781707999945,14.104761057000076],[-60.92571983999994,14.106130287000042],[-60.93114311499994,14.103667653000059],[-60.93176584499997,14.099241973000062],[-60.93041052099994,14.100302056000032],[-60.93005073699999,14.099219923000021],[-60.926247356999966,14.098775906000071],[-60.926579963999984,14.096729804000063],[-60.92052080199994,14.093130135000024],[-60.91876899599998,14.096137597000052]]]}},{"type":"Feature","id":"gb:8701671B10713626030510","properties":{"id":"gb:8701671B10713626030510","name":"Cap Estate/Saddle Back","parentId":"gb:63095687B77911403325027","level":"ADM2","countryCode":"LC"},"geometry":{"type":"Polygon","coordinates":[[[-60.93993455699996,14.096905367000033],[-60.941223366999964,14.104531382000062],[-60.94475170099997,14.103054842000063],[-60.94406296999995,14.100370773000066],[-60.94414742799995,14.096772196000074],[-60.93993455699996,14.096905367000033]]]}},{"type":"Feature","id":"gb:8701671B2095740790766","properties":{"id":"gb:8701671B2095740790766","name":"Cap Estate/Anse Du Cap","parentId":"gb:63095687B77911403325027","level":"ADM2","countryCode":"LC"},"geometry":{"type":"Polygon","coordinates":[[[-60.94406296999995,14.100370773000066],[-60.94475170099997,14.103054842000063],[-60.946444130999964,14.10352146200006],[-60.94406296999995,14.100370773000066]]]}},{"type":"Feature","id":"gb:8701671B68101868582268","properties":{"id":"gb:8701671B68101868582268","name":"Cap Estate/Lower Saline Point","parentId":"gb:63095687B77911403325027","level":"ADM2","countryCode":"LC"},"geometry":{"type":"Polygon","coordinates":[[[-60.946444130999964,14.10352146200006],[-60.94475170099997,14.103054842000063],[-60.941223366999964,14.104531382000062],[-60.93964655899998,14.103465049000022],[-60.93905592899995,14.107570543000065],[-60.941224742999964,14.107312469000021],[-60.942746900999964,14.106189503000053],[-60.94789677699998,14.106428613000048],[-60.94722909699993,14.103799153000068],[-60.946444130999964,14.10352146200006]]]}},{"type":"Feature","id":"gb:8701671B39792436227120","properties":{"id":"gb:8701671B39792436227120","name":"Cap Estate/Upper Saline Point","parentId":"gb:63095687B77911403325027","level":"ADM2","countryCode":"LC"},"geometry":{"type":"Polygon","coordinates":[[[-60.941224742999964,14.107312469000021],[-60.943831641999964,14.108159499000067],[-60.944700626999975,14.110466148000057],[-60.94789677699998,14.106428613000048],[-60.942746900999964,14.106189503000053],[-60.941224742999964,14.107312469000021]]]}},{"type":"Feature","id":"gb:8701671B82854907311550","properties":{"id":"gb:8701671B82854907311550","name":"Cap Estate/Ranch Site","parentId":"gb:63095687B77911403325027","level":"ADM2","countryCode":"LC"},"geometry":{"type":"Polygon","coordinates":[[[-60.93176584499997,14.099241973000062],[-60.93114311499994,14.103667653000059],[-60.93058137199995,14.106747166000048],[-60.93424478099996,14.108557048000023],[-60.93638626099994,14.10775955500003],[-60.93652517099997,14.106110614000045],[-60.935162994999985,14.105975838000063],[-60.936109690999956,14.103106076000074],[-60.93176584499997,14.099241973000062]]]}},{"type":"Feature","id":"gb:8701671B61329229942409","properties":{"id":"gb:8701671B61329229942409","name":"Rodney Bay","parentId":"gb:63095687B77911403325027","level":"ADM2","countryCode":"LC"},"geometry":{"type":"Polygon","coordinates":[[[-60.94785472399997,14.07837315100005],[-60.94791692899997,14.078369370000075],[-60.947757355999954,14.076248483000029],[-60.948745739999936,14.076835538000068],[-60.949124522999966,14.075598842000034],[-60.949321570999984,14.076840584000024],[-60.94894834199994,14.074101117000055],[-60.94911627299996,14.075574103000065],[-60.94853764699997,14.074123235000059],[-60.94758594599995,14.07480253700004],[-60.947383610999964,14.071445866000033],[-60.95105628899995,14.072812272000021],[-60.951658632999965,14.069761167000024],[-60.95347155199994,14.068985273000067],[-60.95315980899994,14.071269116000053],[-60.95520574799997,14.072318941000049],[-60.951158532999955,14.073341670000048],[-60.95064693399996,14.075594288000048],[-60.95220947099995,14.078184356000065],[-60.954508299999986,14.078519745000051],[-60.957977238999945,14.071554043000049],[-60.95646531699998,14.070654614000034],[-60.95627098199998,14.067678575000059],[-60.95384717099995,14.067923441000062],[-60.952344669999945,14.067979023000078],[-60.94860942799994,14.069442466000055],[-60.94725860899996,14.07154477000006],[-60.94760434899996,14.075753692000035],[-60.94785472399997,14.07837315100005]]]}},{"type":"Feature","id":"gb:8701671B71072292356728","properties":{"id":"gb:8701671B71072292356728","name":"L'Hermitage","parentId":"gb:63095687B77911403325027","level":"ADM2","countryCode":"LC"},"geometry":{"type":"Polygon","coordinates":[[[-60.939992056999984,14.064620178000041],[-60.938779257999954,14.06568150000004],[-60.93954614699999,14.065888733000065],[-60.939992056999984,14.064620178000041]]]}},{"type":"Feature","id":"gb:8701671B13742843200127","properties":{"id":"gb:8701671B13742843200127","name":"Reduit Orchard","parentId":"gb:63095687B77911403325027","level":"ADM2","countryCode":"LC"},"geometry":{"type":"Polygon","coordinates":[[[-60.95384717099995,14.067923441000062],[-60.95483819799995,14.064925951000077],[-60.95245315699998,14.064537857000062],[-60.952344669999945,14.067979023000078],[-60.95384717099995,14.067923441000062]]]}},{"type":"Feature","id":"gb:8701671B7729903902665","properties":{"id":"gb:8701671B7729903902665","name":"Dennery By Pass","parentId":"gb:63095687B97045845903589","level":"ADM2","countryCode":"LC"},"geometry":{"type":"Polygon","coordinates":[[[-60.89297423299996,13.915160268000022],[-60.89271371399997,13.91535824500005],[-60.892369825999936,13.915847960000065],[-60.892101716999946,13.917011110000033],[-60.89254732399996,13.917202284000041],[-60.89279746699998,13.915641036000068],[-60.89523308999998,13.915573634000054],[-60.89485668999998,13.912084652000033],[-60.89561437799995,13.908468690000063],[-60.89541742799997,13.908050553000066],[-60.89437416199996,13.90764742400006],[-60.893776610999964,13.910929976000034],[-60.89418301699993,13.91236785500007],[-60.89400585299995,13.913368125000034],[-60.894048314999964,13.913766916000043],[-60.894595513999946,13.913930142000027],[-60.89487832399993,13.91416808300005],[-60.894957139999974,13.915295005000075],[-60.89412558299995,13.915482083000029],[-60.89320097899997,13.915257961000066],[-60.89297423299996,13.915160268000022]]]}},{"type":"Feature","id":"gb:8701671B84632828581630","properties":{"id":"gb:8701671B84632828581630","name":"Derniere Riviere","parentId":"gb:63095687B97045845903589","level":"ADM2","countryCode":"LC"},"geometry":{"type":"Polygon","coordinates":[[[-60.935855283999956,13.963069935000021],[-60.93110025599998,13.96186603800004],[-60.928274244999955,13.958150132000071],[-60.92865960299997,13.955324443000052],[-60.92696356999994,13.952868702000046],[-60.927164234999964,13.952254527000036],[-60.92309997799998,13.949966395000047],[-60.922187951999945,13.947485928000049],[-60.920034347999945,13.94715566900004],[-60.919881858999986,13.949648856000067],[-60.921354995999934,13.949937679000072],[-60.92358532999998,13.952208020000057],[-60.92083767699995,13.952059848000033],[-60.91993761499998,13.954896968000071],[-60.92588499899995,13.953965936000031],[-60.923020375999954,13.96339931600005],[-60.935855283999956,13.963069935000021]]]}},{"type":"Feature","id":"gb:8701671B38188499976025","properties":{"id":"gb:8701671B38188499976025","name":"Reduit Park","parentId":"gb:63095687B77911403325027","level":"ADM2","countryCode":"LC"},"geometry":{"type":"Polygon","coordinates":[[[-60.95627098199998,14.067678575000059],[-60.95693548799994,14.06483580300005],[-60.954907161999984,14.064821530000074],[-60.95483819799995,14.064925951000077],[-60.95384717099995,14.067923441000062],[-60.95627098199998,14.067678575000059]]]}},{"type":"Feature","id":"gb:8701671B46064896130461","properties":{"id":"gb:8701671B46064896130461","name":"Monchy/Lafeuille","parentId":"gb:63095687B77911403325027","level":"ADM2","countryCode":"LC"},"geometry":{"type":"Polygon","coordinates":[[[-60.94477416199999,14.062360713000032],[-60.94617723799996,14.061459640000066],[-60.948556888999974,14.061149019000027],[-60.948398536999946,14.059516574000043],[-60.94446395799997,14.060507186000052],[-60.94446455599996,14.059111063000046],[-60.94360664699997,14.055790443000035],[-60.939738389999945,14.055939790000025],[-60.94072350499994,14.058144965000054],[-60.93980667499994,14.057755860000043],[-60.93576671499994,14.056450760000075],[-60.935107140999946,14.059810631000062],[-60.93501726299996,14.062020372000063],[-60.93695954399993,14.063134990000037],[-60.93975160399998,14.061777248000055],[-60.94126299499993,14.062685954000074],[-60.94477416199999,14.062360713000032]]]}},{"type":"Feature","id":"gb:8701671B65471913227261","properties":{"id":"gb:8701671B65471913227261","name":"Monchy/Moulin A Vent","parentId":"gb:63095687B77911403325027","level":"ADM2","countryCode":"LC"},"geometry":{"type":"Polygon","coordinates":[[[-60.95483819799995,14.064925951000077],[-60.954907161999984,14.064821530000074],[-60.95495591799994,14.062231048000058],[-60.948398536999946,14.059516574000043],[-60.948556888999974,14.061149019000027],[-60.94617723799996,14.061459640000066],[-60.94647464199994,14.066898439000056],[-60.95245315699998,14.064537857000062],[-60.95483819799995,14.064925951000077]]]}},{"type":"Feature","id":"gb:8701671B43134404703092","properties":{"id":"gb:8701671B43134404703092","name":"Caye Manje'","parentId":"gb:63095687B77911403325027","level":"ADM2","countryCode":"LC"},"geometry":{"type":"Polygon","coordinates":[[[-60.930668201999936,14.072360692000075],[-60.93240591899996,14.071656594000046],[-60.938779257999954,14.06568150000004],[-60.939992056999984,14.064620178000041],[-60.94126299499993,14.062685954000074],[-60.93975160399998,14.061777248000055],[-60.93695954399993,14.063134990000037],[-60.933455967999976,14.064023202000044],[-60.93230840299998,14.066238672000054],[-60.93582073399995,14.067300543000044],[-60.932106913999974,14.068575990000056],[-60.93080767999999,14.069266361000075],[-60.930632370999945,14.07237105300004],[-60.930668201999936,14.072360692000075]]]}},{"type":"Feature","id":"gb:8701671B61716592772376","properties":{"id":"gb:8701671B61716592772376","name":"Bonneterre Gardens","parentId":"gb:63095687B77911403325027","level":"ADM2","countryCode":"LC"},"geometry":{"type":"Polygon","coordinates":[[[-60.93230840299998,14.066238672000054],[-60.932106913999974,14.068575990000056],[-60.93582073399995,14.067300543000044],[-60.93230840299998,14.066238672000054]]]}},{"type":"Feature","id":"gb:8701671B67132891165103","properties":{"id":"gb:8701671B67132891165103","name":"Bois D'Orange","parentId":"gb:63095687B77911403325027","level":"ADM2","countryCode":"LC"},"geometry":{"type":"Polygon","coordinates":[[[-60.954138617999945,14.057787913000027],[-60.95495591799994,14.062231048000058],[-60.95713949299994,14.059879636000062],[-60.957580863999965,14.062457125000037],[-60.96065188899996,14.063416515000029],[-60.95846801799996,14.064713020000056],[-60.96640609099995,14.065927877000036],[-60.96701952999996,14.065051456000049],[-60.962801197999966,14.061644126000033],[-60.96223858099995,14.058962955000027],[-60.96422455099997,14.055941232000066],[-60.96620208999997,14.055791131000035],[-60.96715633499997,14.052744744000051],[-60.963231503999964,14.054447070000037],[-60.962756146999936,14.053506335000066],[-60.96001588499996,14.053998192000051],[-60.955429623999976,14.051284722000048],[-60.95291672199994,14.055812961000072],[-60.954138617999945,14.057787913000027]]]}},{"type":"Feature","id":"gb:8701671B8810495152060","properties":{"id":"gb:8701671B8810495152060","name":"Bois D'Orange/Trouya","parentId":"gb:63095687B77911403325027","level":"ADM2","countryCode":"LC"},"geometry":{"type":"Polygon","coordinates":[[[-60.96640609099995,14.065927877000036],[-60.96636838799998,14.06617821900005],[-60.968633669999974,14.06850684400007],[-60.97274983999995,14.065297742000041],[-60.97346301799996,14.067324864000057],[-60.97525240099998,14.067470808000053],[-60.973922045999984,14.062788072000046],[-60.976685319999945,14.059420866000039],[-60.97483027399994,14.05842390600003],[-60.972187632999976,14.062086660000034],[-60.96861817399997,14.056985933000021],[-60.96620208999997,14.055791131000035],[-60.96422455099997,14.055941232000066],[-60.96223858099995,14.058962955000027],[-60.962801197999966,14.061644126000033],[-60.96701952999996,14.065051456000049],[-60.96640609099995,14.065927877000036]]]}},{"type":"Feature","id":"gb:8701671B65833866980229","properties":{"id":"gb:8701671B65833866980229","name":"Marisule/La Brellotte","parentId":"gb:63095687B77911403325027","level":"ADM2","countryCode":"LC"},"geometry":{"type":"Polygon","coordinates":[[[-60.97483027399994,14.05842390600003],[-60.97380987699995,14.057021577000057],[-60.974588246999986,14.05418624500004],[-60.97194690499998,14.053529540000056],[-60.969926278999935,14.054099560000054],[-60.96861817399997,14.056985933000021],[-60.972187632999976,14.062086660000034],[-60.97483027399994,14.05842390600003]]]}},{"type":"Feature","id":"gb:8701671B82156592609383","properties":{"id":"gb:8701671B82156592609383","name":"Monchy/Vieux Sucreic","parentId":"gb:63095687B77911403325027","level":"ADM2","countryCode":"LC"},"geometry":{"type":"Polygon","coordinates":[[[-60.95291672199994,14.055812961000072],[-60.955429623999976,14.051284722000048],[-60.954896846999986,14.046378814000036],[-60.95087828299995,14.047001802000068],[-60.94920017299995,14.045821088000025],[-60.94795837899994,14.045721439000033],[-60.943680848999975,14.046805745000029],[-60.94377107399998,14.050947165000025],[-60.94705278699996,14.052421652000078],[-60.94883819199998,14.055609575000062],[-60.949999839999975,14.054507706000038],[-60.949654985999985,14.052963896000051],[-60.95291672199994,14.055812961000072]]]}},{"type":"Feature","id":"gb:8701671B23608310651096","properties":{"id":"gb:8701671B23608310651096","name":"Monchy/La Retraite","parentId":"gb:63095687B77911403325027","level":"ADM2","countryCode":"LC"},"geometry":{"type":"Polygon","coordinates":[[[-60.94522681199999,14.06753503300007],[-60.94647464199994,14.066898439000056],[-60.94617723799996,14.061459640000066],[-60.94477416199999,14.062360713000032],[-60.94522681199999,14.06753503300007]]]}},{"type":"Feature","id":"gb:8701671B97135267153779","properties":{"id":"gb:8701671B97135267153779","name":"Monchy/Riviere Mitan","parentId":"gb:63095687B77911403325027","level":"ADM2","countryCode":"LC"},"geometry":{"type":"Polygon","coordinates":[[[-60.94446455599996,14.059111063000046],[-60.94775794199995,14.057846274000042],[-60.94883819199998,14.055609575000062],[-60.94705278699996,14.052421652000078],[-60.94377107399998,14.050947165000025],[-60.943680848999975,14.046805745000029],[-60.94269326899996,14.043741385000033],[-60.94049994499994,14.043620727000075],[-60.939519975999985,14.040656008000042],[-60.93555572099996,14.040628169000058],[-60.934646904999965,14.042918784000051],[-60.93595278399994,14.04481826500006],[-60.93412756099997,14.048308169000052],[-60.934248571999944,14.050803987000052],[-60.931169172999944,14.053585740000074],[-60.93722011899996,14.053618953000068],[-60.93980667499994,14.057755860000043],[-60.94072350499994,14.058144965000054],[-60.939738389999945,14.055939790000025],[-60.94360664699997,14.055790443000035],[-60.94446455599996,14.059111063000046]]]}},{"type":"Feature","id":"gb:8701671B61096532329378","properties":{"id":"gb:8701671B61096532329378","name":"Monchy","parentId":"gb:63095687B77911403325027","level":"ADM2","countryCode":"LC"},"geometry":{"type":"Polygon","coordinates":[[[-60.93980667499994,14.057755860000043],[-60.93722011899996,14.053618953000068],[-60.931169172999944,14.053585740000074],[-60.934248571999944,14.050803987000052],[-60.93412756099997,14.048308169000052],[-60.93317534499994,14.046754515000032],[-60.93111703399995,14.04896870500005],[-60.92991941399998,14.049851141000033],[-60.92936216099997,14.048714231000076],[-60.92694880499994,14.05049249700005],[-60.930555261999984,14.053068493000069],[-60.927427146999946,14.052071786000056],[-60.92670888199996,14.053099258000032],[-60.919371196999975,14.05333048700004],[-60.914994570999966,14.054110816000048],[-60.91299678499996,14.057576264000033],[-60.91339980399994,14.059870255000021],[-60.920044848999964,14.060408580000058],[-60.92236201999998,14.057659407000074],[-60.926162586999965,14.057358862000058],[-60.92888911399996,14.055442263000032],[-60.932065067999986,14.058213981000051],[-60.93405863999993,14.060556486000053],[-60.935107140999946,14.059810631000062],[-60.93576671499994,14.056450760000075],[-60.93980667499994,14.057755860000043]]]}},{"type":"Feature","id":"gb:8701671B83371663515297","properties":{"id":"gb:8701671B83371663515297","name":"Monchy/Lawi Fwen","parentId":"gb:63095687B77911403325027","level":"ADM2","countryCode":"LC"},"geometry":{"type":"Polygon","coordinates":[[[-60.926162586999965,14.057358862000058],[-60.92860312499994,14.06085945500007],[-60.932065067999986,14.058213981000051],[-60.92888911399996,14.055442263000032],[-60.926162586999965,14.057358862000058]]]}},{"type":"Feature","id":"gb:8701671B53480283308673","properties":{"id":"gb:8701671B53480283308673","name":"Cul De Sac","parentId":"gb:63095687B33875357323526","level":"ADM2","countryCode":"LC"},"geometry":{"type":"Polygon","coordinates":[[[-61.003046224999935,13.992040374000055],[-61.00387185599993,13.985957714000051],[-61.00700200299997,13.985479571000042],[-61.01188263299997,13.983610718000023],[-61.01491579599997,13.981568415000027],[-61.01927077099998,13.984558875000062],[-61.027028825999935,13.986743700000034],[-61.02748575499999,13.979115439000054],[-61.02253206199998,13.977064398000039],[-61.01914449199995,13.977668649000066],[-61.00705853899996,13.974778339000068],[-61.00444944399993,13.975923916000056],[-61.00203019099996,13.975649322000038],[-60.99914321299997,13.979316716000028],[-60.995669857999985,13.976364443000023],[-60.99395481899995,13.97594465000003],[-60.99459301199994,13.972324738000054],[-60.989427501999955,13.972360148000064],[-60.988491617999955,13.977134890000059],[-60.990324070999975,13.981275797000023],[-60.98862681899993,13.983864208000057],[-60.99660302099994,13.984668829000043],[-60.998411689999955,13.985280928000066],[-60.99883193599999,13.989484821000076],[-61.003046224999935,13.992040374000055]]]}},{"type":"Feature","id":"gb:8701671B21993534180379","properties":{"id":"gb:8701671B21993534180379","name":"Barre St Joseph","parentId":"gb:63095687B33875357323526","level":"ADM2","countryCode":"LC"},"geometry":{"type":"Polygon","coordinates":[[[-61.02748575499999,13.979115439000054],[-61.03009817099996,13.969634603000031],[-61.02566200299998,13.966055951000044],[-61.02328542499998,13.966941529000053],[-61.023019025999986,13.966973363000022],[-61.01817536699997,13.968055552000067],[-61.01659550499994,13.969754815000044],[-61.00754457299996,13.969917661000068],[-61.004652378999936,13.967032174000053],[-61.00444944399993,13.975923916000056],[-61.00705853899996,13.974778339000068],[-61.01914449199995,13.977668649000066],[-61.02253206199998,13.977064398000039],[-61.02748575499999,13.979115439000054]]]}},{"type":"Feature","id":"gb:8701671B23610017259246","properties":{"id":"gb:8701671B23610017259246","name":"Lombard","parentId":"gb:63095687B12253142447206","level":"ADM2","countryCode":"LC"},"geometry":{"type":"Polygon","coordinates":[[[-60.90862402299996,13.857703167000068],[-60.90910851099994,13.858389964000025],[-60.91453943699997,13.859559612000055],[-60.917114477999974,13.86163517500006],[-60.92467964299993,13.861461822000024],[-60.923799164999934,13.858985953000058],[-60.91971440999998,13.859112973000038],[-60.91624974699994,13.85640421100004],[-60.91347692599999,13.857324317000064],[-60.91254968399994,13.853274321000072],[-60.910084058999985,13.852198828000041],[-60.90929591599996,13.852428312000029],[-60.907755571999985,13.85428108800005],[-60.909807317999935,13.855236036000065],[-60.90862402299996,13.857703167000068]]]}},{"type":"Feature","id":"gb:8701671B26752019642149","properties":{"id":"gb:8701671B26752019642149","name":"Monchy/Cletus Village","parentId":"gb:63095687B77911403325027","level":"ADM2","countryCode":"LC"},"geometry":{"type":"Polygon","coordinates":[[[-60.92694880499994,14.05049249700005],[-60.92168252799996,14.049337309000066],[-60.91971239099996,14.049815246000037],[-60.91902509199997,14.051854492000075],[-60.919371196999975,14.05333048700004],[-60.92670888199996,14.053099258000032],[-60.927427146999946,14.052071786000056],[-60.930555261999984,14.053068493000069],[-60.92694880499994,14.05049249700005]]]}},{"type":"Feature","id":"gb:8701671B74804511892204","properties":{"id":"gb:8701671B74804511892204","name":"Monchy/Ravine Macock","parentId":"gb:63095687B77911403325027","level":"ADM2","countryCode":"LC"},"geometry":{"type":"Polygon","coordinates":[[[-60.92936216099997,14.048714231000076],[-60.92618748099994,14.04712255000004],[-60.92739822999994,14.046083536000026],[-60.926618950999966,14.044661959000052],[-60.926448670999946,14.046232098000075],[-60.92238099299993,14.046705040000063],[-60.92168252799996,14.049337309000066],[-60.92694880499994,14.05049249700005],[-60.92936216099997,14.048714231000076]]]}},{"type":"Feature","id":"gb:8701671B33864037616544","properties":{"id":"gb:8701671B33864037616544","name":"Monchy/La Borne","parentId":"gb:63095687B77911403325027","level":"ADM2","countryCode":"LC"},"geometry":{"type":"Polygon","coordinates":[[[-60.93111703399995,14.04896870500005],[-60.928583823999986,14.046792611000058],[-60.928471040999966,14.043935690000069],[-60.92574202499998,14.044065255000078],[-60.92567182399995,14.044032754000057],[-60.92562893199994,14.044024931000024],[-60.91195426699994,14.043111147000047],[-60.91392676999993,14.046209877000024],[-60.91058608299994,14.044857470000068],[-60.910168873999964,14.046750665000047],[-60.91303897199998,14.04763864000006],[-60.91902509199997,14.051854492000075],[-60.91971239099996,14.049815246000037],[-60.92168252799996,14.049337309000066],[-60.92238099299993,14.046705040000063],[-60.926448670999946,14.046232098000075],[-60.926618950999966,14.044661959000052],[-60.92739822999994,14.046083536000026],[-60.92618748099994,14.04712255000004],[-60.92936216099997,14.048714231000076],[-60.92991941399998,14.049851141000033],[-60.93111703399995,14.04896870500005]]]}},{"type":"Feature","id":"gb:8701671B92777247023512","properties":{"id":"gb:8701671B92777247023512","name":"Monchy/La Borne/Sans Souci","parentId":"gb:63095687B77911403325027","level":"ADM2","countryCode":"LC"},"geometry":{"type":"Polygon","coordinates":[[[-60.91195426699994,14.043111147000047],[-60.91132602099998,14.04208469100007],[-60.90681623399996,14.040513132000058],[-60.905770236999956,14.038589555000044],[-60.89970136199997,14.038219876000028],[-60.896257187999936,14.039628096000058],[-60.88766936899998,14.039652046000072],[-60.88827509699996,14.042087175000063],[-60.88647985499995,14.045861948000038],[-60.887541246999945,14.049296483000035],[-60.90328841499996,14.052474558000029],[-60.91303897199998,14.04763864000006],[-60.910168873999964,14.046750665000047],[-60.91058608299994,14.044857470000068],[-60.91392676999993,14.046209877000024],[-60.91195426699994,14.043111147000047]]]}},{"type":"Feature","id":"gb:8701671B69664820658119","properties":{"id":"gb:8701671B69664820658119","name":"Monchy/Cardinal","parentId":"gb:63095687B77911403325027","level":"ADM2","countryCode":"LC"},"geometry":{"type":"Polygon","coordinates":[[[-60.91339980399994,14.059870255000021],[-60.91299735999996,14.060051151000039],[-60.91159522299995,14.064471695000066],[-60.91318363899995,14.066067168000075],[-60.92199036299996,14.064127860000042],[-60.92860312499994,14.06085945500007],[-60.926162586999965,14.057358862000058],[-60.92236201999998,14.057659407000074],[-60.920044848999964,14.060408580000058],[-60.91339980399994,14.059870255000021]]]}},{"type":"Feature","id":"gb:8701671B63390184751595","properties":{"id":"gb:8701671B63390184751595","name":"Corinth","parentId":"gb:63095687B77911403325027","level":"ADM2","countryCode":"LC"},"geometry":{"type":"Polygon","coordinates":[[[-60.962756146999936,14.053506335000066],[-60.96668942599996,14.051137149000056],[-60.96657771099996,14.047060222000027],[-60.96846100199997,14.046326055000065],[-60.96750397799997,14.044976364000036],[-60.96743860299995,14.04493758500007],[-60.964768711999966,14.043526431000032],[-60.960982582999975,14.039352569000073],[-60.959302538999964,14.040670653000063],[-60.95773342599995,14.042876437000075],[-60.95446393999998,14.045229421000045],[-60.95185941799997,14.044478207000054],[-60.94912063899994,14.045620793000069],[-60.94920017299995,14.045821088000025],[-60.95087828299995,14.047001802000068],[-60.954896846999986,14.046378814000036],[-60.955429623999976,14.051284722000048],[-60.96001588499996,14.053998192000051],[-60.962756146999936,14.053506335000066]]]}},{"type":"Feature","id":"gb:8701671B56834223394204","properties":{"id":"gb:8701671B56834223394204","name":"Monchy/Ti Dauphin","parentId":"gb:63095687B77911403325027","level":"ADM2","countryCode":"LC"},"geometry":{"type":"Polygon","coordinates":[[[-60.93555572099996,14.040628169000058],[-60.93525429599998,14.038256673000035],[-60.93452819299995,14.033649512000068],[-60.93268019799996,14.033265054000026],[-60.92916981199994,14.035141327000076],[-60.929946978999965,14.042431152000063],[-60.928471040999966,14.043935690000069],[-60.928583823999986,14.046792611000058],[-60.93111703399995,14.04896870500005],[-60.93317534499994,14.046754515000032],[-60.93412756099997,14.048308169000052],[-60.93595278399994,14.04481826500006],[-60.934646904999965,14.042918784000051],[-60.93555572099996,14.040628169000058]]]}},{"type":"Feature","id":"gb:8701671B47647917387752","properties":{"id":"gb:8701671B47647917387752","name":"Grande Riviere/Norbert","parentId":"gb:63095687B77911403325027","level":"ADM2","countryCode":"LC"},"geometry":{"type":"Polygon","coordinates":[[[-60.94920017299995,14.045821088000025],[-60.94912063899994,14.045620793000069],[-60.950373645999946,14.043840438000075],[-60.950992902999985,14.041555515000027],[-60.948678204999965,14.041638530000057],[-60.94760523799994,14.044623236000064],[-60.94795837899994,14.045721439000033],[-60.94920017299995,14.045821088000025]]]}},{"type":"Feature","id":"gb:8701671B91089309525348","properties":{"id":"gb:8701671B91089309525348","name":"Corinth/La Bel Lair","parentId":"gb:63095687B77911403325027","level":"ADM2","countryCode":"LC"},"geometry":{"type":"Polygon","coordinates":[[[-60.94795837899994,14.045721439000033],[-60.94760523799994,14.044623236000064],[-60.94485000199995,14.04314901400005],[-60.94269326899996,14.043741385000033],[-60.943680848999975,14.046805745000029],[-60.94795837899994,14.045721439000033]]]}},{"type":"Feature","id":"gb:8701671B10801688655736","properties":{"id":"gb:8701671B10801688655736","name":"Grande Riviere/Postlewaithe","parentId":"gb:63095687B77911403325027","level":"ADM2","countryCode":"LC"},"geometry":{"type":"Polygon","coordinates":[[[-60.950373645999946,14.043840438000075],[-60.952976071999956,14.042667083000026],[-60.95213871799996,14.039868753000064],[-60.950992902999985,14.041555515000027],[-60.950373645999946,14.043840438000075]]]}},{"type":"Feature","id":"gb:8701671B1385498050924","properties":{"id":"gb:8701671B1385498050924","name":"Grande Riviere/Piat","parentId":"gb:63095687B77911403325027","level":"ADM2","countryCode":"LC"},"geometry":{"type":"Polygon","coordinates":[[[-60.94269326899996,14.043741385000033],[-60.94485000199995,14.04314901400005],[-60.94760523799994,14.044623236000064],[-60.948678204999965,14.041638530000057],[-60.94766478799994,14.040233865000062],[-60.95062857499994,14.03975414200005],[-60.95075236499997,14.037732508000033],[-60.950096429999974,14.035973118000072],[-60.94339634399995,14.03614232700005],[-60.93817740099996,14.036475636000034],[-60.93525429599998,14.038256673000035],[-60.93555572099996,14.040628169000058],[-60.939519975999985,14.040656008000042],[-60.94049994499994,14.043620727000075],[-60.94269326899996,14.043741385000033]]]}},{"type":"Feature","id":"gb:8701671B51271106476031","properties":{"id":"gb:8701671B51271106476031","name":"Grande Riviere","parentId":"gb:63095687B77911403325027","level":"ADM2","countryCode":"LC"},"geometry":{"type":"Polygon","coordinates":[[[-60.959302538999964,14.040670653000063],[-60.957456682999975,14.039039563000074],[-60.953153275999966,14.038133364000032],[-60.95389577299994,14.03319100300007],[-60.95410079599998,14.031962116000045],[-60.955068333999975,14.030115575000025],[-60.95420328499995,14.02974019900006],[-60.95389957499998,14.029906026000049],[-60.95211428999994,14.03277416900005],[-60.95018254399997,14.032935530000032],[-60.94868636899997,14.03044363600003],[-60.945862027999965,14.03163678900006],[-60.946460369999954,14.03256142600003],[-60.94480848599994,14.03297205900003],[-60.94339634399995,14.03614232700005],[-60.950096429999974,14.035973118000072],[-60.95075236499997,14.037732508000033],[-60.95402577799996,14.038939667000022],[-60.95322551399994,14.039971060000028],[-60.95478387099996,14.040939523000077],[-60.95773342599995,14.042876437000075],[-60.959302538999964,14.040670653000063]]]}},{"type":"Feature","id":"gb:8701671B20786089058501","properties":{"id":"gb:8701671B20786089058501","name":"Marisule/Top Of The World/Belle Ville","parentId":"gb:63095687B77911403325027","level":"ADM2","countryCode":"LC"},"geometry":{"type":"Polygon","coordinates":[[[-60.96743860299995,14.04493758500007],[-60.968628070999955,14.043980605000058],[-60.96635956199998,14.04308147200004],[-60.964768711999966,14.043526431000032],[-60.96743860299995,14.04493758500007]]]}},{"type":"Feature","id":"gb:8701671B44431410980873","properties":{"id":"gb:8701671B44431410980873","name":"Grande Riviere/White Rock","parentId":"gb:63095687B77911403325027","level":"ADM2","countryCode":"LC"},"geometry":{"type":"Polygon","coordinates":[[[-60.957456682999975,14.039039563000074],[-60.957196806999946,14.035032431000047],[-60.95389577299994,14.03319100300007],[-60.953153275999966,14.038133364000032],[-60.957456682999975,14.039039563000074]]]}},{"type":"Feature","id":"gb:8701671B35889486410430","properties":{"id":"gb:8701671B35889486410430","name":"Union/Ti Morne","parentId":"gb:63095687B77911403325027","level":"ADM2","countryCode":"LC"},"geometry":{"type":"Polygon","coordinates":[[[-60.953862485999935,14.019664316000046],[-60.94837138599996,14.020870256000023],[-60.948187050999934,14.023550731000057],[-60.954385642999966,14.026670865000028],[-60.957179922999956,14.025507727000047],[-60.953862485999935,14.019664316000046]]]}},{"type":"Feature","id":"gb:8701671B21062082038543","properties":{"id":"gb:8701671B21062082038543","name":"Monier","parentId":"gb:63095687B77911403325027","level":"ADM2","countryCode":"LC"},"geometry":{"type":"Polygon","coordinates":[[[-60.93525429599998,14.038256673000035],[-60.93817740099996,14.036475636000034],[-60.94339634399995,14.03614232700005],[-60.94480848599994,14.03297205900003],[-60.946460369999954,14.03256142600003],[-60.945862027999965,14.03163678900006],[-60.94868636899997,14.03044363600003],[-60.94528345799995,14.02362873900006],[-60.943352921999974,14.022964093000041],[-60.93915065899995,14.021510607000039],[-60.93696996799997,14.02325275800007],[-60.93776673299993,14.02615073100003],[-60.93557297099994,14.03092282700004],[-60.93268019799996,14.033265054000026],[-60.93452819299995,14.033649512000068],[-60.93525429599998,14.038256673000035]]]}},{"type":"Feature","id":"gb:8701671B88709297193728","properties":{"id":"gb:8701671B88709297193728","name":"Grande Riviere/Morne Serpent","parentId":"gb:63095687B77911403325027","level":"ADM2","countryCode":"LC"},"geometry":{"type":"Polygon","coordinates":[[[-60.960982582999975,14.039352569000073],[-60.964857052999946,14.03937675800006],[-60.96534852999997,14.03469756800007],[-60.96353847399996,14.032139752000035],[-60.95926991399995,14.030777014000023],[-60.957434845999956,14.031824258000029],[-60.95410079599998,14.031962116000045],[-60.95389577299994,14.03319100300007],[-60.957196806999946,14.035032431000047],[-60.957456682999975,14.039039563000074],[-60.959302538999964,14.040670653000063],[-60.960982582999975,14.039352569000073]]]}},{"type":"Feature","id":"gb:8701671B99819358130632","properties":{"id":"gb:8701671B99819358130632","name":"Grande Riviere/Ingle Woods","parentId":"gb:63095687B77911403325027","level":"ADM2","countryCode":"LC"},"geometry":{"type":"Polygon","coordinates":[[[-60.95410079599998,14.031962116000045],[-60.957434845999956,14.031824258000029],[-60.95640083799998,14.029834014000073],[-60.955068333999975,14.030115575000025],[-60.95410079599998,14.031962116000045]]]}},{"type":"Feature","id":"gb:8701671B886545295565","properties":{"id":"gb:8701671B886545295565","name":"Grande Riviere/Morne Elwin","parentId":"gb:63095687B77911403325027","level":"ADM2","countryCode":"LC"},"geometry":{"type":"Polygon","coordinates":[[[-60.955068333999975,14.030115575000025],[-60.95640083799998,14.029834014000073],[-60.95678613599995,14.028407805000029],[-60.95420328499995,14.02974019900006],[-60.955068333999975,14.030115575000025]]]}},{"type":"Feature","id":"gb:8701671B11506413614658","properties":{"id":"gb:8701671B11506413614658","name":"Union Terrace","parentId":"gb:63095687B77911403325027","level":"ADM2","countryCode":"LC"},"geometry":{"type":"Polygon","coordinates":[[[-60.954385642999966,14.026670865000028],[-60.95538620099995,14.028222071000073],[-60.95890403499993,14.026803364000045],[-60.958591066999986,14.024958147000063],[-60.957179922999956,14.025507727000047],[-60.954385642999966,14.026670865000028]]]}},{"type":"Feature","id":"gb:8701671B92631226508247","properties":{"id":"gb:8701671B92631226508247","name":"Monchy/Malgretoute","parentId":"gb:63095687B77911403325027","level":"ADM2","countryCode":"LC"},"geometry":{"type":"Polygon","coordinates":[[[-60.92562893199994,14.044024931000024],[-60.923836404999975,14.037072666000029],[-60.92278713999997,14.03890954600007],[-60.91848884199999,14.03822774300005],[-60.91132602099998,14.04208469100007],[-60.91195426699994,14.043111147000047],[-60.92562893199994,14.044024931000024]]]}},{"type":"Feature","id":"gb:8701671B79417644951649","properties":{"id":"gb:8701671B79417644951649","name":"Desrameaux","parentId":"gb:63095687B77911403325027","level":"ADM2","countryCode":"LC"},"geometry":{"type":"Polygon","coordinates":[[[-60.928471040999966,14.043935690000069],[-60.929946978999965,14.042431152000063],[-60.92916981199994,14.035141327000076],[-60.93268019799996,14.033265054000026],[-60.93557297099994,14.03092282700004],[-60.931423947999974,14.030143558000077],[-60.92830983299996,14.03061445800006],[-60.93046481799996,14.031845389000068],[-60.92551138999994,14.034115014000065],[-60.919888544999935,14.035883023000054],[-60.91853295899995,14.038223821000031],[-60.91848884199999,14.03822774300005],[-60.92278713999997,14.03890954600007],[-60.923836404999975,14.037072666000029],[-60.92562893199994,14.044024931000024],[-60.92567182399995,14.044032754000057],[-60.92574202499998,14.044065255000078],[-60.928471040999966,14.043935690000069]]]}},{"type":"Feature","id":"gb:8701671B41674368745419","properties":{"id":"gb:8701671B41674368745419","name":"Morne Citon","parentId":"gb:63095687B77911403325027","level":"ADM2","countryCode":"LC"},"geometry":{"type":"Polygon","coordinates":[[[-60.92598881299995,14.028965120000066],[-60.92551138999994,14.034115014000065],[-60.93046481799996,14.031845389000068],[-60.92830983299996,14.03061445800006],[-60.931423947999974,14.030143558000077],[-60.93071123799996,14.027793290000034],[-60.92733271299994,14.027518650000047],[-60.92598881299995,14.028965120000066]]]}},{"type":"Feature","id":"gb:8701671B21443736840155","properties":{"id":"gb:8701671B21443736840155","name":"Plateau","parentId":"gb:63095687B77911403325027","level":"ADM2","countryCode":"LC"},"geometry":{"type":"Polygon","coordinates":[[[-60.93071123799996,14.027793290000034],[-60.931423947999974,14.030143558000077],[-60.93557297099994,14.03092282700004],[-60.93776673299993,14.02615073100003],[-60.93696996799997,14.02325275800007],[-60.93915065899995,14.021510607000039],[-60.93795650699997,14.020768387000032],[-60.93484990699994,14.022630531000061],[-60.933461859999966,14.02326877400003],[-60.931649952999976,14.024534990000063],[-60.93125199499997,14.027150621000033],[-60.93071123799996,14.027793290000034]]]}},{"type":"Feature","id":"gb:8701671B73614942856081","properties":{"id":"gb:8701671B73614942856081","name":"Girard/Babonneau","parentId":"gb:63095687B33875357323526","level":"ADM2","countryCode":"LC"},"geometry":{"type":"Polygon","coordinates":[[[-60.95496306199993,14.001736805000064],[-60.96038117899997,14.007534648000046],[-60.963784594999936,14.003566763000038],[-60.96356412999995,13.99727234200003],[-60.96168452999996,13.993800475000057],[-60.95998735399996,13.99530892200005],[-60.958191960999955,13.994725170000038],[-60.95527556899998,13.99545160100007],[-60.95436586699998,13.99999628300003],[-60.95496306199993,14.001736805000064]]]}},{"type":"Feature","id":"gb:8701671B59649153426200","properties":{"id":"gb:8701671B59649153426200","name":"Mamiku","parentId":"gb:63095687B12253142447206","level":"ADM2","countryCode":"LC"},"geometry":{"type":"Polygon","coordinates":[[[-60.90056495699997,13.871236289000024],[-60.90280059799994,13.87083317500003],[-60.909095235999985,13.869698178000021],[-60.91632372799995,13.871889364000026],[-60.91997902099996,13.868597260000058],[-60.920118452999986,13.867446398000027],[-60.915943427999935,13.865606289000027],[-60.904545016999975,13.86625252400006],[-60.906932909999966,13.863387361000036],[-60.90743753999993,13.859941106000065],[-60.90453680199994,13.860262039000077],[-60.90136000799998,13.86545548500004],[-60.89229302899997,13.86398359900005],[-60.88802675199997,13.86527335900007],[-60.88469615499997,13.868215758000076],[-60.885557879999965,13.870003668000038],[-60.87967665299993,13.871166931000062],[-60.88564020299998,13.871899924000047],[-60.88786091299994,13.869745113000022],[-60.892442949999975,13.86949452400006],[-60.89532660499998,13.869679230000031],[-60.89717097299996,13.871729130000062],[-60.90056495699997,13.871236289000024]]]}},{"type":"Feature","id":"gb:8701671B15123648543538","properties":{"id":"gb:8701671B15123648543538","name":"Raillon Road","parentId":"gb:63095687B12253142447206","level":"ADM2","countryCode":"LC"},"geometry":{"type":"Polygon","coordinates":[[[-60.917114477999974,13.86163517500006],[-60.91007386199993,13.861544135000031],[-60.90743753999993,13.859941106000065],[-60.906932909999966,13.863387361000036],[-60.904545016999975,13.86625252400006],[-60.915943427999935,13.865606289000027],[-60.920118452999986,13.867446398000027],[-60.91997902099996,13.868597260000058],[-60.92153434299996,13.868350704000022],[-60.92305269999997,13.871469110000021],[-60.92526865299993,13.869991969000068],[-60.928603505999945,13.870796219000056],[-60.930828591999955,13.875157108000053],[-60.93190365299995,13.874211028000047],[-60.934326444999954,13.877662635000036],[-60.93726428399998,13.877225493000026],[-60.938325275999944,13.880119877000027],[-60.940581659999964,13.879770957000062],[-60.944508835999954,13.885971090000055],[-60.94877477199998,13.883892761000027],[-60.951068850999945,13.879407892000074],[-60.95042690799994,13.87461019500006],[-60.952714036999964,13.87145290500007],[-60.94644009199993,13.865454723000028],[-60.94126692699996,13.869459326000026],[-60.928508299999976,13.861464832000024],[-60.92467964299993,13.861461822000024],[-60.917114477999974,13.86163517500006]]]}},{"type":"Feature","id":"gb:8701671B75874971152676","properties":{"id":"gb:8701671B75874971152676","name":"La Guerre/Chickenback Street","parentId":"gb:63095687B77911403325027","level":"ADM2","countryCode":"LC"},"geometry":{"type":"Polygon","coordinates":[[[-60.93125199499997,14.027150621000033],[-60.931649952999976,14.024534990000063],[-60.933461859999966,14.02326877400003],[-60.92995287799994,14.021681823000051],[-60.92908092599998,14.023964959000068],[-60.93125199499997,14.027150621000033]]]}},{"type":"Feature","id":"gb:8701671B88518569021729","properties":{"id":"gb:8701671B88518569021729","name":"Americ","parentId":"gb:63095687B77911403325027","level":"ADM2","countryCode":"LC"},"geometry":{"type":"Polygon","coordinates":[[[-60.92995287799994,14.021681823000051],[-60.933461859999966,14.02326877400003],[-60.93484990699994,14.022630531000061],[-60.93441690699996,14.020517193000046],[-60.930204121999964,14.01924817300005],[-60.92941091499995,14.019233213000064],[-60.92995287799994,14.021681823000051]]]}},{"type":"Feature","id":"gb:8701671B69138058153877","properties":{"id":"gb:8701671B69138058153877","name":"Paix Bouche","parentId":"gb:63095687B77911403325027","level":"ADM2","countryCode":"LC"},"geometry":{"type":"Polygon","coordinates":[[[-60.943352921999974,14.022964093000041],[-60.945648689999985,14.01605270300007],[-60.943357091999985,14.014176104000057],[-60.94223661899997,14.012944880000077],[-60.934380869999984,14.014149067000062],[-60.93305531599998,14.014427247000071],[-60.930204121999964,14.01924817300005],[-60.93441690699996,14.020517193000046],[-60.93484990699994,14.022630531000061],[-60.93795650699997,14.020768387000032],[-60.93915065899995,14.021510607000039],[-60.943352921999974,14.022964093000041]]]}},{"type":"Feature","id":"gb:8701671B42547396516194","properties":{"id":"gb:8701671B42547396516194","name":"Marquis Estate","parentId":"gb:63095687B77911403325027","level":"ADM2","countryCode":"LC"},"geometry":{"type":"Polygon","coordinates":[[[-60.919870722999974,14.023364009000034],[-60.91586507799997,14.02245223600005],[-60.916301859999976,14.017077822000033],[-60.91518069999995,14.01639726600007],[-60.88908971099994,14.023947082000063],[-60.887400026999956,14.02897850000005],[-60.89114336599994,14.030356975000075],[-60.89307179499997,14.028537800000038],[-60.89372260099998,14.030565490000072],[-60.895154838999986,14.03065896000004],[-60.895462864999956,14.032272006000028],[-60.890320186999986,14.034629786000039],[-60.896257187999936,14.039628096000058],[-60.89970136199997,14.038219876000028],[-60.905770236999956,14.038589555000044],[-60.90681623399996,14.040513132000058],[-60.91132602099998,14.04208469100007],[-60.91848884199999,14.03822774300005],[-60.91853295899995,14.038223821000031],[-60.919888544999935,14.035883023000054],[-60.92551138999994,14.034115014000065],[-60.92598881299995,14.028965120000066],[-60.919870722999974,14.023364009000034]]]}},{"type":"Feature","id":"gb:8701671B63256124601591","properties":{"id":"gb:8701671B63256124601591","name":"Boguis","parentId":"gb:63095687B77911403325027","level":"ADM2","countryCode":"LC"},"geometry":{"type":"Polygon","coordinates":[[[-60.92912774299998,14.018331256000067],[-60.92782204699995,14.013071104000062],[-60.92212280499996,14.009677789000023],[-60.92000616399997,14.009617567000078],[-60.91643877399997,14.012922640000056],[-60.91476271799996,14.013785170000062],[-60.91518069999995,14.01639726600007],[-60.916301859999976,14.017077822000033],[-60.91586507799997,14.02245223600005],[-60.919870722999974,14.023364009000034],[-60.91935173999997,14.020089760000076],[-60.922640022999985,14.013801861000047],[-60.92317295599997,14.015361489000043],[-60.92912774299998,14.018331256000067]]]}},{"type":"Feature","id":"gb:8701671B42677537488502","properties":{"id":"gb:8701671B42677537488502","name":"Boguis/Desa Blond","parentId":"gb:63095687B77911403325027","level":"ADM2","countryCode":"LC"},"geometry":{"type":"Polygon","coordinates":[[[-60.92941091499995,14.019233213000064],[-60.930204121999964,14.01924817300005],[-60.93305531599998,14.014427247000071],[-60.928417982999974,14.006711032000055],[-60.922693279999976,14.006628553000041],[-60.91798210999997,14.005611481000074],[-60.918738159999975,14.009150779000038],[-60.91598921399998,14.011593876000063],[-60.91643877399997,14.012922640000056],[-60.92000616399997,14.009617567000078],[-60.92212280499996,14.009677789000023],[-60.92782204699995,14.013071104000062],[-60.92912774299998,14.018331256000067],[-60.92941091499995,14.019233213000064]]]}},{"type":"Feature","id":"gb:8701671B32853593869516","properties":{"id":"gb:8701671B32853593869516","name":"Des Barras/Cacolie","parentId":"gb:63095687B77911403325027","level":"ADM2","countryCode":"LC"},"geometry":{"type":"Polygon","coordinates":[[[-60.89013131199994,14.018622760000028],[-60.88714115299996,14.023864884000034],[-60.88908971099994,14.023947082000063],[-60.91518069999995,14.01639726600007],[-60.91476271799996,14.013785170000062],[-60.91193948399996,14.013932125000053],[-60.90607019099997,14.011358796000025],[-60.898967063999976,14.01188828200003],[-60.89414079699998,14.014758770000071],[-60.890136214999984,14.015264368000032],[-60.89262631499997,14.017791760000023],[-60.89013131199994,14.018622760000028]]]}},{"type":"Feature","id":"gb:8701671B41782818655170","properties":{"id":"gb:8701671B41782818655170","name":"Massade","parentId":"gb:63095687B77911403325027","level":"ADM2","countryCode":"LC"},"geometry":{"type":"Polygon","coordinates":[[[-60.945683981999935,14.085934071000054],[-60.94848529899997,14.083218914000042],[-60.95028383799996,14.086468956000033],[-60.95258729899996,14.087055211000063],[-60.95393002299994,14.08345907000006],[-60.951863268999944,14.082229398000038],[-60.95145481099996,14.079758209000033],[-60.947451426999976,14.07995575800004],[-60.94735391199998,14.080215657000053],[-60.943777402999956,14.082985965000034],[-60.94543357899994,14.083127769000043],[-60.945683981999935,14.085934071000054]]]}},{"type":"Feature","id":"gb:8701671B30275732730591","properties":{"id":"gb:8701671B30275732730591","name":"Gros Islet Town","parentId":"gb:63095687B77911403325027","level":"ADM2","countryCode":"LC"},"geometry":{"type":"Polygon","coordinates":[[[-60.95443882999996,14.083116529000051],[-60.954887704999976,14.079081124000027],[-60.95210558699995,14.07875129000007],[-60.95145481099996,14.079758209000033],[-60.951863268999944,14.082229398000038],[-60.95393002299994,14.08345907000006],[-60.95443882999996,14.083116529000051]]]}},{"type":"Feature","id":"gb:8701671B26446113405700","properties":{"id":"gb:8701671B26446113405700","name":"Gros Islet/Edge Water","parentId":"gb:63095687B77911403325027","level":"ADM2","countryCode":"LC"},"geometry":{"type":"Polygon","coordinates":[[[-60.947451426999976,14.07995575800004],[-60.95145481099996,14.079758209000033],[-60.95210558699995,14.07875129000007],[-60.94791692899997,14.078369370000075],[-60.94785472399997,14.07837315100005],[-60.947451426999976,14.07995575800004]]]}},{"type":"Feature","id":"gb:8701671B40211912929953","properties":{"id":"gb:8701671B40211912929953","name":"Rodney Heights","parentId":"gb:63095687B77911403325027","level":"ADM2","countryCode":"LC"},"geometry":{"type":"Polygon","coordinates":[[[-60.94725860899996,14.07154477000006],[-60.94860942799994,14.069442466000055],[-60.952344669999945,14.067979023000078],[-60.95245315699998,14.064537857000062],[-60.94647464199994,14.066898439000056],[-60.94522681199999,14.06753503300007],[-60.94725860899996,14.07154477000006]]]}},{"type":"Feature","id":"gb:8701671B12183972503150","properties":{"id":"gb:8701671B12183972503150","name":"Mongiraud","parentId":"gb:63095687B77911403325027","level":"ADM2","countryCode":"LC"},"geometry":{"type":"Polygon","coordinates":[[[-60.95693548799994,14.06483580300005],[-60.95846801799996,14.064713020000056],[-60.96065188899996,14.063416515000029],[-60.957580863999965,14.062457125000037],[-60.95713949299994,14.059879636000062],[-60.95495591799994,14.062231048000058],[-60.954907161999984,14.064821530000074],[-60.95693548799994,14.06483580300005]]]}},{"type":"Feature","id":"gb:8701671B58662152175879","properties":{"id":"gb:8701671B58662152175879","name":"Marisule/East Winds","parentId":"gb:63095687B77911403325027","level":"ADM2","countryCode":"LC"},"geometry":{"type":"Polygon","coordinates":[[[-60.96620208999997,14.055791131000035],[-60.96861817399997,14.056985933000021],[-60.969926278999935,14.054099560000054],[-60.97194690499998,14.053529540000056],[-60.96742306799996,14.051482910000061],[-60.96715633499997,14.052744744000051],[-60.96620208999997,14.055791131000035]]]}},{"type":"Feature","id":"gb:8701671B94015264983282","properties":{"id":"gb:8701671B94015264983282","name":"Corinth Estate","parentId":"gb:63095687B77911403325027","level":"ADM2","countryCode":"LC"},"geometry":{"type":"Polygon","coordinates":[[[-60.95773342599995,14.042876437000075],[-60.95478387099996,14.040939523000077],[-60.95347907399997,14.040797244000032],[-60.95425126199996,14.04149306000005],[-60.952976071999956,14.042667083000026],[-60.950373645999946,14.043840438000075],[-60.94912063899994,14.045620793000069],[-60.95185941799997,14.044478207000054],[-60.95446393999998,14.045229421000045],[-60.95773342599995,14.042876437000075]]]}},{"type":"Feature","id":"gb:8701671B38434288339117","properties":{"id":"gb:8701671B38434288339117","name":"Grande Riviere/Assou Canal","parentId":"gb:63095687B77911403325027","level":"ADM2","countryCode":"LC"},"geometry":{"type":"Polygon","coordinates":[[[-60.950992902999985,14.041555515000027],[-60.95213871799996,14.039868753000064],[-60.952976071999956,14.042667083000026],[-60.95425126199996,14.04149306000005],[-60.95347907399997,14.040797244000032],[-60.95478387099996,14.040939523000077],[-60.95322551399994,14.039971060000028],[-60.95402577799996,14.038939667000022],[-60.95075236499997,14.037732508000033],[-60.95062857499994,14.03975414200005],[-60.94766478799994,14.040233865000062],[-60.948678204999965,14.041638530000057],[-60.950992902999985,14.041555515000027]]]}},{"type":"Feature","id":"gb:8701671B80997210152417","properties":{"id":"gb:8701671B80997210152417","name":"La Croix Chaubough","parentId":"gb:63095687B33875357323526","level":"ADM2","countryCode":"LC"},"geometry":{"type":"Polygon","coordinates":[[[-60.943357091999985,14.014176104000057],[-60.944835963999935,14.012308153000049],[-60.94414052999997,14.010505735000038],[-60.94162302199999,14.01006955500003],[-60.942963533999944,14.008820538000066],[-60.94045300899995,14.007592895000073],[-60.94019498399996,14.009739293000052],[-60.93778757599995,14.009958961000052],[-60.934380869999984,14.014149067000062],[-60.94223661899997,14.012944880000077],[-60.943357091999985,14.014176104000057]]]}},{"type":"Feature","id":"gb:8701671B96547889187506","properties":{"id":"gb:8701671B96547889187506","name":"Reduit","parentId":"gb:63095687B77911403325027","level":"ADM2","countryCode":"LC"},"geometry":{"type":"Polygon","coordinates":[[[-60.957977238999945,14.071554043000049],[-60.96259134699994,14.072659256000065],[-60.96537694899996,14.071496629000023],[-60.96636838799998,14.06617821900005],[-60.96640609099995,14.065927877000036],[-60.95846801799996,14.064713020000056],[-60.95693548799994,14.06483580300005],[-60.95627098199998,14.067678575000059],[-60.95646531699998,14.070654614000034],[-60.957977238999945,14.071554043000049]]]}},{"type":"Feature","id":"gb:8701671B37181005506912","properties":{"id":"gb:8701671B37181005506912","name":"Monchy/Vieux Sucreic/Careffe","parentId":"gb:63095687B77911403325027","level":"ADM2","countryCode":"LC"},"geometry":{"type":"Polygon","coordinates":[[[-60.949999839999975,14.054507706000038],[-60.94883819199998,14.055609575000062],[-60.94775794199995,14.057846274000042],[-60.94951409599997,14.058998350000024],[-60.949999839999975,14.054507706000038]]]}},{"type":"Feature","id":"gb:8701671B75171816704867","properties":{"id":"gb:8701671B75171816704867","name":"Monchy/Careffe","parentId":"gb:63095687B77911403325027","level":"ADM2","countryCode":"LC"},"geometry":{"type":"Polygon","coordinates":[[[-60.94951409599997,14.058998350000024],[-60.94775794199995,14.057846274000042],[-60.94446455599996,14.059111063000046],[-60.94446395799997,14.060507186000052],[-60.948398536999946,14.059516574000043],[-60.95495591799994,14.062231048000058],[-60.954138617999945,14.057787913000027],[-60.94951409599997,14.058998350000024]]]}},{"type":"Feature","id":"gb:8701671B13502438451250","properties":{"id":"gb:8701671B13502438451250","name":"Garrand","parentId":"gb:63095687B77911403325027","level":"ADM2","countryCode":"LC"},"geometry":{"type":"Polygon","coordinates":[[[-60.922693279999976,14.006628553000041],[-60.928417982999974,14.006711032000055],[-60.93305531599998,14.014427247000071],[-60.934380869999984,14.014149067000062],[-60.93778757599995,14.009958961000052],[-60.94019498399996,14.009739293000052],[-60.94045300899995,14.007592895000073],[-60.94064959399998,14.003943658000026],[-60.937318268999945,13.999272907000034],[-60.92999746999993,13.996275576000073],[-60.92818736799995,13.995654106000075],[-60.92685046999998,13.998331204000067],[-60.92445057499998,14.001362495000024],[-60.92634535099995,14.002997203000064],[-60.922693279999976,14.006628553000041]]]}},{"type":"Feature","id":"gb:8701671B67654174060035","properties":{"id":"gb:8701671B67654174060035","name":"Dauphin","parentId":"gb:63095687B77911403325027","level":"ADM2","countryCode":"LC"},"geometry":{"type":"Polygon","coordinates":[[[-60.919371196999975,14.05333048700004],[-60.91902509199997,14.051854492000075],[-60.91303897199998,14.04763864000006],[-60.90328841499996,14.052474558000029],[-60.887541246999945,14.049296483000035],[-60.88577955899996,14.048439815000052],[-60.88483562099998,14.050252357000033],[-60.88273201599998,14.050618814000075],[-60.88581317099994,14.052425902000039],[-60.886363622999966,14.054285324000034],[-60.889454858999954,14.055334670000036],[-60.89186679399995,14.057941764000077],[-60.89223711499994,14.061531345000049],[-60.89648300099998,14.063251813000022],[-60.89651239699998,14.065359060000048],[-60.90176670799997,14.067415089000065],[-60.90452906399997,14.064893359000052],[-60.904836269999976,14.066629994000039],[-60.910008095999956,14.063224565000041],[-60.91036842999995,14.060793810000064],[-60.91299735999996,14.060051151000039],[-60.91339980399994,14.059870255000021],[-60.91299678499996,14.057576264000033],[-60.914994570999966,14.054110816000048],[-60.919371196999975,14.05333048700004]]]}},{"type":"Feature","id":"gb:8701671B89602605916522","properties":{"id":"gb:8701671B89602605916522","name":"Caille Des","parentId":"gb:63095687B77911403325027","level":"ADM2","countryCode":"LC"},"geometry":{"type":"Polygon","coordinates":[[[-60.90412630099996,13.983912485000076],[-60.90092848599994,13.97724647800004],[-60.891093884999975,13.97713827800004],[-60.88665646199996,13.97534372900003],[-60.87876556699996,13.979988269000046],[-60.87801641799996,13.982167052000023],[-60.875787886999944,13.982789289000038],[-60.87696954699999,13.98366130900007],[-60.87500797399997,13.985696016000077],[-60.87624984099995,13.98693529600007],[-60.87543297499997,13.987880674000053],[-60.87953227199995,13.991294053000047],[-60.882447095999964,13.990442705000078],[-60.89196227299993,13.984206825000058],[-60.90412630099996,13.983912485000076]]]}},{"type":"Feature","id":"gb:8701671B1865604971664","properties":{"id":"gb:8701671B1865604971664","name":"Union","parentId":"gb:63095687B33875357323526","level":"ADM2","countryCode":"LC"},"geometry":{"type":"Polygon","coordinates":[[[-60.95420328499995,14.02974019900006],[-60.95678613599995,14.028407805000029],[-60.95640083799998,14.029834014000073],[-60.957434845999956,14.031824258000029],[-60.95926991399995,14.030777014000023],[-60.96353847399996,14.032139752000035],[-60.96534852999997,14.03469756800007],[-60.964857052999946,14.03937675800006],[-60.966081249999945,14.041124442000068],[-60.96762347599997,14.03868077900006],[-60.97242511699994,14.03872894400007],[-60.97198521399997,14.03611383200007],[-60.97378928699993,14.032951964000063],[-60.97198214399998,14.031229422000024],[-60.97150081799998,14.027560257000061],[-60.97007965299997,14.027653131000022],[-60.96891038699994,14.025366230000031],[-60.96867097299997,14.022674449000021],[-60.96226519199996,14.021481846000029],[-60.95981094999996,14.020883426000069],[-60.95765355399993,14.019419306000032],[-60.953862485999935,14.019664316000046],[-60.957179922999956,14.025507727000047],[-60.958591066999986,14.024958147000063],[-60.95890403499993,14.026803364000045],[-60.95538620099995,14.028222071000073],[-60.95389957499998,14.029906026000049],[-60.95420328499995,14.02974019900006]]]}},{"type":"Feature","id":"gb:8701671B99981007165290","properties":{"id":"gb:8701671B99981007165290","name":"Cas En Bas","parentId":"gb:63095687B77911403325027","level":"ADM2","countryCode":"LC"},"geometry":{"type":"Polygon","coordinates":[[[-60.943777402999956,14.082985965000034],[-60.94735391199998,14.080215657000053],[-60.945981803999985,14.079492587000061],[-60.940173081999944,14.080850077000036],[-60.938739759999976,14.078902012000071],[-60.93183880599997,14.078632705000075],[-60.925637052999946,14.079739225000026],[-60.92090523799993,14.078499492000049],[-60.920253457999934,14.079394554000032],[-60.92256370499996,14.086519820000035],[-60.927705386999946,14.086235860000045],[-60.92740768599998,14.090758570000048],[-60.929735638999944,14.092273250000062],[-60.93346213099994,14.087329972000077],[-60.94139336899997,14.086608630000057],[-60.941191920999984,14.083290077000072],[-60.943777402999956,14.082985965000034]]]}},{"type":"Feature","id":"gb:8701671B72446042689753","properties":{"id":"gb:8701671B72446042689753","name":"Beausejour/Ndc","parentId":"gb:63095687B77911403325027","level":"ADM2","countryCode":"LC"},"geometry":{"type":"Polygon","coordinates":[[[-60.92608586199998,14.074282034000078],[-60.92090523799993,14.078499492000049],[-60.925637052999946,14.079739225000026],[-60.93183880599997,14.078632705000075],[-60.93285426699998,14.076276955000026],[-60.93170585799999,14.075922389000027],[-60.930023984999934,14.077143231000036],[-60.92608586199998,14.074282034000078]]]}},{"type":"Feature","id":"gb:8701671B54690332526022","properties":{"id":"gb:8701671B54690332526022","name":"Monchy/Mount Layau","parentId":"gb:63095687B77911403325027","level":"ADM2","countryCode":"LC"},"geometry":{"type":"Polygon","coordinates":[[[-60.930632370999945,14.07237105300004],[-60.93080767999999,14.069266361000075],[-60.932106913999974,14.068575990000056],[-60.93230840299998,14.066238672000054],[-60.933455967999976,14.064023202000044],[-60.93695954399993,14.063134990000037],[-60.93501726299996,14.062020372000063],[-60.935107140999946,14.059810631000062],[-60.93405863999993,14.060556486000053],[-60.932065067999986,14.058213981000051],[-60.92860312499994,14.06085945500007],[-60.92199036299996,14.064127860000042],[-60.91318363899995,14.066067168000075],[-60.910335679999946,14.068579441000054],[-60.91222366499994,14.073631517000024],[-60.90886359399997,14.07469885300003],[-60.91348530499994,14.076716916000066],[-60.91089053699994,14.07995838200003],[-60.91300209899998,14.07990555200007],[-60.91582873599998,14.077230722000024],[-60.91848510699998,14.077467128000023],[-60.920253457999934,14.079394554000032],[-60.92090523799993,14.078499492000049],[-60.92608586199998,14.074282034000078],[-60.930632370999945,14.07237105300004]]]}},{"type":"Feature","id":"gb:8701671B2050901299754","properties":{"id":"gb:8701671B2050901299754","name":"Marisule/Top Of The World","parentId":"gb:63095687B77911403325027","level":"ADM2","countryCode":"LC"},"geometry":{"type":"Polygon","coordinates":[[[-60.96750397799997,14.044976364000036],[-60.96932362699994,14.044708569000022],[-60.968331029999945,14.043374442000072],[-60.96635956199998,14.04308147200004],[-60.968628070999955,14.043980605000058],[-60.96743860299995,14.04493758500007],[-60.96750397799997,14.044976364000036]]]}},{"type":"Feature","id":"gb:8701671B87551920719887","properties":{"id":"gb:8701671B87551920719887","name":"Marisule/Bon Air","parentId":"gb:63095687B77911403325027","level":"ADM2","countryCode":"LC"},"geometry":{"type":"Polygon","coordinates":[[[-60.974588246999986,14.05418624500004],[-60.97513907299998,14.052866204000054],[-60.97237918999997,14.048125879000054],[-60.96956840299998,14.047342744000048],[-60.96742306799996,14.051482910000061],[-60.97194690499998,14.053529540000056],[-60.974588246999986,14.05418624500004]]]}},{"type":"Feature","id":"gb:8701671B53143424756117","properties":{"id":"gb:8701671B53143424756117","name":"Marisule","parentId":"gb:63095687B77911403325027","level":"ADM2","countryCode":"LC"},"geometry":{"type":"Polygon","coordinates":[[[-60.96715633499997,14.052744744000051],[-60.96742306799996,14.051482910000061],[-60.96956840299998,14.047342744000048],[-60.97237918999997,14.048125879000054],[-60.97242511699994,14.03872894400007],[-60.96762347599997,14.03868077900006],[-60.966081249999945,14.041124442000068],[-60.964857052999946,14.03937675800006],[-60.960982582999975,14.039352569000073],[-60.964768711999966,14.043526431000032],[-60.96635956199998,14.04308147200004],[-60.968331029999945,14.043374442000072],[-60.96932362699994,14.044708569000022],[-60.96750397799997,14.044976364000036],[-60.96846100199997,14.046326055000065],[-60.96657771099996,14.047060222000027],[-60.96668942599996,14.051137149000056],[-60.962756146999936,14.053506335000066],[-60.963231503999964,14.054447070000037],[-60.96715633499997,14.052744744000051]]]}},{"type":"Feature","id":"gb:8701671B86513395077945","properties":{"id":"gb:8701671B86513395077945","name":"Grande Riviere/Degazon","parentId":"gb:63095687B77911403325027","level":"ADM2","countryCode":"LC"},"geometry":{"type":"Polygon","coordinates":[[[-60.95389957499998,14.029906026000049],[-60.95538620099995,14.028222071000073],[-60.954385642999966,14.026670865000028],[-60.948187050999934,14.023550731000057],[-60.94528345799995,14.02362873900006],[-60.94868636899997,14.03044363600003],[-60.95018254399997,14.032935530000032],[-60.95211428999994,14.03277416900005],[-60.95389957499998,14.029906026000049]]]}},{"type":"Feature","id":"gb:8701671B91623550198243","properties":{"id":"gb:8701671B91623550198243","name":"Gadette","parentId":"gb:63095687B97045845903589","level":"ADM2","countryCode":"LC"},"geometry":{"type":"Polygon","coordinates":[[[-60.92083767699995,13.952059848000033],[-60.92092055799998,13.951992507000057],[-60.921354995999934,13.949937679000072],[-60.919881858999986,13.949648856000067],[-60.920034347999945,13.94715566900004],[-60.91797901399997,13.945096363000062],[-60.91450986999996,13.945990541000072],[-60.91511833299995,13.951308010000048],[-60.91124849399995,13.956026923000024],[-60.908417648999944,13.960194208000075],[-60.90559213599994,13.96172569600003],[-60.89940936499994,13.960482116000037],[-60.89322329199996,13.966828479000071],[-60.89843133199997,13.969143109000072],[-60.901596145999974,13.968121263000057],[-60.90259992599994,13.965746393000074],[-60.90675841299998,13.964716474000056],[-60.91406060899993,13.968378346000065],[-60.91993761499998,13.954896968000071],[-60.92083767699995,13.952059848000033]]]}},{"type":"Feature","id":"gb:8701671B14864913892073","properties":{"id":"gb:8701671B14864913892073","name":"La Pelle","parentId":"gb:63095687B97045845903589","level":"ADM2","countryCode":"LC"},"geometry":{"type":"Polygon","coordinates":[[[-60.90869568199997,13.93635843800007],[-60.90395896499996,13.937759151000023],[-60.90340866599996,13.93676799900004],[-60.89676931599996,13.942664419000039],[-60.89576699099996,13.945902581000041],[-60.89852575499998,13.947090819000039],[-60.90318617499997,13.943884540000056],[-60.91130587799995,13.944211696000025],[-60.911821646999954,13.941003412000043],[-60.91408639599996,13.942006760000027],[-60.915248263999956,13.937105296000027],[-60.910663227999976,13.936694748000036],[-60.90989868499997,13.93774614800003],[-60.90869568199997,13.93635843800007]]]}},{"type":"Feature","id":"gb:8701671B69175081288575","properties":{"id":"gb:8701671B69175081288575","name":"Au Leon","parentId":"gb:63095687B97045845903589","level":"ADM2","countryCode":"LC"},"geometry":{"type":"Polygon","coordinates":[[[-60.91124849399995,13.956026923000024],[-60.90816660699994,13.950085060000049],[-60.91130920799998,13.944226514000036],[-60.91130587799995,13.944211696000025],[-60.90318617499997,13.943884540000056],[-60.89852575499998,13.947090819000039],[-60.898779144999935,13.95201034300004],[-60.89940936499994,13.960482116000037],[-60.90559213599994,13.96172569600003],[-60.908417648999944,13.960194208000075],[-60.91124849399995,13.956026923000024]]]}},{"type":"Feature","id":"gb:8701671B23998662762063","properties":{"id":"gb:8701671B23998662762063","name":"La Caye","parentId":"gb:63095687B97045845903589","level":"ADM2","countryCode":"LC"},"geometry":{"type":"Polygon","coordinates":[[[-60.90869568199997,13.93635843800007],[-60.91067067199998,13.933936150000022],[-60.911088578999966,13.934959329000037],[-60.913451047999956,13.93458174400007],[-60.907989027999974,13.93284379000005],[-60.90185416799994,13.93005966000004],[-60.89825498899995,13.92697124800003],[-60.898161766999976,13.927133795000032],[-60.89866716399996,13.931247025000062],[-60.90340866599996,13.93676799900004],[-60.90395896499996,13.937759151000023],[-60.90869568199997,13.93635843800007]]]}},{"type":"Feature","id":"gb:8701671B42420673442147","properties":{"id":"gb:8701671B42420673442147","name":"Lumiere","parentId":"gb:63095687B97045845903589","level":"ADM2","countryCode":"LC"},"geometry":{"type":"Polygon","coordinates":[[[-60.90340866599996,13.93676799900004],[-60.89866716399996,13.931247025000062],[-60.898161766999976,13.927133795000032],[-60.89104486799994,13.928286100000037],[-60.88887061599996,13.92740638400005],[-60.88744125899996,13.928911291000077],[-60.881426286999954,13.929009815000029],[-60.881997739999974,13.93099981000006],[-60.87729861899999,13.933072132000063],[-60.87936892099998,13.933578408000074],[-60.87959470599998,13.937428050000051],[-60.87630356699998,13.938616655000033],[-60.87632641299996,13.940372050000065],[-60.87991963999997,13.942053783000063],[-60.87917377599996,13.944369454000025],[-60.87450312499993,13.946043056000065],[-60.876104132999956,13.951447905000066],[-60.87364894299998,13.953750353000032],[-60.87753383499995,13.953050750000045],[-60.88251989999998,13.948333844000047],[-60.898779144999935,13.95201034300004],[-60.89852575499998,13.947090819000039],[-60.89576699099996,13.945902581000041],[-60.89676931599996,13.942664419000039],[-60.90340866599996,13.93676799900004]]]}},{"type":"Feature","id":"gb:8701671B86453873223968","properties":{"id":"gb:8701671B86453873223968","name":"La Ressource","parentId":"gb:63095687B97045845903589","level":"ADM2","countryCode":"LC"},"geometry":{"type":"Polygon","coordinates":[[[-60.91797901399997,13.945096363000062],[-60.92132851799994,13.945652832000064],[-60.92148170899998,13.943545595000046],[-60.91711147799998,13.941897891000053],[-60.91735323199998,13.940202642000031],[-60.917432650999956,13.93886294500004],[-60.915248263999956,13.937105296000027],[-60.91408639599996,13.942006760000027],[-60.911821646999954,13.941003412000043],[-60.91130587799995,13.944211696000025],[-60.91130920799998,13.944226514000036],[-60.913188816999934,13.946451849000027],[-60.912832210999966,13.94891043900003],[-60.91450986999996,13.945990541000072],[-60.91797901399997,13.945096363000062]]]}},{"type":"Feature","id":"gb:8701671B1025448555952","properties":{"id":"gb:8701671B1025448555952","name":"Despinoze","parentId":"gb:63095687B97045845903589","level":"ADM2","countryCode":"LC"},"geometry":{"type":"Polygon","coordinates":[[[-60.91450986999996,13.945990541000072],[-60.912832210999966,13.94891043900003],[-60.913188816999934,13.946451849000027],[-60.91130920799998,13.944226514000036],[-60.90816660699994,13.950085060000049],[-60.91124849399995,13.956026923000024],[-60.91511833299995,13.951308010000048],[-60.91450986999996,13.945990541000072]]]}},{"type":"Feature","id":"gb:8701671B46031998027021","properties":{"id":"gb:8701671B46031998027021","name":"Delaide","parentId":"gb:63095687B97045845903589","level":"ADM2","countryCode":"LC"},"geometry":{"type":"Polygon","coordinates":[[[-60.907989027999974,13.93284379000005],[-60.90865074499993,13.929731011000058],[-60.90595062699998,13.927706164000028],[-60.90410304899996,13.927952756000025],[-60.90185416799994,13.93005966000004],[-60.907989027999974,13.93284379000005]]]}},{"type":"Feature","id":"gb:8701671B40736207737623","properties":{"id":"gb:8701671B40736207737623","name":"Dennery By Pass/Green Mountain","parentId":"gb:63095687B97045845903589","level":"ADM2","countryCode":"LC"},"geometry":{"type":"Polygon","coordinates":[[[-60.89485668999998,13.912084652000033],[-60.903734638999936,13.912695666000047],[-60.89561437799995,13.908468690000063],[-60.89485668999998,13.912084652000033]]]}},{"type":"Feature","id":"gb:8701671B20173506314249","properties":{"id":"gb:8701671B20173506314249","name":"Dennery By Pass/Rocky Lane","parentId":"gb:63095687B97045845903589","level":"ADM2","countryCode":"LC"},"geometry":{"type":"Polygon","coordinates":[[[-60.89523308999998,13.915573634000054],[-60.90157454599995,13.91706754200004],[-60.90566475099996,13.916316291000044],[-60.90638395299993,13.914966616000072],[-60.903734638999936,13.912695666000047],[-60.89485668999998,13.912084652000033],[-60.89523308999998,13.915573634000054]]]}},{"type":"Feature","id":"gb:8701671B98909054283677","properties":{"id":"gb:8701671B98909054283677","name":"Dennery Village","parentId":"gb:63095687B97045845903589","level":"ADM2","countryCode":"LC"},"geometry":{"type":"Polygon","coordinates":[[[-60.894048314999964,13.913766916000043],[-60.89400585299995,13.913368125000034],[-60.89418301699993,13.91236785500007],[-60.893776610999964,13.910929976000034],[-60.89437416199996,13.90764742400006],[-60.890631337999935,13.907944575000045],[-60.88626520299994,13.912446067000076],[-60.89122640099998,13.91380325800003],[-60.894048314999964,13.913766916000043]]]}},{"type":"Feature","id":"gb:8701671B83706236309505","properties":{"id":"gb:8701671B83706236309505","name":"Fond D'Or","parentId":"gb:63095687B97045845903589","level":"ADM2","countryCode":"LC"},"geometry":{"type":"Polygon","coordinates":[[[-60.89825498899995,13.92697124800003],[-60.89841601899997,13.921018515000071],[-60.89418585699997,13.92107838000004],[-60.893788289999975,13.919381633000057],[-60.89037586699993,13.919447117000061],[-60.890409458999954,13.925143895000076],[-60.88887061599996,13.92740638400005],[-60.89104486799994,13.928286100000037],[-60.898161766999976,13.927133795000032],[-60.89825498899995,13.92697124800003]]]}},{"type":"Feature","id":"gb:8701671B98393552934318","properties":{"id":"gb:8701671B98393552934318","name":"Glavier","parentId":"gb:63095687B97045845903589","level":"ADM2","countryCode":"LC"},"geometry":{"type":"Polygon","coordinates":[[[-60.905688838999936,13.923956522000026],[-60.910971254999936,13.926281069000026],[-60.916070531999935,13.92419848000003],[-60.91716359199995,13.921346559000028],[-60.908367716999976,13.918779116000053],[-60.90713189699994,13.91914524200007],[-60.90715265899996,13.922850144000051],[-60.905688838999936,13.923956522000026]]]}},{"type":"Feature","id":"gb:8701671B16318499791123","properties":{"id":"gb:8701671B16318499791123","name":"Bois Joli","parentId":"gb:63095687B97045845903589","level":"ADM2","countryCode":"LC"},"geometry":{"type":"Polygon","coordinates":[[[-60.89254732399996,13.917202284000041],[-60.893788289999975,13.919381633000057],[-60.89418585699997,13.92107838000004],[-60.89841601899997,13.921018515000071],[-60.89825498899995,13.92697124800003],[-60.90185416799994,13.93005966000004],[-60.90410304899996,13.927952756000025],[-60.90298074599997,13.92663258400006],[-60.904034973999956,13.926964786000042],[-60.905688838999936,13.923956522000026],[-60.90715265899996,13.922850144000051],[-60.90713189699994,13.91914524200007],[-60.908367716999976,13.918779116000053],[-60.91716359199995,13.921346559000028],[-60.916070531999935,13.92419848000003],[-60.91607684899998,13.924220658000024],[-60.930216608999956,13.925820611000063],[-60.93231492199993,13.922494715000028],[-60.93228432099994,13.917701514000044],[-60.93669977899998,13.914338787000077],[-60.91836998499997,13.918273114000044],[-60.911919169999976,13.915152240000054],[-60.90638395299993,13.914966616000072],[-60.90566475099996,13.916316291000044],[-60.90157454599995,13.91706754200004],[-60.89523308999998,13.915573634000054],[-60.89279746699998,13.915641036000068],[-60.89254732399996,13.917202284000041]]]}},{"type":"Feature","id":"gb:8701671B26596683393313","properties":{"id":"gb:8701671B26596683393313","name":"Bosquet D'Or","parentId":"gb:63095687B97045845903589","level":"ADM2","countryCode":"LC"},"geometry":{"type":"Polygon","coordinates":[[[-60.913451047999956,13.93458174400007],[-60.91663842999998,13.932814802000053],[-60.91592962399994,13.927440199000046],[-60.91448784399995,13.926716731000056],[-60.91607684899998,13.924220658000024],[-60.916070531999935,13.92419848000003],[-60.910971254999936,13.926281069000026],[-60.905688838999936,13.923956522000026],[-60.904034973999956,13.926964786000042],[-60.90298074599997,13.92663258400006],[-60.90410304899996,13.927952756000025],[-60.90595062699998,13.927706164000028],[-60.90865074499993,13.929731011000058],[-60.907989027999974,13.93284379000005],[-60.913451047999956,13.93458174400007]]]}},{"type":"Feature","id":"gb:8701671B52865399345725","properties":{"id":"gb:8701671B52865399345725","name":"Grande Riviere/Morne Caca Cochon","parentId":"gb:63095687B97045845903589","level":"ADM2","countryCode":"LC"},"geometry":{"type":"Polygon","coordinates":[[[-60.93354554599995,13.93112833400005],[-60.935969969999974,13.932918502000064],[-60.93793701699997,13.933171308000055],[-60.94160009899997,13.929644851000035],[-60.94022988599994,13.925589347000027],[-60.93929210899995,13.927516791000073],[-60.93534733499996,13.927495294000039],[-60.93354554599995,13.93112833400005]]]}},{"type":"Feature","id":"gb:8701671B30671419360126","properties":{"id":"gb:8701671B30671419360126","name":"Thamazo","parentId":"gb:63095687B97045845903589","level":"ADM2","countryCode":"LC"},"geometry":{"type":"Polygon","coordinates":[[[-60.935969969999974,13.932918502000064],[-60.93551414399997,13.933658278000053],[-60.93552231899997,13.934397829000034],[-60.93527818299998,13.935143432000075],[-60.93840626999997,13.936567425000021],[-60.94636854099997,13.946511659000066],[-60.94775480399994,13.944228794000026],[-60.95069520699997,13.937927014000024],[-60.953232457999945,13.936381396000058],[-60.95970125499997,13.931586051000068],[-60.961115638999956,13.929568452000069],[-60.95148262099997,13.92199836900005],[-60.94862366099994,13.922106660000054],[-60.945053005999966,13.924657010000033],[-60.94518184399993,13.926135346000024],[-60.94374321299995,13.923850695000056],[-60.94047032499998,13.924882798000056],[-60.94022988599994,13.925589347000027],[-60.94160009899997,13.929644851000035],[-60.93793701699997,13.933171308000055],[-60.935969969999974,13.932918502000064]]]}},{"type":"Feature","id":"gb:8701671B8871656007589","properties":{"id":"gb:8701671B8871656007589","name":"Derniere Riviere/Fond Maricient","parentId":"gb:63095687B97045845903589","level":"ADM2","countryCode":"LC"},"geometry":{"type":"Polygon","coordinates":[[[-60.92083767699995,13.952059848000033],[-60.92358532999998,13.952208020000057],[-60.921354995999934,13.949937679000072],[-60.92092055799998,13.951992507000057],[-60.92083767699995,13.952059848000033]]]}},{"type":"Feature","id":"gb:8701671B35754409069588","properties":{"id":"gb:8701671B35754409069588","name":"La Pointe","parentId":"gb:63095687B97045845903589","level":"ADM2","countryCode":"LC"},"geometry":{"type":"Polygon","coordinates":[[[-60.89122640099998,13.91380325800003],[-60.88626520299994,13.912446067000076],[-60.88427187299993,13.912471828000037],[-60.882762138999965,13.915269366000075],[-60.88720493999995,13.91627771700007],[-60.89037586699993,13.919447117000061],[-60.893788289999975,13.919381633000057],[-60.89254732399996,13.917202284000041],[-60.892101716999946,13.917011110000033],[-60.892369825999936,13.915847960000065],[-60.89271371399997,13.91535824500005],[-60.89297423299996,13.915160268000022],[-60.89122640099998,13.91380325800003]]]}},{"type":"Feature","id":"gb:8701671B45979799747328","properties":{"id":"gb:8701671B45979799747328","name":"Louvet","parentId":"gb:63095687B97045845903589","level":"ADM2","countryCode":"LC"},"geometry":{"type":"Polygon","coordinates":[[[-60.89940936499994,13.960482116000037],[-60.898779144999935,13.95201034300004],[-60.88251989999998,13.948333844000047],[-60.87753383499995,13.953050750000045],[-60.877365279999935,13.954323660000057],[-60.879493441999955,13.955144304000044],[-60.87652603999999,13.957996010000045],[-60.87673623099994,13.959908132000066],[-60.87864444899998,13.96088067200003],[-60.88001688199995,13.96426808900003],[-60.87713494899998,13.965757430000053],[-60.87744991799997,13.968299221000052],[-60.874528994999935,13.971255700000029],[-60.87666242299997,13.973041307000074],[-60.883761755999956,13.97159305300005],[-60.885169092999945,13.967121297000062],[-60.88814015899993,13.96537012500005],[-60.89322329199996,13.966828479000071],[-60.89940936499994,13.960482116000037]]]}},{"type":"Feature","id":"gb:8701671B33968538338102","properties":{"id":"gb:8701671B33968538338102","name":"La Sorciere","parentId":"gb:63095687B77911403325027","level":"ADM2","countryCode":"LC"},"geometry":{"type":"Polygon","coordinates":[[[-60.91142323599996,13.983454997000024],[-60.91148826899996,13.983455314000025],[-60.92018260999998,13.971118298000022],[-60.91406060899993,13.968378346000065],[-60.90675841299998,13.964716474000056],[-60.90259992599994,13.965746393000074],[-60.901596145999974,13.968121263000057],[-60.89843133199997,13.969143109000072],[-60.89322329199996,13.966828479000071],[-60.88814015899993,13.96537012500005],[-60.885169092999945,13.967121297000062],[-60.883761755999956,13.97159305300005],[-60.87666242299997,13.973041307000074],[-60.87315148699997,13.974868915000059],[-60.87555794299993,13.97622274500003],[-60.87552544599998,13.97865067600003],[-60.87876556699996,13.979988269000046],[-60.88665646199996,13.97534372900003],[-60.891093884999975,13.97713827800004],[-60.90092848599994,13.97724647800004],[-60.90412630099996,13.983912485000076],[-60.91142323599996,13.983454997000024]]]}},{"type":"Feature","id":"gb:8701671B88887342435419","properties":{"id":"gb:8701671B88887342435419","name":"Bara Bara","parentId":"gb:63095687B97045845903589","level":"ADM2","countryCode":"LC"},"geometry":{"type":"Polygon","coordinates":[[[-60.935855283999956,13.963069935000021],[-60.93795096399998,13.964201724000077],[-60.93799991299994,13.964171326000042],[-60.941696442999955,13.959769465000022],[-60.928585202999955,13.953863583000043],[-60.92696356999994,13.952868702000046],[-60.92865960299997,13.955324443000052],[-60.928274244999955,13.958150132000071],[-60.93110025599998,13.96186603800004],[-60.935855283999956,13.963069935000021]]]}},{"type":"Feature","id":"gb:8701671B1177875671821","properties":{"id":"gb:8701671B1177875671821","name":"Belmont","parentId":"gb:63095687B97045845903589","level":"ADM2","countryCode":"LC"},"geometry":{"type":"Polygon","coordinates":[[[-60.927164234999964,13.952254527000036],[-60.93099817899997,13.952427347000025],[-60.928585202999955,13.953863583000043],[-60.941696442999955,13.959769465000022],[-60.94270072499995,13.958008839000058],[-60.94445317599997,13.95018624000005],[-60.936939579999944,13.948574221000058],[-60.93230874599993,13.94513144800004],[-60.92995795999997,13.946172072000024],[-60.92545562599997,13.94500815300006],[-60.92309426799994,13.941624329000035],[-60.91876707199998,13.941484070000058],[-60.91735323199998,13.940202642000031],[-60.91711147799998,13.941897891000053],[-60.92148170899998,13.943545595000046],[-60.92132851799994,13.945652832000064],[-60.91797901399997,13.945096363000062],[-60.920034347999945,13.94715566900004],[-60.922187951999945,13.947485928000049],[-60.92309997799998,13.949966395000047],[-60.927164234999964,13.952254527000036]]]}},{"type":"Feature","id":"gb:8701671B96155424695073","properties":{"id":"gb:8701671B96155424695073","name":"Mount Beaujolais","parentId":"gb:63095687B97045845903589","level":"ADM2","countryCode":"LC"},"geometry":{"type":"Polygon","coordinates":[[[-60.94114223099996,13.911207619000038],[-60.94103924999996,13.907683818000066],[-60.93741800899994,13.903505949000078],[-60.93205580599994,13.902182975000073],[-60.928122034999944,13.903428106000035],[-60.92551958299998,13.905788011000027],[-60.92771882599993,13.908522485000049],[-60.94114223099996,13.911207619000038]]]}},{"type":"Feature","id":"gb:8701671B88292249499058","properties":{"id":"gb:8701671B88292249499058","name":"Athens","parentId":"gb:63095687B97045845903589","level":"ADM2","countryCode":"LC"},"geometry":{"type":"Polygon","coordinates":[[[-60.89541742799997,13.908050553000066],[-60.89496295299995,13.905053185000043],[-60.888909662999936,13.90424516400003],[-60.88901821799993,13.902004236000039],[-60.88745949799994,13.902492972000061],[-60.886947626999984,13.904460129000029],[-60.890102223999975,13.905519630000072],[-60.890631337999935,13.907944575000045],[-60.89437416199996,13.90764742400006],[-60.89541742799997,13.908050553000066]]]}},{"type":"Feature","id":"gb:8701671B48498321599703","properties":{"id":"gb:8701671B48498321599703","name":"Derniere Riviere/Morne Panache","parentId":"gb:63095687B97045845903589","level":"ADM2","countryCode":"LC"},"geometry":{"type":"Polygon","coordinates":[[[-60.92696356999994,13.952868702000046],[-60.928585202999955,13.953863583000043],[-60.93099817899997,13.952427347000025],[-60.927164234999964,13.952254527000036],[-60.92696356999994,13.952868702000046]]]}},{"type":"Feature","id":"gb:8701671B98296158896120","properties":{"id":"gb:8701671B98296158896120","name":"Grande Riviere/Des Branch","parentId":"gb:63095687B97045845903589","level":"ADM2","countryCode":"LC"},"geometry":{"type":"Polygon","coordinates":[[[-60.93551414399997,13.933658278000053],[-60.934253361999936,13.933651017000045],[-60.934140550999984,13.93395449600007],[-60.93552231899997,13.934397829000034],[-60.93551414399997,13.933658278000053]]]}},{"type":"Feature","id":"gb:8701671B4251285469436","properties":{"id":"gb:8701671B4251285469436","name":"Grande Riviere/En Leur Morne/Discompere","parentId":"gb:63095687B97045845903589","level":"ADM2","countryCode":"LC"},"geometry":{"type":"Polygon","coordinates":[[[-60.93354554599995,13.93112833400005],[-60.932943921999936,13.931671743000038],[-60.934253361999936,13.933651017000045],[-60.93551414399997,13.933658278000053],[-60.935969969999974,13.932918502000064],[-60.93354554599995,13.93112833400005]]]}},{"type":"Feature","id":"gb:8701671B60568978044101","properties":{"id":"gb:8701671B60568978044101","name":"Grande Riviere","parentId":"gb:63095687B97045845903589","level":"ADM2","countryCode":"LC"},"geometry":{"type":"Polygon","coordinates":[[[-60.93552231899997,13.934397829000034],[-60.934140550999984,13.93395449600007],[-60.93215053399996,13.931479241000034],[-60.93164456299996,13.931379032000052],[-60.93009535899995,13.930901151000057],[-60.93050950799994,13.93377760800007],[-60.933151986999974,13.933580108000058],[-60.935186588999954,13.935083357000053],[-60.93527818299998,13.935143432000075],[-60.93552231899997,13.934397829000034]]]}},{"type":"Feature","id":"gb:8701671B45029066757980","properties":{"id":"gb:8701671B45029066757980","name":"Grande Riviere/Funier","parentId":"gb:63095687B97045845903589","level":"ADM2","countryCode":"LC"},"geometry":{"type":"Polygon","coordinates":[[[-60.934253361999936,13.933651017000045],[-60.932943921999936,13.931671743000038],[-60.93215053399996,13.931479241000034],[-60.934140550999984,13.93395449600007],[-60.934253361999936,13.933651017000045]]]}},{"type":"Feature","id":"gb:8701671B87673640484733","properties":{"id":"gb:8701671B87673640484733","name":"Morne Panache","parentId":"gb:63095687B97045845903589","level":"ADM2","countryCode":"LC"},"geometry":{"type":"Polygon","coordinates":[[[-60.930216608999956,13.925820611000063],[-60.93369390099997,13.927781014000061],[-60.93154710399995,13.929495248000023],[-60.93164456299996,13.931379032000052],[-60.93215053399996,13.931479241000034],[-60.932943921999936,13.931671743000038],[-60.93354554599995,13.93112833400005],[-60.93534733499996,13.927495294000039],[-60.93929210899995,13.927516791000073],[-60.94022988599994,13.925589347000027],[-60.94047032499998,13.924882798000056],[-60.94212262999997,13.916667565000068],[-60.94087509299993,13.914328696000041],[-60.93669977899998,13.914338787000077],[-60.93228432099994,13.917701514000044],[-60.93231492199993,13.922494715000028],[-60.930216608999956,13.925820611000063]]]}},{"type":"Feature","id":"gb:8701671B43196595047489","properties":{"id":"gb:8701671B43196595047489","name":"Dubonaire","parentId":"gb:63095687B97045845903589","level":"ADM2","countryCode":"LC"},"geometry":{"type":"Polygon","coordinates":[[[-60.91607684899998,13.924220658000024],[-60.91448784399995,13.926716731000056],[-60.91592962399994,13.927440199000046],[-60.91663842999998,13.932814802000053],[-60.91835841899996,13.933262845000058],[-60.92015772599996,13.931610119000027],[-60.920496567999976,13.932716001000074],[-60.92104862499997,13.931120935000024],[-60.924157245999936,13.930123535000064],[-60.926137034999954,13.930808758000069],[-60.92567826099997,13.931775704000074],[-60.93009535899995,13.930901151000057],[-60.93164456299996,13.931379032000052],[-60.93154710399995,13.929495248000023],[-60.93369390099997,13.927781014000061],[-60.930216608999956,13.925820611000063],[-60.91607684899998,13.924220658000024]]]}},{"type":"Feature","id":"gb:8701671B51325698675387","properties":{"id":"gb:8701671B51325698675387","name":"Barre De L'Isle","parentId":"gb:63095687B33875357323526","level":"ADM2","countryCode":"LC"},"geometry":{"type":"Polygon","coordinates":[[[-60.961115638999956,13.929568452000069],[-60.96577121699994,13.927002782000045],[-60.96576211799999,13.923279963000027],[-60.965744739999934,13.919667891000074],[-60.95405968899996,13.920271919000072],[-60.95148262099997,13.92199836900005],[-60.961115638999956,13.929568452000069]]]}},{"type":"Feature","id":"gb:8701671B52938625502385","properties":{"id":"gb:8701671B52938625502385","name":"Thomazo/Tournesse","parentId":"gb:63095687B97045845903589","level":"ADM2","countryCode":"LC"},"geometry":{"type":"Polygon","coordinates":[[[-60.94862366099994,13.922106660000054],[-60.94969493999997,13.919658026000036],[-60.946460926999976,13.917856734000054],[-60.94616970199996,13.911610126000028],[-60.94377688399999,13.912838744000055],[-60.94087509299993,13.914328696000041],[-60.94212262999997,13.916667565000068],[-60.94047032499998,13.924882798000056],[-60.94374321299995,13.923850695000056],[-60.94518184399993,13.926135346000024],[-60.945053005999966,13.924657010000033],[-60.94862366099994,13.922106660000054]]]}},{"type":"Feature","id":"gb:8701671B39379224532007","properties":{"id":"gb:8701671B39379224532007","name":"Riche Fond/New Village","parentId":"gb:63095687B97045845903589","level":"ADM2","countryCode":"LC"},"geometry":{"type":"Polygon","coordinates":[[[-60.92427893299998,13.938631685000075],[-60.92621165199995,13.938128869000025],[-60.923139265999964,13.93445547600004],[-60.92196260199995,13.93632357000007],[-60.92427893299998,13.938631685000075]]]}},{"type":"Feature","id":"gb:8701671B84932876584417","properties":{"id":"gb:8701671B84932876584417","name":"Riche Fond","parentId":"gb:63095687B97045845903589","level":"ADM2","countryCode":"LC"},"geometry":{"type":"Polygon","coordinates":[[[-60.915248263999956,13.937105296000027],[-60.917432650999956,13.93886294500004],[-60.92427893299998,13.938631685000075],[-60.92196260199995,13.93632357000007],[-60.923139265999964,13.93445547600004],[-60.93267498999995,13.938019496000038],[-60.935186588999954,13.935083357000053],[-60.933151986999974,13.933580108000058],[-60.93050950799994,13.93377760800007],[-60.93009535899995,13.930901151000057],[-60.92567826099997,13.931775704000074],[-60.926137034999954,13.930808758000069],[-60.924157245999936,13.930123535000064],[-60.92104862499997,13.931120935000024],[-60.920496567999976,13.932716001000074],[-60.92015772599996,13.931610119000027],[-60.91835841899996,13.933262845000058],[-60.91663842999998,13.932814802000053],[-60.913451047999956,13.93458174400007],[-60.911088578999966,13.934959329000037],[-60.91067067199998,13.933936150000022],[-60.90869568199997,13.93635843800007],[-60.90989868499997,13.93774614800003],[-60.910663227999976,13.936694748000036],[-60.915248263999956,13.937105296000027]]]}},{"type":"Feature","id":"gb:8701671B908189837343","properties":{"id":"gb:8701671B908189837343","name":"Grande Ravine","parentId":"gb:63095687B97045845903589","level":"ADM2","countryCode":"LC"},"geometry":{"type":"Polygon","coordinates":[[[-60.91735323199998,13.940202642000031],[-60.91876707199998,13.941484070000058],[-60.92309426799994,13.941624329000035],[-60.92545562599997,13.94500815300006],[-60.92995795999997,13.946172072000024],[-60.93230874599993,13.94513144800004],[-60.936939579999944,13.948574221000058],[-60.94445317599997,13.95018624000005],[-60.94636854099997,13.946511659000066],[-60.93840626999997,13.936567425000021],[-60.93527818299998,13.935143432000075],[-60.935186588999954,13.935083357000053],[-60.93267498999995,13.938019496000038],[-60.93343512599995,13.939797024000029],[-60.93234697699995,13.940920805000076],[-60.92621165199995,13.938128869000025],[-60.92427893299998,13.938631685000075],[-60.917432650999956,13.93886294500004],[-60.91735323199998,13.940202642000031]]]}},{"type":"Feature","id":"gb:8701671B59677117664850","properties":{"id":"gb:8701671B59677117664850","name":"Riche Fond/La Belle Vie","parentId":"gb:63095687B97045845903589","level":"ADM2","countryCode":"LC"},"geometry":{"type":"Polygon","coordinates":[[[-60.92621165199995,13.938128869000025],[-60.93234697699995,13.940920805000076],[-60.93343512599995,13.939797024000029],[-60.93267498999995,13.938019496000038],[-60.923139265999964,13.93445547600004],[-60.92621165199995,13.938128869000025]]]}},{"type":"Feature","id":"gb:8701671B53380311765902","properties":{"id":"gb:8701671B53380311765902","name":"Derniere Riviere/Mardi Gras/Morne Caca Cochon","parentId":"gb:63095687B97045845903589","level":"ADM2","countryCode":"LC"},"geometry":{"type":"Polygon","coordinates":[[[-60.91993761499998,13.954896968000071],[-60.91406060899993,13.968378346000065],[-60.92018260999998,13.971118298000022],[-60.92347849999999,13.96904648800006],[-60.923020375999954,13.96339931600005],[-60.92588499899995,13.953965936000031],[-60.91993761499998,13.954896968000071]]]}},{"type":"Feature","id":"gb:8701671B50411660224690","properties":{"id":"gb:8701671B50411660224690","name":"Bazile","parentId":"gb:63095687B97045845903589","level":"ADM2","countryCode":"LC"},"geometry":{"type":"Polygon","coordinates":[[[-60.93669977899998,13.914338787000077],[-60.94087509299993,13.914328696000041],[-60.94377688399999,13.912838744000055],[-60.943108851999966,13.91178115100007],[-60.94114223099996,13.911207619000038],[-60.92771882599993,13.908522485000049],[-60.92551958299998,13.905788011000027],[-60.928122034999944,13.903428106000035],[-60.923105626999984,13.900929562000044],[-60.92182467799995,13.902879994000045],[-60.91993695599996,13.902700235000054],[-60.91750540199996,13.907472951000045],[-60.91479517299996,13.907347123000022],[-60.910816489999945,13.91044865200007],[-60.91296242799996,13.912585816000046],[-60.911919169999976,13.915152240000054],[-60.91836998499997,13.918273114000044],[-60.93669977899998,13.914338787000077]]]}},{"type":"Feature","id":"gb:8701671B2567370595513","properties":{"id":"gb:8701671B2567370595513","name":"Derniere Riviere/Fond Petit","parentId":"gb:63095687B97045845903589","level":"ADM2","countryCode":"LC"},"geometry":{"type":"Polygon","coordinates":[[[-60.923020375999954,13.96339931600005],[-60.92347849999999,13.96904648800006],[-60.926789250999946,13.96580758500005],[-60.93359752799995,13.969869635000066],[-60.93795096399998,13.964201724000077],[-60.935855283999956,13.963069935000021],[-60.923020375999954,13.96339931600005]]]}},{"type":"Feature","id":"gb:8701671B96841263270820","properties":{"id":"gb:8701671B96841263270820","name":"Anse Canot","parentId":"gb:63095687B97045845903589","level":"ADM2","countryCode":"LC"},"geometry":{"type":"Polygon","coordinates":[[[-60.89561437799995,13.908468690000063],[-60.903734638999936,13.912695666000047],[-60.90638395299993,13.914966616000072],[-60.911919169999976,13.915152240000054],[-60.91296242799996,13.912585816000046],[-60.910816489999945,13.91044865200007],[-60.90880569999996,13.905422978000047],[-60.90726990099995,13.904832738000039],[-60.90885806599994,13.902843607000023],[-60.902291107999986,13.902658646000077],[-60.90116348399994,13.905598722000036],[-60.89901427199993,13.905019981000066],[-60.899103873999934,13.902771045000065],[-60.89496295299995,13.905053185000043],[-60.89541742799997,13.908050553000066],[-60.89561437799995,13.908468690000063]]]}},{"type":"Feature","id":"gb:8701671B24321034687398","properties":{"id":"gb:8701671B24321034687398","name":"Mandele","parentId":"gb:63095687B97045845903589","level":"ADM2","countryCode":"LC"},"geometry":{"type":"Polygon","coordinates":[[[-60.88498194599998,13.898884214000077],[-60.89193116699994,13.898107332000052],[-60.88845060999995,13.893074581000064],[-60.88317753399997,13.89118217600003],[-60.879074843999945,13.892658750000066],[-60.88033995999996,13.894169142000067],[-60.88011438299998,13.898732298000027],[-60.88498194599998,13.898884214000077]]]}},{"type":"Feature","id":"gb:8701671B2612636818679","properties":{"id":"gb:8701671B2612636818679","name":"Bordelais","parentId":"gb:63095687B97045845903589","level":"ADM2","countryCode":"LC"},"geometry":{"type":"Polygon","coordinates":[[[-60.90885806599994,13.902843607000023],[-60.90940280499996,13.893081077000033],[-60.90974204099996,13.891906211000048],[-60.90845957399995,13.889468855000075],[-60.90318395899993,13.88735446800007],[-60.89915224699996,13.888306423000074],[-60.89447117999998,13.891925583000045],[-60.89095327899997,13.89142866800006],[-60.88845060999995,13.893074581000064],[-60.89193116699994,13.898107332000052],[-60.89580486299997,13.899243628000022],[-60.899103873999934,13.902771045000065],[-60.89901427199993,13.905019981000066],[-60.90116348399994,13.905598722000036],[-60.902291107999986,13.902658646000077],[-60.90885806599994,13.902843607000023]]]}},{"type":"Feature","id":"gb:8701671B58858754832343","properties":{"id":"gb:8701671B58858754832343","name":"Pascal","parentId":"gb:63095687B97045845903589","level":"ADM2","countryCode":"LC"},"geometry":{"type":"Polygon","coordinates":[[[-60.89496295299995,13.905053185000043],[-60.899103873999934,13.902771045000065],[-60.89580486299997,13.899243628000022],[-60.89193116699994,13.898107332000052],[-60.88498194599998,13.898884214000077],[-60.88399892899997,13.901688749000073],[-60.885490051999966,13.903058241000053],[-60.88745949799994,13.902492972000061],[-60.88901821799993,13.902004236000039],[-60.888909662999936,13.90424516400003],[-60.89496295299995,13.905053185000043]]]}},{"type":"Feature","id":"gb:8701671B99871718233737","properties":{"id":"gb:8701671B99871718233737","name":"St. Joseph Estate","parentId":"gb:63095687B97045845903589","level":"ADM2","countryCode":"LC"},"geometry":{"type":"Polygon","coordinates":[[[-60.923105626999984,13.900929562000044],[-60.917710143999955,13.893253212000047],[-60.90940280499996,13.893081077000033],[-60.90885806599994,13.902843607000023],[-60.90726990099995,13.904832738000039],[-60.90880569999996,13.905422978000047],[-60.910816489999945,13.91044865200007],[-60.91479517299996,13.907347123000022],[-60.91750540199996,13.907472951000045],[-60.91993695599996,13.902700235000054],[-60.92182467799995,13.902879994000045],[-60.923105626999984,13.900929562000044]]]}},{"type":"Feature","id":"gb:8701671B19150990882958","properties":{"id":"gb:8701671B19150990882958","name":"Errard","parentId":"gb:63095687B97045845903589","level":"ADM2","countryCode":"LC"},"geometry":{"type":"Polygon","coordinates":[[[-60.930828591999955,13.875157108000053],[-60.92899246899998,13.880114138000067],[-60.92461254199998,13.879321310000023],[-60.92236767999998,13.880504832000042],[-60.91474924499994,13.889219284000035],[-60.90974204099996,13.891906211000048],[-60.90940280499996,13.893081077000033],[-60.917710143999955,13.893253212000047],[-60.923105626999984,13.900929562000044],[-60.928122034999944,13.903428106000035],[-60.93205580599994,13.902182975000073],[-60.93741800899994,13.903505949000078],[-60.94103924999996,13.907683818000066],[-60.94114223099996,13.911207619000038],[-60.943108851999966,13.91178115100007],[-60.94377688399999,13.912838744000055],[-60.94616970199996,13.911610126000028],[-60.95292022299998,13.900695552000059],[-60.952794497999946,13.884063431000072],[-60.951068850999945,13.879407892000074],[-60.94877477199998,13.883892761000027],[-60.944508835999954,13.885971090000055],[-60.940581659999964,13.879770957000062],[-60.938325275999944,13.880119877000027],[-60.93726428399998,13.877225493000026],[-60.934326444999954,13.877662635000036],[-60.93190365299995,13.874211028000047],[-60.930828591999955,13.875157108000053]]]}},{"type":"Feature","id":"gb:8701671B48782263961868","properties":{"id":"gb:8701671B48782263961868","name":"Central Forest Reserve","parentId":"gb:63095687B32971577162412","level":"ADM2","countryCode":"LC"},"geometry":{"type":"Polygon","coordinates":[[[-60.98772329299999,13.904667458000063],[-60.98860901799998,13.890512083000033],[-60.984213469999986,13.886031419000062],[-60.98442646899997,13.881955725000068],[-60.986017441999934,13.882216968000023],[-60.98755692399993,13.878566228000068],[-60.999708328999986,13.868624058000023],[-61.002648513999986,13.87173288200006],[-61.00264852899994,13.878025466000054],[-61.014283355999964,13.892620161000025],[-61.01930914999997,13.90800899900006],[-61.02374837499997,13.910968120000064],[-61.02870699399995,13.911938904000067],[-61.03152157499994,13.905511395000076],[-61.03528950599997,13.903836934000026],[-61.03545696499998,13.900404309000066],[-61.03838758499995,13.900655466000046],[-61.04303628099996,13.897800873000051],[-61.04238842199999,13.897302575000026],[-61.04207485899997,13.896656635000056],[-61.04245616099996,13.892628835000039],[-61.04184646599998,13.890853845000038],[-61.03886576899998,13.88841536700005],[-61.03854741499998,13.886636706000047],[-61.038414209999985,13.886538576000078],[-61.03787518399997,13.886250588000053],[-61.03616467499995,13.886051029000043],[-61.035151422999945,13.886851909000029],[-61.03431922499993,13.886865961000069],[-61.033489105999934,13.886712683000042],[-61.03303046099995,13.886205184000062],[-61.03229494399994,13.886316008000051],[-61.031372003999934,13.885755182000025],[-61.02675919799998,13.886740445000044],[-61.02645170899996,13.885885345000077],[-61.02325199899997,13.881556573000069],[-61.024459787999945,13.878541348000056],[-61.022805466999955,13.878673928000069],[-61.02541707199998,13.872748442000045],[-61.02397360699996,13.870752780000032],[-61.02411079299998,13.870522297000036],[-61.02199112999995,13.869268292000072],[-61.016509259999964,13.859496926000077],[-61.01861553899994,13.857902253000077],[-61.018137897999964,13.855141937000042],[-61.01961924899996,13.851981618000025],[-61.02263864899999,13.847708855000064],[-61.01303134999995,13.84485055500005],[-61.01144652399995,13.834717015000024],[-61.011474084999975,13.834685836000062],[-61.00918503999998,13.832375811000077],[-61.00598605999994,13.833959352000022],[-61.004312779999964,13.833284418000062],[-61.00562551399997,13.82846070000005],[-61.00734795899996,13.82769186400003],[-61.00676427099995,13.825019466000072],[-61.002581470999985,13.824220915000069],[-61.005935990999944,13.818748011000025],[-61.00535120599994,13.816822032000061],[-61.004432802999986,13.816606689000025],[-60.99716704599996,13.813619006000067],[-60.997118257999944,13.815948089000074],[-60.999525398999936,13.817048808000038],[-60.99975420599998,13.820822642000053],[-60.99766697299998,13.822374320000051],[-60.99816193199996,13.837329701000044],[-60.99690569399996,13.838311039000075],[-60.981207421999954,13.862686709000059],[-60.979432061999944,13.86134015600004],[-60.98009036899998,13.859214701000042],[-60.975676807999946,13.859025294000048],[-60.971979190999946,13.857046826000044],[-60.97074152599998,13.852401776000022],[-60.969334198999945,13.851754691000053],[-60.96733169399994,13.86121660200007],[-60.94969773499997,13.857848964000027],[-60.94644009199993,13.865454723000028],[-60.952714036999964,13.87145290500007],[-60.95042690799994,13.87461019500006],[-60.951068850999945,13.879407892000074],[-60.952794497999946,13.884063431000072],[-60.95292022299998,13.900695552000059],[-60.94616970199996,13.911610126000028],[-60.946460926999976,13.917856734000054],[-60.94969493999997,13.919658026000036],[-60.94862366099994,13.922106660000054],[-60.95148262099997,13.92199836900005],[-60.95405968899996,13.920271919000072],[-60.965744739999934,13.919667891000074],[-60.96932164599997,13.917638070000066],[-60.970662550999975,13.918296776000034],[-60.98384343199996,13.917765174000067],[-60.98546108299996,13.911817426000027],[-60.98458740999996,13.910356107000041],[-60.98627112499997,13.909666905000051],[-60.98772329299999,13.904667458000063]]]}},{"type":"Feature","id":"gb:8701671B40891625905372","properties":{"id":"gb:8701671B40891625905372","name":"Village","parentId":"gb:63095687B90177859016877","level":"ADM2","countryCode":"LC"},"geometry":{"type":"Polygon","coordinates":[[[-61.06006984199996,13.900540344000035],[-61.05504497199996,13.90058999200005],[-61.053369689999954,13.90274961800003],[-61.053522002999955,13.905781404000038],[-61.06026537599996,13.907988958000033],[-61.066507016999935,13.913578263000034],[-61.06804867699998,13.91207118400007],[-61.06584267899996,13.91124926200007],[-61.06543075199994,13.909280078000052],[-61.068995610999934,13.905104133000066],[-61.06725008799998,13.903466440000045],[-61.06677590299995,13.90278909500006],[-61.06406618099999,13.903195509000057],[-61.06006984199996,13.900540344000035]]]}},{"type":"Feature","id":"gb:8701671B89726898979713","properties":{"id":"gb:8701671B89726898979713","name":"Des Bottes","parentId":"gb:63095687B32971577162412","level":"ADM2","countryCode":"LC"},"geometry":{"type":"Polygon","coordinates":[[[-61.038414209999985,13.886538576000078],[-61.04095941999998,13.879515321000042],[-61.044668943999966,13.879149201000075],[-61.04391192099996,13.876464043000055],[-61.041799139999966,13.875649358000032],[-61.04361653899997,13.874922990000073],[-61.03940509399996,13.873160518000077],[-61.03591727699995,13.874337282000056],[-61.034720326999945,13.878170947000058],[-61.024459787999945,13.878541348000056],[-61.02325199899997,13.881556573000069],[-61.02645170899996,13.885885345000077],[-61.02675919799998,13.886740445000044],[-61.031372003999934,13.885755182000025],[-61.03229494399994,13.886316008000051],[-61.03303046099995,13.886205184000062],[-61.033489105999934,13.886712683000042],[-61.03431922499993,13.886865961000069],[-61.035151422999945,13.886851909000029],[-61.03616467499995,13.886051029000043],[-61.03787518399997,13.886250588000053],[-61.038414209999985,13.886538576000078]]]}},{"type":"Feature","id":"gb:8701671B76033822027974","properties":{"id":"gb:8701671B76033822027974","name":"Theodorine","parentId":"gb:63095687B90177859016877","level":"ADM2","countryCode":"LC"},"geometry":{"type":"Polygon","coordinates":[[[-61.04863757199996,13.923950630000036],[-61.042168361999984,13.922128526000051],[-61.03996603699994,13.924768907000043],[-61.04024535899998,13.926983655000072],[-61.04450188299995,13.931882808000069],[-61.04842464999996,13.934028111000032],[-61.04970614699994,13.935148305000041],[-61.05846874799994,13.93409338400005],[-61.05769602799995,13.932539485000063],[-61.05936591799997,13.929767367000068],[-61.05702227199998,13.926690429000075],[-61.05341458799995,13.925406037000073],[-61.04863757199996,13.923950630000036]]]}},{"type":"Feature","id":"gb:8701671B35979662153697","properties":{"id":"gb:8701671B35979662153697","name":"Riverside Road","parentId":"gb:63095687B32971577162412","level":"ADM2","countryCode":"LC"},"geometry":{"type":"Polygon","coordinates":[[[-61.04207485899997,13.896656635000056],[-61.04238842199999,13.89722097200007],[-61.04387877299996,13.898101530000076],[-61.04604654199994,13.897356433000027],[-61.047401399999956,13.897966052000072],[-61.049840149999966,13.897830578000026],[-61.050585324999986,13.897966045000032],[-61.05160147399994,13.89857565400007],[-61.053024069999935,13.898643397000058],[-61.05397246899997,13.89796603800005],[-61.05492087399995,13.89803377000004],[-61.057020903999955,13.898711111000068],[-61.05796930499997,13.89864338600006],[-61.06406618099999,13.903113905000055],[-61.06677590299995,13.902707492000047],[-61.067467258999955,13.90356579400003],[-61.06795416199998,13.903271525000036],[-61.06743648099996,13.902291732000037],[-61.06273528999998,13.900363102000028],[-61.05264080899997,13.891151296000032],[-61.04060678199994,13.885421478000069],[-61.03854741499998,13.886636706000047],[-61.03886576899998,13.88841536700005],[-61.04184646599998,13.890853845000038],[-61.04245616099996,13.892628835000039],[-61.04207485899997,13.896656635000056]]]}},{"type":"Feature","id":"gb:8701671B8813575079880","properties":{"id":"gb:8701671B8813575079880","name":"Morne Siquot","parentId":"gb:63095687B32971577162412","level":"ADM2","countryCode":"LC"},"geometry":{"type":"Polygon","coordinates":[[[-61.05318659699998,13.886469909000027],[-61.06127150599997,13.89431131300006],[-61.071692938999945,13.896105669000065],[-61.073766141999954,13.892091332000064],[-61.071286904999965,13.890313807000041],[-61.06566175399996,13.889996508000024],[-61.06260301499998,13.887140372000033],[-61.05318659699998,13.886469909000027]]]}},{"type":"Feature","id":"gb:8701671B73025224751915","properties":{"id":"gb:8701671B73025224751915","name":"Chalon","parentId":"gb:63095687B90177859016877","level":"ADM2","countryCode":"LC"},"geometry":{"type":"Polygon","coordinates":[[[-61.04863757199996,13.923950630000036],[-61.045104625999954,13.920307211000022],[-61.044827048999935,13.91798503900003],[-61.04341746699998,13.915998177000063],[-61.042343856999935,13.918035302000021],[-61.04060102899996,13.917286305000061],[-61.042168361999984,13.922128526000051],[-61.04863757199996,13.923950630000036]]]}},{"type":"Feature","id":"gb:8701671B53100902069949","properties":{"id":"gb:8701671B53100902069949","name":"Anse Cochon","parentId":"gb:63095687B90177859016877","level":"ADM2","countryCode":"LC"},"geometry":{"type":"Polygon","coordinates":[[[-61.05341458799995,13.925406037000073],[-61.05702370299997,13.926674082000034],[-61.06011406999994,13.924318367000069],[-61.05932997799994,13.922918677000041],[-61.05464943499999,13.920511503000057],[-61.05210512599996,13.921620451000024],[-61.04773409999996,13.918424099000049],[-61.04499405699994,13.918945964000045],[-61.044827048999935,13.91798503900003],[-61.045104625999954,13.920307211000022],[-61.04863757199996,13.923950630000036],[-61.05341458799995,13.925406037000073]]]}},{"type":"Feature","id":"gb:8701671B98746614638816","properties":{"id":"gb:8701671B98746614638816","name":"Chatin","parentId":"gb:63095687B90177859016877","level":"ADM2","countryCode":"LC"},"geometry":{"type":"Polygon","coordinates":[[[-61.03837832099998,13.924242551000077],[-61.03996603699994,13.924768907000043],[-61.042168361999984,13.922128526000051],[-61.04060102899996,13.917286305000061],[-61.042343856999935,13.918035302000021],[-61.04341746699998,13.915998177000063],[-61.04258020499998,13.913662199000044],[-61.04016636299997,13.91248803700006],[-61.038535396999976,13.91627147500003],[-61.034490577999975,13.915814862000047],[-61.03410873499996,13.919214672000066],[-61.03837832099998,13.924242551000077]]]}},{"type":"Feature","id":"gb:8701671B11621920628841","properties":{"id":"gb:8701671B11621920628841","name":"Anse La Verdue","parentId":"gb:63095687B90177859016877","level":"ADM2","countryCode":"LC"},"geometry":{"type":"Polygon","coordinates":[[[-61.03410873499996,13.919214672000066],[-61.034490577999975,13.915814862000047],[-61.038535396999976,13.91627147500003],[-61.04016636299997,13.91248803700006],[-61.04258020499998,13.913662199000044],[-61.04341746699998,13.915998177000063],[-61.044827048999935,13.91798503900003],[-61.04499405699994,13.918945964000045],[-61.04773409999996,13.918424099000049],[-61.05210512599996,13.921620451000024],[-61.05464943499999,13.920511503000057],[-61.05932997799994,13.922918677000041],[-61.061059074999946,13.918031851000023],[-61.06431729899998,13.915332573000057],[-61.066871884999955,13.91529723800005],[-61.066507016999935,13.913578263000034],[-61.06026537599996,13.907988958000033],[-61.053522002999955,13.905781404000038],[-61.053369689999954,13.90274961800003],[-61.05504497199996,13.90058999200005],[-61.06006984199996,13.900540344000035],[-61.05796930499997,13.898724990000062],[-61.057020903999955,13.898792726000067],[-61.05492087399995,13.898115374000042],[-61.053024069999935,13.89872500100006],[-61.05160147399994,13.898657269000068],[-61.049840150999955,13.89791217000004],[-61.047401400999945,13.89804764400003],[-61.04604654199994,13.89743803600004],[-61.04442070999994,13.898183132000042],[-61.04387877299996,13.898183133000032],[-61.04303628099996,13.897800873000051],[-61.03838758499995,13.900655466000046],[-61.03545696499998,13.900404309000066],[-61.03528950599997,13.903836934000026],[-61.03152157499994,13.905511395000076],[-61.02870699399995,13.911938904000067],[-61.03410873499996,13.919214672000066]]]}},{"type":"Feature","id":"gb:8701671B92172840318225","properties":{"id":"gb:8701671B92172840318225","name":"Belvedere","parentId":"gb:63095687B32971577162412","level":"ADM2","countryCode":"LC"},"geometry":{"type":"Polygon","coordinates":[[[-61.038414209999985,13.886538576000078],[-61.03854741499998,13.886636706000047],[-61.04060678199994,13.885421478000069],[-61.05264080899997,13.891151296000032],[-61.06273528999998,13.900363102000028],[-61.06743648099996,13.902291732000037],[-61.06795416199998,13.903271525000036],[-61.067467258999955,13.90356579400003],[-61.068995610999934,13.905104133000066],[-61.071692938999945,13.896105669000065],[-61.06127150599997,13.89431131300006],[-61.05318659699998,13.886469909000027],[-61.04867353099996,13.88511292100003],[-61.04475230799994,13.879112464000059],[-61.044668943999966,13.879149201000075],[-61.04095941999998,13.879515321000042],[-61.038414209999985,13.886538576000078]]]}},{"type":"Feature","id":"gb:8701671B94073395823663","properties":{"id":"gb:8701671B94073395823663","name":"Anse Galet","parentId":"gb:63095687B3915284984293","level":"ADM2","countryCode":"LC"},"geometry":{"type":"Polygon","coordinates":[[[-61.03513082699993,13.92626049200004],[-61.03972440899997,13.930717488000028],[-61.04219486399995,13.934954173000051],[-61.04120211999998,13.935832280000056],[-61.04166178799994,13.936879625000074],[-61.04285634299998,13.938268336000021],[-61.044218471999955,13.939068272000043],[-61.04866729599996,13.937434580000058],[-61.04963608199995,13.935153273000026],[-61.04842464999996,13.934028111000032],[-61.04450188299995,13.931882808000069],[-61.04024535899998,13.926983655000072],[-61.03996603699994,13.924768907000043],[-61.03837832099998,13.924242551000077],[-61.03803266199998,13.924457609000058],[-61.03513082699993,13.92626049200004]]]}},{"type":"Feature","id":"gb:8701671B72718235306176","properties":{"id":"gb:8701671B72718235306176","name":"Piton Flore","parentId":"gb:63095687B33875357323526","level":"ADM2","countryCode":"LC"},"geometry":{"type":"Polygon","coordinates":[[[-60.93799991299994,13.964171326000042],[-60.94336537799995,13.970715089000066],[-60.94849715199996,13.971936791000076],[-60.951104913999984,13.965388400000052],[-60.94942107999998,13.961698041000034],[-60.94270072499995,13.958008839000058],[-60.941696442999955,13.959769465000022],[-60.93799991299994,13.964171326000042]]]}},{"type":"Feature","id":"gb:8701671B49626021137525","properties":{"id":"gb:8701671B49626021137525","name":"Babonneau Proper","parentId":"gb:63095687B33875357323526","level":"ADM2","countryCode":"LC"},"geometry":{"type":"Polygon","coordinates":[[[-60.94414052999997,14.010505735000038],[-60.94831673099998,14.007797191000066],[-60.94800470599995,14.005509012000061],[-60.949770945999944,14.005205498000066],[-60.94772434199996,14.00383499000003],[-60.95134754299994,14.003135155000052],[-60.94936552699994,14.002852552000036],[-60.949686241999984,14.001173772000072],[-60.94497190499993,14.001985089000073],[-60.943122641999935,14.00466304500003],[-60.94472089499993,14.005423173000054],[-60.942963533999944,14.008820538000066],[-60.94162302199999,14.01006955500003],[-60.94414052999997,14.010505735000038]]]}},{"type":"Feature","id":"gb:8701671B84261355290509","properties":{"id":"gb:8701671B84261355290509","name":"Hill 20/Babonneau","parentId":"gb:63095687B33875357323526","level":"ADM2","countryCode":"LC"},"geometry":{"type":"Polygon","coordinates":[[[-60.95436586699998,13.99999628300003],[-60.951128763999975,13.997777168000027],[-60.95174915999996,13.996513588000028],[-60.94920345099996,13.994283514000074],[-60.94976459199995,13.995171724000045],[-60.94488894799997,14.00034796600005],[-60.94497190499993,14.001985089000073],[-60.949686241999984,14.001173772000072],[-60.94936552699994,14.002852552000036],[-60.95134754299994,14.003135155000052],[-60.95496306199993,14.001736805000064],[-60.95436586699998,13.99999628300003]]]}},{"type":"Feature","id":"gb:8701671B52982434499588","properties":{"id":"gb:8701671B52982434499588","name":"Resinard","parentId":"gb:63095687B33875357323526","level":"ADM2","countryCode":"LC"},"geometry":{"type":"Polygon","coordinates":[[[-60.942963533999944,14.008820538000066],[-60.94472089499993,14.005423173000054],[-60.943122641999935,14.00466304500003],[-60.94497190499993,14.001985089000073],[-60.94488894799997,14.00034796600005],[-60.94191893699997,13.998620277000043],[-60.940624973999945,14.000237293000055],[-60.93899215699997,13.99852442100007],[-60.937318268999945,13.999272907000034],[-60.94064959399998,14.003943658000026],[-60.94045300899995,14.007592895000073],[-60.942963533999944,14.008820538000066]]]}},{"type":"Feature","id":"gb:8701671B78261941759356","properties":{"id":"gb:8701671B78261941759356","name":"Fond Assau/Babonneau","parentId":"gb:63095687B77911403325027","level":"ADM2","countryCode":"LC"},"geometry":{"type":"Polygon","coordinates":[[[-60.937318268999945,13.999272907000034],[-60.93899215699997,13.99852442100007],[-60.940624973999945,14.000237293000055],[-60.94191893699997,13.998620277000043],[-60.93813327699996,13.995063143000039],[-60.935988624999936,13.99371869600003],[-60.938578191999966,13.989587863000054],[-60.93556610899998,13.989411052000037],[-60.93350943499996,13.99479653800006],[-60.93210435399993,13.994037513000023],[-60.93207467999997,13.995848894000062],[-60.92999746999993,13.996275576000073],[-60.937318268999945,13.999272907000034]]]}},{"type":"Feature","id":"gb:8701671B96630840865992","properties":{"id":"gb:8701671B96630840865992","name":"Talvern/Babonneau","parentId":"gb:63095687B33875357323526","level":"ADM2","countryCode":"LC"},"geometry":{"type":"Polygon","coordinates":[[[-60.94920345099996,13.994283514000074],[-60.949148426999955,13.994224410000072],[-60.94652393599995,13.993402136000043],[-60.941250199999956,13.993101254000067],[-60.93813327699996,13.995063143000039],[-60.94191893699997,13.998620277000043],[-60.94488894799997,14.00034796600005],[-60.94976459199995,13.995171724000045],[-60.94920345099996,13.994283514000074]]]}},{"type":"Feature","id":"gb:8701671B2564147185651","properties":{"id":"gb:8701671B2564147185651","name":"Sand De Feu","parentId":"gb:63095687B33875357323526","level":"ADM2","countryCode":"LC"},"geometry":{"type":"Polygon","coordinates":[[[-60.986544186999936,13.926620687000025],[-60.98964928299995,13.924544719000039],[-60.98532267599995,13.923270175000027],[-60.98384343199996,13.917765174000067],[-60.970662550999975,13.918296776000034],[-60.972670439999945,13.928275917000065],[-60.974421692999954,13.929405617000043],[-60.976476126999955,13.935373402000039],[-60.97861433899993,13.939447791000077],[-60.98071607999998,13.940177892000065],[-60.985709791999966,13.93768255200007],[-60.98808488199995,13.939268936000076],[-60.986544186999936,13.926620687000025]]]}},{"type":"Feature","id":"gb:8701671B48601442509190","properties":{"id":"gb:8701671B48601442509190","name":"Morne Assau/Babonneau","parentId":"gb:63095687B77911403325027","level":"ADM2","countryCode":"LC"},"geometry":{"type":"Polygon","coordinates":[[[-60.93556610899998,13.989411052000037],[-60.93368231199997,13.987459066000042],[-60.93105497799996,13.989678212000058],[-60.92985943899998,13.988978769000028],[-60.93019315399994,13.99062389900007],[-60.92817389099997,13.989906799000039],[-60.93210435399993,13.994037513000023],[-60.93350943499996,13.99479653800006],[-60.93556610899998,13.989411052000037]]]}},{"type":"Feature","id":"gb:8701671B17247677679787","properties":{"id":"gb:8701671B17247677679787","name":"Chassin/Babonneau","parentId":"gb:63095687B77911403325027","level":"ADM2","countryCode":"LC"},"geometry":{"type":"Polygon","coordinates":[[[-60.92685046999998,13.998331204000067],[-60.92818736799995,13.995654106000075],[-60.92999746999993,13.996275576000073],[-60.93207467999997,13.995848894000062],[-60.93210435399993,13.994037513000023],[-60.92817389099997,13.989906799000039],[-60.92429021199996,13.985907718000021],[-60.91148826899996,13.983455314000025],[-60.91142323599996,13.983454997000024],[-60.919206551999935,13.997960191000061],[-60.92685046999998,13.998331204000067]]]}},{"type":"Feature","id":"gb:8701671B38196244900111","properties":{"id":"gb:8701671B38196244900111","name":"En Pois Doux/Babonneau","parentId":"gb:63095687B33875357323526","level":"ADM2","countryCode":"LC"},"geometry":{"type":"Polygon","coordinates":[[[-60.93813327699996,13.995063143000039],[-60.941250199999956,13.993101254000067],[-60.94652393599995,13.993402136000043],[-60.94669671599996,13.986663919000023],[-60.94242589399994,13.982857753000076],[-60.94004350299997,13.98238026200005],[-60.93963694299998,13.984314135000034],[-60.93764820599995,13.983327126000063],[-60.93617918999996,13.984991232000027],[-60.93442928099995,13.984768071000076],[-60.93638814999997,13.98700206600006],[-60.935953,13.987888628000064],[-60.933632375999935,13.985980390000066],[-60.93368231199997,13.987459066000042],[-60.93556610899998,13.989411052000037],[-60.938578191999966,13.989587863000054],[-60.935988624999936,13.99371869600003],[-60.93813327699996,13.995063143000039]]]}},{"type":"Feature","id":"gb:8701671B58668276188859","properties":{"id":"gb:8701671B58668276188859","name":"Miami/Bexon","parentId":"gb:63095687B33875357323526","level":"ADM2","countryCode":"LC"},"geometry":{"type":"Polygon","coordinates":[[[-60.96576211799999,13.923279963000027],[-60.971396278999975,13.929014444000074],[-60.972670439999945,13.928275917000065],[-60.970662550999975,13.918296776000034],[-60.96932164599997,13.917638070000066],[-60.965744739999934,13.919667891000074],[-60.96576211799999,13.923279963000027]]]}},{"type":"Feature","id":"gb:8701671B17924499339223","properties":{"id":"gb:8701671B17924499339223","name":"Praslin","parentId":"gb:63095687B12253142447206","level":"ADM2","countryCode":"LC"},"geometry":{"type":"Polygon","coordinates":[[[-60.89717097299996,13.871729130000062],[-60.897937672999944,13.874260253000045],[-60.89242978499993,13.875974941000038],[-60.895538579999936,13.877488235000044],[-60.89455523699996,13.880137466000065],[-60.88820103099994,13.881763953000075],[-60.88435677099994,13.879419545000076],[-60.886276291999934,13.882523226000046],[-60.882535116999975,13.882911826000054],[-60.882552026999974,13.884480326000073],[-60.88447420699998,13.885342134000041],[-60.88394477099996,13.886775473000057],[-60.880234077999944,13.88786951000003],[-60.88326899599997,13.889239296000028],[-60.88317753399997,13.89118217600003],[-60.88845060999995,13.893074581000064],[-60.89095327899997,13.89142866800006],[-60.89447117999998,13.891925583000045],[-60.89915224699996,13.888306423000074],[-60.90318395899993,13.88735446800007],[-60.90845957399995,13.889468855000075],[-60.90974204099996,13.891906211000048],[-60.91474924499994,13.889219284000035],[-60.90841552899997,13.884208347000026],[-60.90541282799995,13.87986642800007],[-60.90139032299999,13.88014395700003],[-60.90143847899998,13.877701237000053],[-60.89884610799999,13.875475824000034],[-60.90056495699997,13.871236289000024],[-60.89717097299996,13.871729130000062]]]}},{"type":"Feature","id":"gb:8701671B66587320665101","properties":{"id":"gb:8701671B66587320665101","name":"Forestiere","parentId":"gb:63095687B33875357323526","level":"ADM2","countryCode":"LC"},"geometry":{"type":"Polygon","coordinates":[[[-60.94849715199996,13.971936791000076],[-60.947381048999944,13.981476929000053],[-60.949438434999934,13.984206082000071],[-60.95797413899999,13.987770028000057],[-60.967323473999954,13.987732046000076],[-60.967800619999934,13.979794679000065],[-60.965409903999955,13.973417149000056],[-60.96477196899997,13.97214143900004],[-60.959889429999976,13.968808196000055],[-60.951104913999984,13.965388400000052],[-60.94849715199996,13.971936791000076]]]}},{"type":"Feature","id":"gb:8701671B9780152008483","properties":{"id":"gb:8701671B9780152008483","name":"Ti Rocher","parentId":"gb:63095687B33875357323526","level":"ADM2","countryCode":"LC"},"geometry":{"type":"Polygon","coordinates":[[[-60.97416189899997,13.998678966000057],[-60.97539106399995,13.996361654000054],[-60.97825450999994,13.995580817000075],[-60.97750675999998,13.994484795000062],[-60.97400805299998,13.993559602000062],[-60.970050982999965,13.991430747000038],[-60.96687005899997,13.992788749000056],[-60.96412432799997,13.997156907000033],[-60.966557215999956,13.996337227000026],[-60.97416189899997,13.998678966000057]]]}},{"type":"Feature","id":"gb:8701671B45291890821133","properties":{"id":"gb:8701671B45291890821133","name":"Forest Reserve","parentId":"gb:63095687B77911403325027","level":"ADM2","countryCode":"LC"},"geometry":{"type":"Polygon","coordinates":[[[-60.91148826899996,13.983455314000025],[-60.92429021199996,13.985907718000021],[-60.92817389099997,13.989906799000039],[-60.93019315399994,13.99062389900007],[-60.92985943899998,13.988978769000028],[-60.93105497799996,13.989678212000058],[-60.93368231199997,13.987459066000042],[-60.933632375999935,13.985980390000066],[-60.935953,13.987888628000064],[-60.93638814999997,13.98700206600006],[-60.93442928099995,13.984768071000076],[-60.93617918999996,13.984991232000027],[-60.93764820599995,13.983327126000063],[-60.93963694299998,13.984314135000034],[-60.94004350299997,13.98238026200005],[-60.94242589399994,13.982857753000076],[-60.947381048999944,13.981476929000053],[-60.94849715199996,13.971936791000076],[-60.94336537799995,13.970715089000066],[-60.93799991299994,13.964171326000042],[-60.93795096399998,13.964201724000077],[-60.93359752799995,13.969869635000066],[-60.926789250999946,13.96580758500005],[-60.92347849999999,13.96904648800006],[-60.92018260999998,13.971118298000022],[-60.91148826899996,13.983455314000025]]]}},{"type":"Feature","id":"gb:8701671B90050195307789","properties":{"id":"gb:8701671B90050195307789","name":"Ravine Poisson","parentId":"gb:63095687B33875357323526","level":"ADM2","countryCode":"LC"},"geometry":{"type":"Polygon","coordinates":[[[-60.95970125499997,13.931586051000068],[-60.96741556799998,13.93691248500005],[-60.976476126999955,13.935373402000039],[-60.974421692999954,13.929405617000043],[-60.972670439999945,13.928275917000065],[-60.971396278999975,13.929014444000074],[-60.96576211799999,13.923279963000027],[-60.96577121699994,13.927002782000045],[-60.961115638999956,13.929568452000069],[-60.95970125499997,13.931586051000068]]]}},{"type":"Feature","id":"gb:8701671B83780855203463","properties":{"id":"gb:8701671B83780855203463","name":"Labayee","parentId":"gb:63095687B33875357323526","level":"ADM2","countryCode":"LC"},"geometry":{"type":"Polygon","coordinates":[[[-60.976476126999955,13.935373402000039],[-60.96741556799998,13.93691248500005],[-60.96879553699995,13.943971334000025],[-60.97264100299998,13.946036837000065],[-60.97535884499996,13.946003492000045],[-60.977243492999946,13.943893883000044],[-60.97861433899993,13.939447791000077],[-60.976476126999955,13.935373402000039]]]}},{"type":"Feature","id":"gb:8701671B47130122414504","properties":{"id":"gb:8701671B47130122414504","name":"Sarot","parentId":"gb:63095687B33875357323526","level":"ADM2","countryCode":"LC"},"geometry":{"type":"Polygon","coordinates":[[[-60.98808488199995,13.939268936000076],[-60.985709791999966,13.93768255200007],[-60.98071607999998,13.940177892000065],[-60.97861433899993,13.939447791000077],[-60.977243492999946,13.943893883000044],[-60.97854948099996,13.945021653000026],[-60.979530377999936,13.94345239200004],[-60.98172635699996,13.941437862000043],[-60.98368137399996,13.945428888000038],[-60.98578482299996,13.94554527400004],[-60.988176126999974,13.946552091000058],[-60.99152874699996,13.945372426000063],[-60.98808488199995,13.939268936000076]]]}},{"type":"Feature","id":"gb:8701671B98444413378484","properties":{"id":"gb:8701671B98444413378484","name":"Choppin","parentId":"gb:63095687B33875357323526","level":"ADM2","countryCode":"LC"},"geometry":{"type":"Polygon","coordinates":[[[-60.979530377999936,13.94345239200004],[-60.98076003799997,13.963927155000022],[-60.98658949899993,13.966232164000075],[-60.992945695999936,13.962512949000029],[-60.99299087299994,13.960795959000052],[-60.99706707699994,13.956803199000035],[-60.997734786999956,13.95552540600005],[-60.985218017999955,13.951440861000037],[-60.98578482299996,13.94554527400004],[-60.98368137399996,13.945428888000038],[-60.98172635699996,13.941437862000043],[-60.979530377999936,13.94345239200004]]]}},{"type":"Feature","id":"gb:8701671B96397646944426","properties":{"id":"gb:8701671B96397646944426","name":"Barre Duchaussee","parentId":"gb:63095687B33875357323526","level":"ADM2","countryCode":"LC"},"geometry":{"type":"Polygon","coordinates":[[[-60.992945695999936,13.962512949000029],[-60.99694088899997,13.966525688000047],[-60.999320695999984,13.965490913000053],[-60.99963200399998,13.961155297000062],[-60.99706707699994,13.956803199000035],[-60.99299087299994,13.960795959000052],[-60.992945695999936,13.962512949000029]]]}},{"type":"Feature","id":"gb:8701671B26789831471183","properties":{"id":"gb:8701671B26789831471183","name":"Belair","parentId":"gb:63095687B33875357323526","level":"ADM2","countryCode":"LC"},"geometry":{"type":"Polygon","coordinates":[[[-60.997930752999935,13.949496331000034],[-60.99308336399997,13.94799796600006],[-60.99152874699996,13.945372426000063],[-60.988176126999974,13.946552091000058],[-60.98578482299996,13.94554527400004],[-60.985218017999955,13.951440861000037],[-60.997734786999956,13.95552540600005],[-60.99706707699994,13.956803199000035],[-60.99963200399998,13.961155297000062],[-61.00398941799995,13.959798736000039],[-61.009510915999954,13.95589631100006],[-61.01053911699995,13.954317380000077],[-61.011182764999944,13.952836543000046],[-61.00575592499996,13.950725559000034],[-61.00498294399995,13.95313430400006],[-61.00190631199996,13.952673138000023],[-61.00215514399997,13.950934031000031],[-61.00049304799995,13.95016683600005],[-60.99918128899998,13.952180773000066],[-60.99736677899995,13.95211875900003],[-60.997930752999935,13.949496331000034]]]}},{"type":"Feature","id":"gb:8701671B87881136739477","properties":{"id":"gb:8701671B87881136739477","name":"Coolie Town","parentId":"gb:63095687B33875357323526","level":"ADM2","countryCode":"LC"},"geometry":{"type":"Polygon","coordinates":[[[-61.01053911699995,13.954317380000077],[-61.009510915999954,13.95589631100006],[-61.00973997099999,13.958863911000037],[-61.011038964999955,13.959396950000041],[-61.01712076899997,13.959043201000043],[-61.02037489799994,13.955727251000042],[-61.018406969999944,13.954680884000027],[-61.014924881999946,13.95410055900004],[-61.01371023699994,13.955753923000032],[-61.01053911699995,13.954317380000077]]]}},{"type":"Feature","id":"gb:8701671B34343071784823","properties":{"id":"gb:8701671B34343071784823","name":"Perou","parentId":"gb:63095687B33875357323526","level":"ADM2","countryCode":"LC"},"geometry":{"type":"Polygon","coordinates":[[[-61.00398941799995,13.959798736000039],[-61.00417544199996,13.962649573000022],[-61.00616122099996,13.96298616000007],[-61.00874390299998,13.961312295000027],[-61.011038964999955,13.959396950000041],[-61.00973997099999,13.958863911000037],[-61.009510915999954,13.95589631100006],[-61.00398941799995,13.959798736000039]]]}},{"type":"Feature","id":"gb:8701671B97170128709946","properties":{"id":"gb:8701671B97170128709946","name":"Fond Manger","parentId":"gb:63095687B33875357323526","level":"ADM2","countryCode":"LC"},"geometry":{"type":"Polygon","coordinates":[[[-61.00616122099996,13.96298616000007],[-61.00621574799993,13.96598480800003],[-61.008517117999986,13.967614757000035],[-61.01140030999994,13.964132772000028],[-61.011691535999944,13.96277466600003],[-61.00874390299998,13.961312295000027],[-61.00616122099996,13.96298616000007]]]}},{"type":"Feature","id":"gb:8701671B57148125008640","properties":{"id":"gb:8701671B57148125008640","name":"Barre Denis","parentId":"gb:63095687B33875357323526","level":"ADM2","countryCode":"LC"},"geometry":{"type":"Polygon","coordinates":[[[-60.99459301199994,13.972324738000054],[-60.99842176599998,13.969897899000046],[-60.99848546599998,13.968794599000034],[-60.99694088899997,13.966525688000047],[-60.992945695999936,13.962512949000029],[-60.98658949899993,13.966232164000075],[-60.98076003799997,13.963927155000022],[-60.98078276799998,13.96397943200003],[-60.983562474999985,13.969756080000025],[-60.98560026599995,13.970095670000035],[-60.98591564299994,13.972715397000059],[-60.989427501999955,13.972360148000064],[-60.99459301199994,13.972324738000054]]]}},{"type":"Feature","id":"gb:8701671B85402755836861","properties":{"id":"gb:8701671B85402755836861","name":"Marigot","parentId":"gb:63095687B33875357323526","level":"ADM2","countryCode":"LC"},"geometry":{"type":"Polygon","coordinates":[[[-61.01712076899997,13.959043201000043],[-61.011038964999955,13.959396950000041],[-61.00874390299998,13.961312295000027],[-61.011691535999944,13.96277466600003],[-61.01140030999994,13.964132772000028],[-61.01659550499994,13.969754815000044],[-61.01817536699997,13.968055552000067],[-61.023019025999986,13.966973363000022],[-61.02328542499998,13.966941529000053],[-61.02189449599996,13.965961976000074],[-61.02307586999996,13.964553741000032],[-61.03072150299994,13.966520582000044],[-61.031393210999966,13.96450969600005],[-61.03024844899994,13.963733999000056],[-61.03243254999995,13.962977212000055],[-61.03162837199994,13.96113120700005],[-61.03301884399997,13.959446901000035],[-61.02990948799999,13.954954009000062],[-61.02704355099996,13.95527018000007],[-61.026835259999984,13.956725577000043],[-61.02393669299994,13.957234977000041],[-61.02068198099994,13.960455765000063],[-61.01712076899997,13.959043201000043]]]}},{"type":"Feature","id":"gb:8701671B12954312315710","properties":{"id":"gb:8701671B12954312315710","name":"La Croix Maingot","parentId":"gb:63095687B33875357323526","level":"ADM2","countryCode":"LC"},"geometry":{"type":"Polygon","coordinates":[[[-61.01659550499994,13.969754815000044],[-61.01140030999994,13.964132772000028],[-61.008517117999986,13.967614757000035],[-61.00621574799993,13.96598480800003],[-61.00616122099996,13.96298616000007],[-61.00417544199996,13.962649573000022],[-61.00398941799995,13.959798736000039],[-60.99963200399998,13.961155297000062],[-60.999320695999984,13.965490913000053],[-60.99694088899997,13.966525688000047],[-60.99848546599998,13.968794599000034],[-61.001136678999956,13.966436728000076],[-61.004652378999936,13.967032174000053],[-61.00754457299996,13.969917661000068],[-61.01659550499994,13.969754815000044]]]}},{"type":"Feature","id":"gb:8701671B77297874442969","properties":{"id":"gb:8701671B77297874442969","name":"Ti Colon","parentId":"gb:63095687B33875357323526","level":"ADM2","countryCode":"LC"},"geometry":{"type":"Polygon","coordinates":[[[-61.00444944399993,13.975923916000056],[-61.004652378999936,13.967032174000053],[-61.001136678999956,13.966436728000076],[-60.99848546599998,13.968794599000034],[-60.99842176599998,13.969897899000046],[-61.00198809799997,13.975649385000054],[-61.00203019099996,13.975649322000038],[-61.00444944399993,13.975923916000056]]]}},{"type":"Feature","id":"gb:8701671B19273401931572","properties":{"id":"gb:8701671B19273401931572","name":"Tourat/Soucis","parentId":"gb:63095687B33875357323526","level":"ADM2","countryCode":"LC"},"geometry":{"type":"Polygon","coordinates":[[[-60.995669857999985,13.976364443000023],[-60.99851615899996,13.97443673400005],[-60.99982149899995,13.975991443000055],[-61.00198809799997,13.975649385000054],[-60.99842176599998,13.969897899000046],[-60.99459301199994,13.972324738000054],[-60.99395481899995,13.97594465000003],[-60.995669857999985,13.976364443000023]]]}},{"type":"Feature","id":"gb:8701671B87099663459533","properties":{"id":"gb:8701671B87099663459533","name":"Soucis","parentId":"gb:63095687B33875357323526","level":"ADM2","countryCode":"LC"},"geometry":{"type":"Polygon","coordinates":[[[-61.00203019099996,13.975649322000038],[-61.00198809799997,13.975649385000054],[-60.99982149899995,13.975991443000055],[-60.99851615899996,13.97443673400005],[-60.995669857999985,13.976364443000023],[-60.99914321299997,13.979316716000028],[-61.00203019099996,13.975649322000038]]]}},{"type":"Feature","id":"gb:8701671B52063001665114","properties":{"id":"gb:8701671B52063001665114","name":"Odsan","parentId":"gb:63095687B33875357323526","level":"ADM2","countryCode":"LC"},"geometry":{"type":"Polygon","coordinates":[[[-60.989427501999955,13.972360148000064],[-60.98591564299994,13.972715397000059],[-60.98560026599995,13.970095670000035],[-60.983562474999985,13.969756080000025],[-60.98078276799998,13.96397943200003],[-60.975746018999985,13.97201311300006],[-60.97711194699997,13.976392512000075],[-60.980826357999945,13.97915235000005],[-60.984148680999965,13.980478981000033],[-60.98424908299995,13.983858658000031],[-60.98862681899993,13.983864208000057],[-60.990324070999975,13.981275797000023],[-60.988491617999955,13.977134890000059],[-60.989427501999955,13.972360148000064]]]}},{"type":"Feature","id":"gb:8701671B12936296158000","properties":{"id":"gb:8701671B12936296158000","name":"Deglos","parentId":"gb:63095687B33875357323526","level":"ADM2","countryCode":"LC"},"geometry":{"type":"Polygon","coordinates":[[[-60.967800619999934,13.979794679000065],[-60.971222861999934,13.982203215000027],[-60.972691218999955,13.981446422000033],[-60.97326646399995,13.983671411000046],[-60.976378556999975,13.983118604000026],[-60.977479579999965,13.981458821000047],[-60.97895787099998,13.98225700300003],[-60.980826357999945,13.97915235000005],[-60.97711194699997,13.976392512000075],[-60.975746018999985,13.97201311300006],[-60.973462291999965,13.971130858000038],[-60.97255952299997,13.972431758000027],[-60.965409903999955,13.973417149000056],[-60.967800619999934,13.979794679000065]]]}},{"type":"Feature","id":"gb:8701671B44468241471992","properties":{"id":"gb:8701671B44468241471992","name":"Crownlands/Marc","parentId":"gb:63095687B33875357323526","level":"ADM2","countryCode":"LC"},"geometry":{"type":"Polygon","coordinates":[[[-60.96879553699995,13.943971334000025],[-60.967822602999945,13.95057990500004],[-60.96871724799996,13.95701544800005],[-60.97055126899994,13.957015444000035],[-60.971000179999976,13.958899125000073],[-60.97341814099997,13.958766943000057],[-60.97335665299994,13.957496519000074],[-60.97403752799994,13.958395189000044],[-60.975728996999976,13.954590860000053],[-60.97264100299998,13.946036837000065],[-60.96879553699995,13.943971334000025]]]}},{"type":"Feature","id":"gb:8701671B76266155523948","properties":{"id":"gb:8701671B76266155523948","name":"Bexon","parentId":"gb:63095687B33875357323526","level":"ADM2","countryCode":"LC"},"geometry":{"type":"Polygon","coordinates":[[[-60.965409903999955,13.973417149000056],[-60.97255952299997,13.972431758000027],[-60.973462291999965,13.971130858000038],[-60.975746018999985,13.97201311300006],[-60.98078276799998,13.96397943200003],[-60.98076003799997,13.963927155000022],[-60.979530377999936,13.94345239200004],[-60.97854948099996,13.945021653000026],[-60.977243492999946,13.943893883000044],[-60.97535884499996,13.946003492000045],[-60.97264100299998,13.946036837000065],[-60.975728996999976,13.954590860000053],[-60.97403752799994,13.958395189000044],[-60.97307016599996,13.961547968000048],[-60.96561541099999,13.968807476000052],[-60.96477196899997,13.97214143900004],[-60.965409903999955,13.973417149000056]]]}},{"type":"Feature","id":"gb:8701671B34935279369913","properties":{"id":"gb:8701671B34935279369913","name":"Floissac/Marc","parentId":"gb:63095687B33875357323526","level":"ADM2","countryCode":"LC"},"geometry":{"type":"Polygon","coordinates":[[[-60.951104913999984,13.965388400000052],[-60.959889429999976,13.968808196000055],[-60.96416988399994,13.965840727000057],[-60.96672862799994,13.96091565000006],[-60.96621557799995,13.959262419000027],[-60.96439253799997,13.959404821000021],[-60.96194852899998,13.957137684000031],[-60.94942107999998,13.961698041000034],[-60.951104913999984,13.965388400000052]]]}},{"type":"Feature","id":"gb:8701671B60571960824161","properties":{"id":"gb:8701671B60571960824161","name":"Trois Piton","parentId":"gb:63095687B33875357323526","level":"ADM2","countryCode":"LC"},"geometry":{"type":"Polygon","coordinates":[[[-60.97400805299998,13.993559602000062],[-60.97453303899994,13.989038333000053],[-60.97643266899996,13.987359157000071],[-60.976405038999985,13.986959641000055],[-60.972098668999934,13.98530906700006],[-60.96969931899997,13.986526517000073],[-60.970050982999965,13.991430747000038],[-60.97400805299998,13.993559602000062]]]}},{"type":"Feature","id":"gb:8701671B353408445184","properties":{"id":"gb:8701671B353408445184","name":"Dubrassay","parentId":"gb:63095687B33875357323526","level":"ADM2","countryCode":"LC"},"geometry":{"type":"Polygon","coordinates":[[[-60.967323473999954,13.987732046000076],[-60.96969931899997,13.986526517000073],[-60.972098668999934,13.98530906700006],[-60.976405038999985,13.986959641000055],[-60.976378556999975,13.983118604000026],[-60.97326646399995,13.983671411000046],[-60.972691218999955,13.981446422000033],[-60.971222861999934,13.982203215000027],[-60.967800619999934,13.979794679000065],[-60.967323473999954,13.987732046000076]]]}},{"type":"Feature","id":"gb:8701671B90118791051051","properties":{"id":"gb:8701671B90118791051051","name":"Ferrand","parentId":"gb:63095687B33875357323526","level":"ADM2","countryCode":"LC"},"geometry":{"type":"Polygon","coordinates":[[[-60.98862681899993,13.983864208000057],[-60.98424908299995,13.983858658000031],[-60.984148680999965,13.980478981000033],[-60.980826357999945,13.97915235000005],[-60.97895787099998,13.98225700300003],[-60.977479579999965,13.981458821000047],[-60.976378556999975,13.983118604000026],[-60.976405038999985,13.986959641000055],[-60.97643266899996,13.987359157000071],[-60.97598237999995,13.990171653000061],[-60.97909348999997,13.991604494000057],[-60.980005364999954,13.990462428000058],[-60.98179875999995,13.992497927000045],[-60.98737682899997,13.992627155000037],[-60.99063615299997,13.991165160000037],[-60.99348848899996,13.990351346000068],[-60.99660302099994,13.984668829000043],[-60.98862681899993,13.983864208000057]]]}},{"type":"Feature","id":"gb:8701671B77991927650857","properties":{"id":"gb:8701671B77991927650857","name":"Guesneau","parentId":"gb:63095687B33875357323526","level":"ADM2","countryCode":"LC"},"geometry":{"type":"Polygon","coordinates":[[[-60.96356412999995,13.99727234200003],[-60.96412432799997,13.997156907000033],[-60.96687005899997,13.992788749000056],[-60.970050982999965,13.991430747000038],[-60.96969931899997,13.986526517000073],[-60.967323473999954,13.987732046000076],[-60.95797413899999,13.987770028000057],[-60.95843293799999,13.989536130000033],[-60.96260471099998,13.990171683000028],[-60.96168452999996,13.993800475000057],[-60.96356412999995,13.99727234200003]]]}},{"type":"Feature","id":"gb:8701671B35941232442157","properties":{"id":"gb:8701671B35941232442157","name":"Bocage","parentId":"gb:63095687B33875357323526","level":"ADM2","countryCode":"LC"},"geometry":{"type":"Polygon","coordinates":[[[-60.963784594999936,14.003566763000038],[-60.97047404899996,14.008630351000022],[-60.971555739999985,14.009435415000041],[-60.97438702599993,14.00610974400007],[-60.97568277199997,14.00399473300007],[-60.97449390199995,14.003393563000031],[-60.97416189899997,13.998678966000057],[-60.966557215999956,13.996337227000026],[-60.96412432799997,13.997156907000033],[-60.96356412999995,13.99727234200003],[-60.963784594999936,14.003566763000038]]]}},{"type":"Feature","id":"gb:8701671B84491224846423","properties":{"id":"gb:8701671B84491224846423","name":"Fond Canie","parentId":"gb:63095687B33875357323526","level":"ADM2","countryCode":"LC"},"geometry":{"type":"Polygon","coordinates":[[[-60.96168452999996,13.993800475000057],[-60.96260471099998,13.990171683000028],[-60.95843293799999,13.989536130000033],[-60.956255167999984,13.991189447000068],[-60.958191960999955,13.994725170000038],[-60.95998735399996,13.99530892200005],[-60.96168452999996,13.993800475000057]]]}},{"type":"Feature","id":"gb:8701671B50625769822151","properties":{"id":"gb:8701671B50625769822151","name":"Cacoa/Babonneau","parentId":"gb:63095687B33875357323526","level":"ADM2","countryCode":"LC"},"geometry":{"type":"Polygon","coordinates":[[[-60.958191960999955,13.994725170000038],[-60.956255167999984,13.991189447000068],[-60.95843293799999,13.989536130000033],[-60.95797413899999,13.987770028000057],[-60.949438434999934,13.984206082000071],[-60.947381048999944,13.981476929000053],[-60.94242589399994,13.982857753000076],[-60.94669671599996,13.986663919000023],[-60.94652393599995,13.993402136000043],[-60.949148426999955,13.994224410000072],[-60.95082654899994,13.992546466000022],[-60.95527556899998,13.99545160100007],[-60.958191960999955,13.994725170000038]]]}},{"type":"Feature","id":"gb:8701671B51268298139498","properties":{"id":"gb:8701671B51268298139498","name":"Green Gold/Babonneau","parentId":"gb:63095687B33875357323526","level":"ADM2","countryCode":"LC"},"geometry":{"type":"Polygon","coordinates":[[[-60.95527556899998,13.99545160100007],[-60.95082654899994,13.992546466000022],[-60.949148426999955,13.994224410000072],[-60.94920345099996,13.994283514000074],[-60.95174915999996,13.996513588000028],[-60.951128763999975,13.997777168000027],[-60.95436586699998,13.99999628300003],[-60.95527556899998,13.99545160100007]]]}},{"type":"Feature","id":"gb:8701671B38809130706709","properties":{"id":"gb:8701671B38809130706709","name":"Agard Lands","parentId":"gb:63095687B33875357323526","level":"ADM2","countryCode":"LC"},"geometry":{"type":"Polygon","coordinates":[[[-60.96038117899997,14.007534648000046],[-60.959091591999936,14.010227741000051],[-60.95984379599997,14.011050536000027],[-60.96862599099995,14.010267756000076],[-60.97047404899996,14.008630351000022],[-60.963784594999936,14.003566763000038],[-60.96038117899997,14.007534648000046]]]}},{"type":"Feature","id":"gb:8701671B250084574474","properties":{"id":"gb:8701671B250084574474","name":"Morne Dudon","parentId":"gb:63095687B33875357323526","level":"ADM2","countryCode":"LC"},"geometry":{"type":"Polygon","coordinates":[[[-60.97047404899996,14.008630351000022],[-60.96862599099995,14.010267756000076],[-60.95984379599997,14.011050536000027],[-60.958728863999966,14.012358837000022],[-60.96029707799994,14.013221667000039],[-60.95959120799995,14.015048168000021],[-60.96107732899998,14.01535307100005],[-60.964503701999945,14.01830127900007],[-60.96681304499998,14.017034668000065],[-60.96606164599996,14.014917344000025],[-60.96940874999996,14.011371229000076],[-60.970843231999936,14.009726465000028],[-60.97238464999998,14.012317950000067],[-60.97371218899997,14.013551312000061],[-60.977691310999944,14.012563082000042],[-60.98229281299996,14.011601322000047],[-60.98471784099996,14.01045629500004],[-60.98513132599999,14.010173488000078],[-60.985987884999986,14.009601897000039],[-60.97863151499996,14.009755733000077],[-60.979318165999985,14.007752347000064],[-60.976036429999965,14.00584943900003],[-60.97438702599993,14.00610974400007],[-60.971555739999985,14.009435415000041],[-60.97047404899996,14.008630351000022]]]}},{"type":"Feature","id":"gb:8701671B99228851829724","properties":{"id":"gb:8701671B99228851829724","name":"Hillcrest Gardens","parentId":"gb:63095687B33875357323526","level":"ADM2","countryCode":"LC"},"geometry":{"type":"Polygon","coordinates":[[[-60.96940874999996,14.011371229000076],[-60.969474213999945,14.012426666000067],[-60.97238464999998,14.012317950000067],[-60.970843231999936,14.009726465000028],[-60.96940874999996,14.011371229000076]]]}},{"type":"Feature","id":"gb:8701671B42772891330913","properties":{"id":"gb:8701671B42772891330913","name":"Carellie","parentId":"gb:63095687B33875357323526","level":"ADM2","countryCode":"LC"},"geometry":{"type":"Polygon","coordinates":[[[-60.96891038699994,14.025366230000031],[-60.970825428999945,14.024138852000021],[-60.971928796999975,14.020204311000043],[-60.97432684399996,14.019305447000022],[-60.96962876499998,14.015022646000034],[-60.969474213999945,14.012426666000067],[-60.96940874999996,14.011371229000076],[-60.96606164599996,14.014917344000025],[-60.96681304499998,14.017034668000065],[-60.964503701999945,14.01830127900007],[-60.96226519199996,14.021481846000029],[-60.96867097299997,14.022674449000021],[-60.96891038699994,14.025366230000031]]]}},{"type":"Feature","id":"gb:8701671B22615930928090","properties":{"id":"gb:8701671B22615930928090","name":"La Pansee","parentId":"gb:63095687B33875357323526","level":"ADM2","countryCode":"LC"},"geometry":{"type":"Polygon","coordinates":[[[-60.977691310999944,14.012563082000042],[-60.97889374699997,14.015239928000028],[-60.982763589999934,14.01652929100004],[-60.98429917799996,14.015376078000031],[-60.98474178199996,14.013686665000023],[-60.98312180499994,14.01344713800006],[-60.98535268699993,14.012676310000074],[-60.985846693999974,14.012499263000052],[-60.98640407999994,14.011200964000068],[-60.98229281299996,14.011601322000047],[-60.977691310999944,14.012563082000042]]]}},{"type":"Feature","id":"gb:8701671B45925024878482","properties":{"id":"gb:8701671B45925024878482","name":"Chase Gardens","parentId":"gb:63095687B33875357323526","level":"ADM2","countryCode":"LC"},"geometry":{"type":"Polygon","coordinates":[[[-60.97238464999998,14.012317950000067],[-60.969474213999945,14.012426666000067],[-60.96962876499998,14.015022646000034],[-60.97432684399996,14.019305447000022],[-60.97436798399997,14.019292877000055],[-60.97529805299996,14.017595507000067],[-60.97604966399996,14.015978120000057],[-60.97889374699997,14.015239928000028],[-60.977691310999944,14.012563082000042],[-60.97371218899997,14.013551312000061],[-60.97238464999998,14.012317950000067]]]}},{"type":"Feature","id":"gb:8701671B13263124861718","properties":{"id":"gb:8701671B13263124861718","name":"Bissee","parentId":"gb:63095687B33875357323526","level":"ADM2","countryCode":"LC"},"geometry":{"type":"Polygon","coordinates":[[[-60.970825428999945,14.024138852000021],[-60.97319031699993,14.025248219000048],[-60.97884932899996,14.025298581000072],[-60.979186535999986,14.023849550000023],[-60.977303363999965,14.023404044000074],[-60.97836090699997,14.021771585000067],[-60.97436798399997,14.019292877000055],[-60.97432684399996,14.019305447000022],[-60.971928796999975,14.020204311000043],[-60.970825428999945,14.024138852000021]]]}},{"type":"Feature","id":"gb:8701671B255319431107","properties":{"id":"gb:8701671B255319431107","name":"Yorke Hill","parentId":"gb:63095687B33875357323526","level":"ADM2","countryCode":"LC"},"geometry":{"type":"Polygon","coordinates":[[[-60.97889374699997,14.015239928000028],[-60.97604966399996,14.015978120000057],[-60.97529805299996,14.017595507000067],[-60.98037198499998,14.01855598000003],[-60.98339278499998,14.017726788000061],[-60.982763589999934,14.01652929100004],[-60.97889374699997,14.015239928000028]]]}},{"type":"Feature","id":"gb:8701671B75539751550114","properties":{"id":"gb:8701671B75539751550114","name":"Active Hill","parentId":"gb:63095687B33875357323526","level":"ADM2","countryCode":"LC"},"geometry":{"type":"Polygon","coordinates":[[[-60.97436798399997,14.019292877000055],[-60.97836090699997,14.021771585000067],[-60.978833759999986,14.02119440100006],[-60.98157447699998,14.019562668000049],[-60.98037198499998,14.01855598000003],[-60.97529805299996,14.017595507000067],[-60.97436798399997,14.019292877000055]]]}},{"type":"Feature","id":"gb:8701671B83159323008867","properties":{"id":"gb:8701671B83159323008867","name":"Summersdale","parentId":"gb:63095687B33875357323526","level":"ADM2","countryCode":"LC"},"geometry":{"type":"Polygon","coordinates":[[[-60.97319031699993,14.025248219000048],[-60.97822110599998,14.027697088000025],[-60.97761762499994,14.026999772000067],[-60.97884932899996,14.025298581000072],[-60.97319031699993,14.025248219000048]]]}},{"type":"Feature","id":"gb:8701671B48766638933033","properties":{"id":"gb:8701671B48766638933033","name":"Vide Bouteille","parentId":"gb:63095687B33875357323526","level":"ADM2","countryCode":"LC"},"geometry":{"type":"Polygon","coordinates":[[[-60.97884932899996,14.025298581000072],[-60.97761762499994,14.026999772000067],[-60.978727523999964,14.027349708000031],[-60.980400148999934,14.028166530000021],[-60.980413287999966,14.028138062000039],[-60.980441750999944,14.028082593000022],[-60.98048409099994,14.027992813000026],[-60.980524970999966,14.027925665000055],[-60.98076586999997,14.027654858000062],[-60.98124109599996,14.026871485000072],[-60.98153583399994,14.026561268000023],[-60.98333937299998,14.025719729000059],[-60.98390728399994,14.021969310000031],[-60.983676807999984,14.021934940000051],[-60.98169918299993,14.023017863000064],[-60.978833759999986,14.02119440100006],[-60.97836090699997,14.021771585000067],[-60.977303363999965,14.023404044000074],[-60.979186535999986,14.023849550000023],[-60.97884932899996,14.025298581000072]]]}},{"type":"Feature","id":"gb:8701671B12567928056648","properties":{"id":"gb:8701671B12567928056648","name":"Choc","parentId":"gb:63095687B33875357323526","level":"ADM2","countryCode":"LC"},"geometry":{"type":"Polygon","coordinates":[[[-60.97198521399997,14.03611383200007],[-60.977089826999986,14.031781737000074],[-60.979535157999976,14.031484133000049],[-60.980400148999934,14.028166530000021],[-60.978727523999964,14.027349708000031],[-60.97761762499994,14.026999772000067],[-60.97822110599998,14.027697088000025],[-60.97816332699995,14.029292596000062],[-60.97378928699993,14.032951964000063],[-60.97198521399997,14.03611383200007]]]}},{"type":"Feature","id":"gb:8701671B17450854784889","properties":{"id":"gb:8701671B17450854784889","name":"Barnard Hill","parentId":"gb:63095687B33875357323526","level":"ADM2","countryCode":"LC"},"geometry":{"type":"Polygon","coordinates":[[[-60.98805850599996,14.015170014000034],[-60.99097490299994,14.014511326000047],[-60.98847806699996,14.013154640000039],[-60.98805850599996,14.015170014000034]]]}},{"type":"Feature","id":"gb:8701671B93108958332775","properties":{"id":"gb:8701671B93108958332775","name":"Stonefield","parentId":"gb:63095687B32971577162412","level":"ADM2","countryCode":"LC"},"geometry":{"type":"Polygon","coordinates":[[[-61.05683039199994,13.84536780600007],[-61.06007964099996,13.845856189000074],[-61.06145570299998,13.84780200800003],[-61.06042096799996,13.843922209000027],[-61.05683039199994,13.84536780600007]]]}},{"type":"Feature","id":"gb:8701671B95823931599644","properties":{"id":"gb:8701671B95823931599644","name":"Sunny Acres","parentId":"gb:63095687B33875357323526","level":"ADM2","countryCode":"LC"},"geometry":{"type":"Polygon","coordinates":[[[-60.97378928699993,14.032951964000063],[-60.97816332699995,14.029292596000062],[-60.97822110599998,14.027697088000025],[-60.97319031699993,14.025248219000048],[-60.970825428999945,14.024138852000021],[-60.96891038699994,14.025366230000031],[-60.97007965299997,14.027653131000022],[-60.97150081799998,14.027560257000061],[-60.97198214399998,14.031229422000024],[-60.97378928699993,14.032951964000063]]]}},{"type":"Feature","id":"gb:8701671B40799965178228","properties":{"id":"gb:8701671B40799965178228","name":"Pointe Seraphine","parentId":"gb:63095687B33875357323526","level":"ADM2","countryCode":"LC"},"geometry":{"type":"Polygon","coordinates":[[[-60.99164290799996,14.01575599000006],[-60.99155209299994,14.016137181000033],[-60.991432103999955,14.017786584000078],[-60.99504007599995,14.015457905000062],[-60.996216568999955,14.014172883000072],[-60.99164290799996,14.01575599000006]]]}},{"type":"Feature","id":"gb:8701671B55145671844028","properties":{"id":"gb:8701671B55145671844028","name":"City Gate","parentId":"gb:63095687B33875357323526","level":"ADM2","countryCode":"LC"},"geometry":{"type":"Polygon","coordinates":[[[-60.978833759999986,14.02119440100006],[-60.98169918299993,14.023017863000064],[-60.983676807999984,14.021934940000051],[-60.98157447699998,14.019562668000049],[-60.978833759999986,14.02119440100006]]]}},{"type":"Feature","id":"gb:8701671B50549026935963","properties":{"id":"gb:8701671B50549026935963","name":"Vigie","parentId":null,"level":"ADM2","countryCode":"LC"},"geometry":{"type":"Polygon","coordinates":[[[-60.98333937299998,14.025719729000059],[-60.99022733399994,14.021782829000074],[-60.99480051599994,14.020832860000041],[-60.99815863599997,14.024377658000049],[-61.004936243999964,14.024046379000026],[-61.00541393399993,14.02194127100006],[-61.00276795399998,14.020914618000063],[-61.00203880899994,14.017159727000035],[-60.99669050899996,14.016071716000056],[-60.99603682099996,14.018267396000056],[-60.99504007599995,14.015457905000062],[-60.991432103999955,14.017786584000078],[-60.99114658099995,14.020013981000034],[-60.98413922799995,14.021662611000067],[-60.98390728399994,14.021969310000031],[-60.98333937299998,14.025719729000059]]]}},{"type":"Feature","id":"gb:8701671B24659660179823","properties":{"id":"gb:8701671B24659660179823","name":"John Compton Highway","parentId":"gb:63095687B33875357323526","level":"ADM2","countryCode":"LC"},"geometry":{"type":"Polygon","coordinates":[[[-60.99155209299994,14.016137181000033],[-60.99134710799996,14.016114863000041],[-60.990926222999974,14.01969568800007],[-60.989576014999955,14.020037678000051],[-60.98621918499998,14.020108941000046],[-60.98413922799995,14.021662611000067],[-60.99114658099995,14.020013981000034],[-60.991432103999955,14.017786584000078],[-60.99155209299994,14.016137181000033]]]}},{"type":"Feature","id":"gb:8701671B540973728907","properties":{"id":"gb:8701671B540973728907","name":"Lanse Road","parentId":"gb:63095687B33875357323526","level":"ADM2","countryCode":"LC"},"geometry":{"type":"Polygon","coordinates":[[[-60.989576014999955,14.020037678000051],[-60.98778944899993,14.015957281000055],[-60.986793347999935,14.01699807700004],[-60.986953325999934,14.017304078000052],[-60.98872739199999,14.018413243000055],[-60.98653202999998,14.018946945000039],[-60.98621918499998,14.020108941000046],[-60.989576014999955,14.020037678000051]]]}},{"type":"Feature","id":"gb:8701671B431817219608","properties":{"id":"gb:8701671B431817219608","name":"San Souci","parentId":"gb:63095687B33875357323526","level":"ADM2","countryCode":"LC"},"geometry":{"type":"Polygon","coordinates":[[[-60.98805850599996,14.015170014000034],[-60.98784996999996,14.015518506000035],[-60.98778944899993,14.015957281000055],[-60.989576014999955,14.020037678000051],[-60.990926222999974,14.01969568800007],[-60.99134710799996,14.016114863000041],[-60.99097490299994,14.014511326000047],[-60.98805850599996,14.015170014000034]]]}},{"type":"Feature","id":"gb:8701671B73627657700806","properties":{"id":"gb:8701671B73627657700806","name":"La Carierre","parentId":"gb:63095687B33875357323526","level":"ADM2","countryCode":"LC"},"geometry":{"type":"Polygon","coordinates":[[[-60.986953325999934,14.017304078000052],[-60.98653202999998,14.018946945000039],[-60.98872739199999,14.018413243000055],[-60.986953325999934,14.017304078000052]]]}},{"type":"Feature","id":"gb:8701671B31601381418998","properties":{"id":"gb:8701671B31601381418998","name":"Conway","parentId":"gb:63095687B33875357323526","level":"ADM2","countryCode":"LC"},"geometry":{"type":"Polygon","coordinates":[[[-60.99097490299994,14.014511326000047],[-60.99134710799996,14.016114863000041],[-60.99155209299994,14.016137181000033],[-60.99164290799996,14.01575599000006],[-60.99208516799996,14.014780786000074],[-60.989910271999975,14.012672971000029],[-60.98869597999993,14.01258013000006],[-60.98847806699996,14.013154640000039],[-60.99097490299994,14.014511326000047]]]}},{"type":"Feature","id":"gb:8701671B81655629015903","properties":{"id":"gb:8701671B81655629015903","name":"Calvary","parentId":"gb:63095687B33875357323526","level":"ADM2","countryCode":"LC"},"geometry":{"type":"Polygon","coordinates":[[[-60.98535268699993,14.012676310000074],[-60.98534671099998,14.01350775900005],[-60.987299432999976,14.015519759000028],[-60.98618569499996,14.016315338000027],[-60.986793347999935,14.01699807700004],[-60.98778944899993,14.015957281000055],[-60.98784996999996,14.015518506000035],[-60.987113776999934,14.012311225000076],[-60.985846693999974,14.012499263000052],[-60.98535268699993,14.012676310000074]]]}},{"type":"Feature","id":"gb:8701671B69792415593649","properties":{"id":"gb:8701671B69792415593649","name":"Darling Road","parentId":"gb:63095687B33875357323526","level":"ADM2","countryCode":"LC"},"geometry":{"type":"Polygon","coordinates":[[[-60.98847806699996,14.013154640000039],[-60.98869597999993,14.01258013000006],[-60.987113776999934,14.012311225000076],[-60.98784996999996,14.015518506000035],[-60.98805850599996,14.015170014000034],[-60.98847806699996,14.013154640000039]]]}},{"type":"Feature","id":"gb:8701671B44976535093209","properties":{"id":"gb:8701671B44976535093209","name":"City","parentId":"gb:63095687B33875357323526","level":"ADM2","countryCode":"LC"},"geometry":{"type":"Polygon","coordinates":[[[-60.985846693999974,14.012499263000052],[-60.987113776999934,14.012311225000076],[-60.98869597999993,14.01258013000006],[-60.989910271999975,14.012672971000029],[-60.99414859899997,14.011261341000022],[-60.99410548599997,14.009301535000077],[-60.992977304999954,14.007626746000028],[-60.99233644999998,14.006991044000074],[-60.990468214999964,14.00605672100005],[-60.98968991299995,14.007326895000062],[-60.98842883499998,14.006336976000057],[-60.98828947399994,14.006652812000027],[-60.98815354799996,14.00699254400007],[-60.98786363199997,14.007707910000022],[-60.98717811299997,14.009357525000041],[-60.98682677199997,14.010159695000027],[-60.98656432699994,14.010831302000042],[-60.98640407999994,14.011200964000068],[-60.985846693999974,14.012499263000052]]]}},{"type":"Feature","id":"gb:8701671B52064180240109","properties":{"id":"gb:8701671B52064180240109","name":"Georgeville","parentId":"gb:63095687B33875357323526","level":"ADM2","countryCode":"LC"},"geometry":{"type":"Polygon","coordinates":[[[-60.98474178199996,14.013686665000023],[-60.98534671099998,14.01350775900005],[-60.98535268699993,14.012676310000074],[-60.98312180499994,14.01344713800006],[-60.98474178199996,14.013686665000023]]]}},{"type":"Feature","id":"gb:8701671B94814187921498","properties":{"id":"gb:8701671B94814187921498","name":"Mount Pleasant","parentId":"gb:63095687B33875357323526","level":"ADM2","countryCode":"LC"},"geometry":{"type":"Polygon","coordinates":[[[-60.98429917799996,14.015376078000031],[-60.98618569499996,14.016315338000027],[-60.987299432999976,14.015519759000028],[-60.98534671099998,14.01350775900005],[-60.98474178199996,14.013686665000023],[-60.98429917799996,14.015376078000031]]]}},{"type":"Feature","id":"gb:8701671B59116812435541","properties":{"id":"gb:8701671B59116812435541","name":"La Clery","parentId":"gb:63095687B33875357323526","level":"ADM2","countryCode":"LC"},"geometry":{"type":"Polygon","coordinates":[[[-60.982763589999934,14.01652929100004],[-60.98339278499998,14.017726788000061],[-60.98037198499998,14.01855598000003],[-60.98157447699998,14.019562668000049],[-60.983676807999984,14.021934940000051],[-60.98390728399994,14.021969310000031],[-60.98413922799995,14.021662611000067],[-60.98621918499998,14.020108941000046],[-60.98653202999998,14.018946945000039],[-60.986953325999934,14.017304078000052],[-60.986793347999935,14.01699807700004],[-60.98618569499996,14.016315338000027],[-60.98429917799996,14.015376078000031],[-60.982763589999934,14.01652929100004]]]}},{"type":"Feature","id":"gb:8701671B14881348545468","properties":{"id":"gb:8701671B14881348545468","name":"New Village","parentId":"gb:63095687B33875357323526","level":"ADM2","countryCode":"LC"},"geometry":{"type":"Polygon","coordinates":[[[-60.98229281299996,14.011601322000047],[-60.98640407999994,14.011200964000068],[-60.98656432699994,14.010831302000042],[-60.98471784099996,14.01045629500004],[-60.98229281299996,14.011601322000047]]]}},{"type":"Feature","id":"gb:8701671B41529666733093","properties":{"id":"gb:8701671B41529666733093","name":"Pearts Gap","parentId":"gb:63095687B33875357323526","level":"ADM2","countryCode":"LC"},"geometry":{"type":"Polygon","coordinates":[[[-60.98471784099996,14.01045629500004],[-60.98656432699994,14.010831302000042],[-60.98682677199997,14.010159695000027],[-60.98513132599999,14.010173488000078],[-60.98471784099996,14.01045629500004]]]}},{"type":"Feature","id":"gb:8701671B87901537971964","properties":{"id":"gb:8701671B87901537971964","name":"Wilton'S Yard/Grave Yard","parentId":"gb:63095687B33875357323526","level":"ADM2","countryCode":"LC"},"geometry":{"type":"Polygon","coordinates":[[[-60.98513132599999,14.010173488000078],[-60.98682677199997,14.010159695000027],[-60.98717811299997,14.009357525000041],[-60.98639900399996,14.009216447000028],[-60.986266701999966,14.00925912300005],[-60.985987884999986,14.009601897000039],[-60.98513132599999,14.010173488000078]]]}},{"type":"Feature","id":"gb:8701671B53611878651636","properties":{"id":"gb:8701671B53611878651636","name":"Leslie Land","parentId":"gb:63095687B33875357323526","level":"ADM2","countryCode":"LC"},"geometry":{"type":"Polygon","coordinates":[[[-60.98786363199997,14.007707910000022],[-60.98732958099998,14.00667363100007],[-60.98530644099998,14.006500668000058],[-60.985845291999965,14.006885459000046],[-60.985377065999955,14.007406417000027],[-60.98639900399996,14.009216447000028],[-60.98717811299997,14.009357525000041],[-60.98786363199997,14.007707910000022]]]}},{"type":"Feature","id":"gb:8701671B64973472521789","properties":{"id":"gb:8701671B64973472521789","name":"Rose Hill","parentId":"gb:63095687B33875357323526","level":"ADM2","countryCode":"LC"},"geometry":{"type":"Polygon","coordinates":[[[-60.98639900399996,14.009216447000028],[-60.985377065999955,14.007406417000027],[-60.984272991999944,14.007964618000074],[-60.986266701999966,14.00925912300005],[-60.98639900399996,14.009216447000028]]]}},{"type":"Feature","id":"gb:8701671B97832675692274","properties":{"id":"gb:8701671B97832675692274","name":"Bois Patat","parentId":"gb:63095687B33875357323526","level":"ADM2","countryCode":"LC"},"geometry":{"type":"Polygon","coordinates":[[[-60.985987884999986,14.009601897000039],[-60.986266701999966,14.00925912300005],[-60.984272991999944,14.007964618000074],[-60.982867633999945,14.008832126000073],[-60.981130786999984,14.007780551000053],[-60.980419289999986,14.007248611000023],[-60.979318165999985,14.007752347000064],[-60.97863151499996,14.009755733000077],[-60.985987884999986,14.009601897000039]]]}},{"type":"Feature","id":"gb:8701671B98117918076450","properties":{"id":"gb:8701671B98117918076450","name":"Lastic Hill","parentId":"gb:63095687B33875357323526","level":"ADM2","countryCode":"LC"},"geometry":{"type":"Polygon","coordinates":[[[-60.985845291999965,14.006885459000046],[-60.98362723699995,14.006570659000033],[-60.981130786999984,14.007780551000053],[-60.982867633999945,14.008832126000073],[-60.984272991999944,14.007964618000074],[-60.985377065999955,14.007406417000027],[-60.985845291999965,14.006885459000046]]]}},{"type":"Feature","id":"gb:8701671B23690641916416","properties":{"id":"gb:8701671B23690641916416","name":"Patterson'S Gap","parentId":"gb:63095687B33875357323526","level":"ADM2","countryCode":"LC"},"geometry":{"type":"Polygon","coordinates":[[[-60.98530644099998,14.006500668000058],[-60.98441026299997,14.006142088000047],[-60.98362723699995,14.006570659000033],[-60.985845291999965,14.006885459000046],[-60.98530644099998,14.006500668000058]]]}},{"type":"Feature","id":"gb:8701671B16711141632325","properties":{"id":"gb:8701671B16711141632325","name":"Hospital Road","parentId":"gb:63095687B33875357323526","level":"ADM2","countryCode":"LC"},"geometry":{"type":"Polygon","coordinates":[[[-60.99764676399997,14.009849183000028],[-61.00024883399993,14.010504576000073],[-61.00053381899994,14.009336164000047],[-60.998685113999954,14.007776080000042],[-60.99781822699998,14.007584596000072],[-60.99721102899997,14.00861375900007],[-60.99764676399997,14.009849183000028]]]}},{"type":"Feature","id":"gb:8701671B10070089345452","properties":{"id":"gb:8701671B10070089345452","name":"Banannes Bay","parentId":null,"level":"ADM2","countryCode":"LC"},"geometry":{"type":"Polygon","coordinates":[[[-60.99764676399997,14.009849183000028],[-60.99726154199993,14.010234364000041],[-61.00245627199996,14.01256763200007],[-61.002625928999976,14.012628218000032],[-61.003586095999935,14.010954143000049],[-61.00053381899994,14.009336164000047],[-61.00024883399993,14.010504576000073],[-60.99764676399997,14.009849183000028]]]}},{"type":"Feature","id":"gb:8701671B53172954238098","properties":{"id":"gb:8701671B53172954238098","name":"Tapion","parentId":"gb:63095687B33875357323526","level":"ADM2","countryCode":"LC"},"geometry":{"type":"Polygon","coordinates":[[[-61.00245627199996,14.01256763200007],[-61.00243606599997,14.014505273000054],[-61.00453557999998,14.015776651000067],[-61.00581139199994,14.014558949000048],[-61.00660111099995,14.016362818000061],[-61.007583530999966,14.014080213000057],[-61.00651437099998,14.012582933000033],[-61.00470466799993,14.01253741000005],[-61.00419623399995,14.013946360000034],[-61.002625928999976,14.012628218000032],[-61.00245627199996,14.01256763200007]]]}},{"type":"Feature","id":"gb:8701671B84964760406378","properties":{"id":"gb:8701671B84964760406378","name":"Cedars","parentId":"gb:63095687B33875357323526","level":"ADM2","countryCode":"LC"},"geometry":{"type":"Polygon","coordinates":[[[-60.981130786999984,14.007780551000053],[-60.98362723699995,14.006570659000033],[-60.98441026299997,14.006142088000047],[-60.98173693699994,14.004742854000028],[-60.980419289999986,14.007248611000023],[-60.981130786999984,14.007780551000053]]]}},{"type":"Feature","id":"gb:8701671B75024298551322","properties":{"id":"gb:8701671B75024298551322","name":"Ravine Chabot","parentId":"gb:63095687B33875357323526","level":"ADM2","countryCode":"LC"},"geometry":{"type":"Polygon","coordinates":[[[-60.97416189899997,13.998678966000057],[-60.97449390199995,14.003393563000031],[-60.97568277199997,14.00399473300007],[-60.97937056699993,14.003268822000052],[-60.97746151699994,14.00227213200003],[-60.977752804999966,14.00111157200007],[-60.97539106399995,13.996361654000054],[-60.97416189899997,13.998678966000057]]]}},{"type":"Feature","id":"gb:8701671B64940786723478","properties":{"id":"gb:8701671B64940786723478","name":"Independence City","parentId":"gb:63095687B33875357323526","level":"ADM2","countryCode":"LC"},"geometry":{"type":"Polygon","coordinates":[[[-60.97937056699993,14.003268822000052],[-60.97969452799998,14.003371574000028],[-60.97944662599997,14.00133816300007],[-60.977752804999966,14.00111157200007],[-60.97746151699994,14.00227213200003],[-60.97937056699993,14.003268822000052]]]}},{"type":"Feature","id":"gb:8701671B71920498975173","properties":{"id":"gb:8701671B71920498975173","name":"Sunbilt","parentId":"gb:63095687B33875357323526","level":"ADM2","countryCode":"LC"},"geometry":{"type":"Polygon","coordinates":[[[-60.979318165999985,14.007752347000064],[-60.980419289999986,14.007248611000023],[-60.98173693699994,14.004742854000028],[-60.97935839799993,14.003806031000067],[-60.976036429999965,14.00584943900003],[-60.979318165999985,14.007752347000064]]]}},{"type":"Feature","id":"gb:8701671B30362315223491","properties":{"id":"gb:8701671B30362315223491","name":"Entrepot","parentId":"gb:63095687B33875357323526","level":"ADM2","countryCode":"LC"},"geometry":{"type":"Polygon","coordinates":[[[-60.97539106399995,13.996361654000054],[-60.977752804999966,14.00111157200007],[-60.97944662599997,14.00133816300007],[-60.97969452799998,14.003371574000028],[-60.98305026099996,14.003684743000065],[-60.983061317999955,14.002230835000034],[-60.97825450999994,13.995580817000075],[-60.97539106399995,13.996361654000054]]]}},{"type":"Feature","id":"gb:8701671B11332589204327","properties":{"id":"gb:8701671B11332589204327","name":"Morne Rouge/Marc","parentId":"gb:63095687B33875357323526","level":"ADM2","countryCode":"LC"},"geometry":{"type":"Polygon","coordinates":[[[-60.96871724799996,13.95701544800005],[-60.96872323499997,13.960269287000074],[-60.971000179999976,13.958899125000073],[-60.97055126899994,13.957015444000035],[-60.96871724799996,13.95701544800005]]]}},{"type":"Feature","id":"gb:8701671B82490011784618","properties":{"id":"gb:8701671B82490011784618","name":"Cabiche/Babonneau","parentId":"gb:63095687B33875357323526","level":"ADM2","countryCode":"LC"},"geometry":{"type":"Polygon","coordinates":[[[-60.95496306199993,14.001736805000064],[-60.95134754299994,14.003135155000052],[-60.94772434199996,14.00383499000003],[-60.949770945999944,14.005205498000066],[-60.94800470599995,14.005509012000061],[-60.94831673099998,14.007797191000066],[-60.95003745799994,14.007165978000046],[-60.959091591999936,14.010227741000051],[-60.96038117899997,14.007534648000046],[-60.95496306199993,14.001736805000064]]]}},{"type":"Feature","id":"gb:8701671B12100696846936","properties":{"id":"gb:8701671B12100696846936","name":"Balata","parentId":"gb:63095687B77911403325027","level":"ADM2","countryCode":"LC"},"geometry":{"type":"Polygon","coordinates":[[[-60.953862485999935,14.019664316000046],[-60.95765355399993,14.019419306000032],[-60.95981094999996,14.020883426000069],[-60.96024433599996,14.017691623000076],[-60.958951841999976,14.016927444000032],[-60.96107732899998,14.01535307100005],[-60.95959120799995,14.015048168000021],[-60.96029707799994,14.013221667000039],[-60.958728863999966,14.012358837000022],[-60.95984379599997,14.011050536000027],[-60.959091591999936,14.010227741000051],[-60.95003745799994,14.007165978000046],[-60.94831673099998,14.007797191000066],[-60.94414052999997,14.010505735000038],[-60.944835963999935,14.012308153000049],[-60.943357091999985,14.014176104000057],[-60.945648689999985,14.01605270300007],[-60.943352921999974,14.022964093000041],[-60.94528345799995,14.02362873900006],[-60.948187050999934,14.023550731000057],[-60.94837138599996,14.020870256000023],[-60.953862485999935,14.019664316000046]]]}},{"type":"Feature","id":"gb:8701671B18648215649765","properties":{"id":"gb:8701671B18648215649765","name":"Almondale","parentId":"gb:63095687B33875357323526","level":"ADM2","countryCode":"LC"},"geometry":{"type":"Polygon","coordinates":[[[-60.96226519199996,14.021481846000029],[-60.964503701999945,14.01830127900007],[-60.96107732899998,14.01535307100005],[-60.958951841999976,14.016927444000032],[-60.96024433599996,14.017691623000076],[-60.95981094999996,14.020883426000069],[-60.96226519199996,14.021481846000029]]]}},{"type":"Feature","id":"gb:8701671B55457269732014","properties":{"id":"gb:8701671B55457269732014","name":"Bagatelle","parentId":"gb:63095687B33875357323526","level":"ADM2","countryCode":"LC"},"geometry":{"type":"Polygon","coordinates":[[[-60.97825450999994,13.995580817000075],[-60.983061317999955,14.002230835000034],[-60.98361847599995,14.00235798400007],[-60.98492900799994,13.998238976000039],[-60.97803523799996,13.993945804000077],[-60.97750675999998,13.994484795000062],[-60.97825450999994,13.995580817000075]]]}},{"type":"Feature","id":"gb:8701671B54761121422893","properties":{"id":"gb:8701671B54761121422893","name":"Quatre Chemins","parentId":"gb:63095687B33875357323526","level":"ADM2","countryCode":"LC"},"geometry":{"type":"Polygon","coordinates":[[[-60.97750675999998,13.994484795000062],[-60.97803523799996,13.993945804000077],[-60.97909348999997,13.991604494000057],[-60.97598237999995,13.990171653000061],[-60.97643266899996,13.987359157000071],[-60.97453303899994,13.989038333000053],[-60.97400805299998,13.993559602000062],[-60.97750675999998,13.994484795000062]]]}},{"type":"Feature","id":"gb:8701671B52595214845054","properties":{"id":"gb:8701671B52595214845054","name":"Derierre Fort/Old Victoria Road","parentId":"gb:63095687B33875357323526","level":"ADM2","countryCode":"LC"},"geometry":{"type":"Polygon","coordinates":[[[-60.97909348999997,13.991604494000057],[-60.97803523799996,13.993945804000077],[-60.98492900799994,13.998238976000039],[-60.98617673199993,13.998122204000026],[-60.98823300899994,13.997929765000038],[-60.99067544199994,13.99770118500004],[-60.99176275199994,13.995289512000056],[-60.99135940599996,13.993834185000026],[-60.98737682899997,13.992627155000037],[-60.98179875999995,13.992497927000045],[-60.980005364999954,13.990462428000058],[-60.97909348999997,13.991604494000057]]]}},{"type":"Feature","id":"gb:8701671B59019630539263","properties":{"id":"gb:8701671B59019630539263","name":"Capital Hill","parentId":"gb:63095687B33875357323526","level":"ADM2","countryCode":"LC"},"geometry":{"type":"Polygon","coordinates":[[[-60.98737682899997,13.992627155000037],[-60.99135940599996,13.993834185000026],[-60.99176275199994,13.995289512000056],[-60.99363467499995,13.99475394500007],[-60.99063615299997,13.991165160000037],[-60.98737682899997,13.992627155000037]]]}},{"type":"Feature","id":"gb:8701671B20822148324962","properties":{"id":"gb:8701671B20822148324962","name":"La Toc","parentId":"gb:63095687B33875357323526","level":"ADM2","countryCode":"LC"},"geometry":{"type":"Polygon","coordinates":[[[-61.00053381899994,14.009336164000047],[-61.003586095999935,14.010954143000049],[-61.002625928999976,14.012628218000032],[-61.00419623399995,14.013946360000034],[-61.00470466799993,14.01253741000005],[-61.00651437099998,14.012582933000033],[-61.00920336899998,14.008803167000053],[-61.01295056899994,14.009913931000028],[-61.012972067999954,14.008907221000072],[-61.00829800399998,14.00641467500003],[-61.00403002499996,14.007336251000027],[-61.00069263299997,14.00353799100003],[-60.99809622599997,14.004537001000074],[-60.99680975199993,14.003526004000037],[-60.998685113999954,14.007776080000042],[-61.00053381899994,14.009336164000047]]]}},{"type":"Feature","id":"gb:8701671B64130059422641","properties":{"id":"gb:8701671B64130059422641","name":"Bishop'S Gap/Ghirawoo Road","parentId":"gb:63095687B33875357323526","level":"ADM2","countryCode":"LC"},"geometry":{"type":"Polygon","coordinates":[[[-60.98361847599995,14.00235798400007],[-60.984844849999945,14.002904826000076],[-60.98617673199993,13.998122204000026],[-60.98492900799994,13.998238976000039],[-60.98361847599995,14.00235798400007]]]}},{"type":"Feature","id":"gb:8701671B68700558971197","properties":{"id":"gb:8701671B68700558971197","name":"Aurendel Hill","parentId":"gb:63095687B33875357323526","level":"ADM2","countryCode":"LC"},"geometry":{"type":"Polygon","coordinates":[[[-60.98617673199993,13.998122204000026],[-60.984844849999945,14.002904826000076],[-60.98671848199996,14.003735858000027],[-60.98823300899994,13.997929765000038],[-60.98617673199993,13.998122204000026]]]}},{"type":"Feature","id":"gb:8701671B10607749601803","properties":{"id":"gb:8701671B10607749601803","name":"George Charles Boulevard","parentId":"gb:63095687B33875357323526","level":"ADM2","countryCode":"LC"},"geometry":{"type":"Polygon","coordinates":[[[-60.98578135799994,14.005639116000054],[-60.98711020099995,14.005917798000041],[-60.98628593999996,14.004170269000042],[-60.98578135799994,14.005639116000054]]]}},{"type":"Feature","id":"gb:8701671B76853731017795","properties":{"id":"gb:8701671B76853731017795","name":"Marchand","parentId":"gb:63095687B33875357323526","level":"ADM2","countryCode":"LC"},"geometry":{"type":"Polygon","coordinates":[[[-60.98842883499998,14.006336976000057],[-60.98794432899996,14.005648448000045],[-60.987440626999955,14.004397648000065],[-60.98710769799993,14.004190362000031],[-60.98671848199996,14.003735858000027],[-60.984844849999945,14.002904826000076],[-60.98361847599995,14.00235798400007],[-60.983061317999955,14.002230835000034],[-60.98305026099996,14.003684743000065],[-60.98578135799994,14.005639116000054],[-60.98628593999996,14.004170269000042],[-60.98711020099995,14.005917798000041],[-60.98828947399994,14.006652812000027],[-60.98842883499998,14.006336976000057]]]}},{"type":"Feature","id":"gb:8701671B77761135281215","properties":{"id":"gb:8701671B77761135281215","name":"Ravine Touterelle","parentId":"gb:63095687B33875357323526","level":"ADM2","countryCode":"LC"},"geometry":{"type":"Polygon","coordinates":[[[-60.987440626999955,14.004397648000065],[-60.98822089599997,14.003871845000049],[-60.98870832699998,14.002668196000059],[-60.98710769799993,14.004190362000031],[-60.987440626999955,14.004397648000065]]]}},{"type":"Feature","id":"gb:8701671B81790835951847","properties":{"id":"gb:8701671B81790835951847","name":"Black Mallet","parentId":"gb:63095687B33875357323526","level":"ADM2","countryCode":"LC"},"geometry":{"type":"Polygon","coordinates":[[[-60.98794432899996,14.005648448000045],[-60.98817733699997,14.005616470000064],[-60.98822089599997,14.003871845000049],[-60.987440626999955,14.004397648000065],[-60.98794432899996,14.005648448000045]]]}},{"type":"Feature","id":"gb:8701671B79423766550609","properties":{"id":"gb:8701671B79423766550609","name":"Trou Rouge","parentId":"gb:63095687B33875357323526","level":"ADM2","countryCode":"LC"},"geometry":{"type":"Polygon","coordinates":[[[-60.990468214999964,14.00605672100005],[-60.990205455999956,14.005314560000045],[-60.98817733699997,14.005616470000064],[-60.98794432899996,14.005648448000045],[-60.98842883499998,14.006336976000057],[-60.98968991299995,14.007326895000062],[-60.990468214999964,14.00605672100005]]]}},{"type":"Feature","id":"gb:8701671B10526359848248","properties":{"id":"gb:8701671B10526359848248","name":"Faux A Chaud","parentId":"gb:63095687B33875357323526","level":"ADM2","countryCode":"LC"},"geometry":{"type":"Polygon","coordinates":[[[-60.99410548599997,14.009301535000077],[-60.99726154199993,14.010234364000041],[-60.99764676399997,14.009849183000028],[-60.99721102899997,14.00861375900007],[-60.994507855999984,14.007556238000063],[-60.992977304999954,14.007626746000028],[-60.99410548599997,14.009301535000077]]]}},{"type":"Feature","id":"gb:8701671B73008172575008","properties":{"id":"gb:8701671B73008172575008","name":"Bella Rosa","parentId":"gb:63095687B33875357323526","level":"ADM2","countryCode":"LC"},"geometry":{"type":"Polygon","coordinates":[[[-60.99781822699998,14.007584596000072],[-60.994507855999984,14.007556238000063],[-60.99721102899997,14.00861375900007],[-60.99781822699998,14.007584596000072]]]}},{"type":"Feature","id":"gb:8701671B79808617109773","properties":{"id":"gb:8701671B79808617109773","name":"Coubaril","parentId":"gb:63095687B33875357323526","level":"ADM2","countryCode":"LC"},"geometry":{"type":"Polygon","coordinates":[[[-61.012972067999954,14.008907221000072],[-61.01574462899998,14.003768241000046],[-61.01418694899996,13.99586761300003],[-61.01016760099998,13.995877932000042],[-61.00954705699996,13.99781551500007],[-61.00636019499996,13.999408777000042],[-61.00321758399997,13.998567901000058],[-61.00157580699994,14.001184752000029],[-61.00069263299997,14.00353799100003],[-61.00403002499996,14.007336251000027],[-61.00829800399998,14.00641467500003],[-61.012972067999954,14.008907221000072]]]}},{"type":"Feature","id":"gb:8701671B38837551888140","properties":{"id":"gb:8701671B38837551888140","name":"Monkey Town/Ciceron","parentId":"gb:63095687B33875357323526","level":"ADM2","countryCode":"LC"},"geometry":{"type":"Polygon","coordinates":[[[-61.003046224999935,13.992040374000055],[-61.003094887999964,13.992493859000035],[-61.01038180599994,13.989378053000053],[-61.00700200299997,13.985479571000042],[-61.00387185599993,13.985957714000051],[-61.003046224999935,13.992040374000055]]]}},{"type":"Feature","id":"gb:8701671B71229429215357","properties":{"id":"gb:8701671B71229429215357","name":"Goodlands","parentId":"gb:63095687B33875357323526","level":"ADM2","countryCode":"LC"},"geometry":{"type":"Polygon","coordinates":[[[-60.99660302099994,13.984668829000043],[-60.99348848899996,13.990351346000068],[-60.997360465999975,13.99354954100005],[-60.99724734799997,13.99558537400003],[-60.999182864999966,13.996955164000042],[-61.000980195999944,13.996188628000027],[-61.00376400499994,13.994228564000025],[-61.003094887999964,13.992493859000035],[-61.003046224999935,13.992040374000055],[-60.99883193599999,13.989484821000076],[-60.998411689999955,13.985280928000066],[-60.99660302099994,13.984668829000043]]]}},{"type":"Feature","id":"gb:8701671B3640054805688","properties":{"id":"gb:8701671B3640054805688","name":"Rock Hall","parentId":"gb:63095687B33875357323526","level":"ADM2","countryCode":"LC"},"geometry":{"type":"Polygon","coordinates":[[[-60.98823300899994,13.997929765000038],[-60.98671848199996,14.003735858000027],[-60.98710769799993,14.004190362000031],[-60.98870832699998,14.002668196000059],[-60.99007617899997,14.000954087000025],[-60.992392593999966,13.99946540700006],[-60.99067544199994,13.99770118500004],[-60.98823300899994,13.997929765000038]]]}},{"type":"Feature","id":"gb:8701671B28120595422367","properties":{"id":"gb:8701671B28120595422367","name":"Morne Road","parentId":"gb:63095687B33875357323526","level":"ADM2","countryCode":"LC"},"geometry":{"type":"Polygon","coordinates":[[[-60.992977304999954,14.007626746000028],[-60.994507855999984,14.007556238000063],[-60.99781822699998,14.007584596000072],[-60.998685113999954,14.007776080000042],[-60.99680975199993,14.003526004000037],[-60.99613407099997,14.003525915000068],[-60.995194900999934,14.004519811000023],[-60.99613695599999,14.006371246000072],[-60.99272372799999,14.005246869000075],[-60.99233644999998,14.006991044000074],[-60.992977304999954,14.007626746000028]]]}},{"type":"Feature","id":"gb:8701671B84211341759878","properties":{"id":"gb:8701671B84211341759878","name":"The Morne","parentId":"gb:63095687B33875357323526","level":"ADM2","countryCode":"LC"},"geometry":{"type":"Polygon","coordinates":[[[-60.99063615299997,13.991165160000037],[-60.99363467499995,13.99475394500007],[-60.99176275199994,13.995289512000056],[-60.99067544199994,13.99770118500004],[-60.992392593999966,13.99946540700006],[-60.993809717999966,14.001866138000025],[-60.99613407099997,14.003525915000068],[-60.99680975199993,14.003526004000037],[-60.99809622599997,14.004537001000074],[-61.00069263299997,14.00353799100003],[-61.00157580699994,14.001184752000029],[-61.000980195999944,13.996188628000027],[-60.999182864999966,13.996955164000042],[-60.99724734799997,13.99558537400003],[-60.997360465999975,13.99354954100005],[-60.99348848899996,13.990351346000068],[-60.99063615299997,13.991165160000037]]]}},{"type":"Feature","id":"gb:8701671B73326281141145","properties":{"id":"gb:8701671B73326281141145","name":"Bois Catchet","parentId":"gb:63095687B33875357323526","level":"ADM2","countryCode":"LC"},"geometry":{"type":"Polygon","coordinates":[[[-60.99613407099997,14.003525915000068],[-60.993809717999966,14.001866138000025],[-60.99272372799999,14.005246869000075],[-60.99613695599999,14.006371246000072],[-60.995194900999934,14.004519811000023],[-60.99613407099997,14.003525915000068]]]}},{"type":"Feature","id":"gb:8701671B25758314350266","properties":{"id":"gb:8701671B25758314350266","name":"Pavee","parentId":"gb:63095687B33875357323526","level":"ADM2","countryCode":"LC"},"geometry":{"type":"Polygon","coordinates":[[[-60.99233644999998,14.006991044000074],[-60.99272372799999,14.005246869000075],[-60.993809717999966,14.001866138000025],[-60.992392593999966,13.99946540700006],[-60.99007617899997,14.000954087000025],[-60.99127531299996,14.00314069500007],[-60.99020484399995,14.005126525000037],[-60.990205455999956,14.005314560000045],[-60.990468214999964,14.00605672100005],[-60.99233644999998,14.006991044000074]]]}},{"type":"Feature","id":"gb:8701671B66024605882248","properties":{"id":"gb:8701671B66024605882248","name":"Parker'S Hill","parentId":"gb:63095687B33875357323526","level":"ADM2","countryCode":"LC"},"geometry":{"type":"Polygon","coordinates":[[[-60.99127531299996,14.00314069500007],[-60.989623869999946,14.003264771000033],[-60.99020484399995,14.005126525000037],[-60.99127531299996,14.00314069500007]]]}},{"type":"Feature","id":"gb:8701671B31339536458012","properties":{"id":"gb:8701671B31339536458012","name":"Maynard Hill","parentId":"gb:63095687B33875357323526","level":"ADM2","countryCode":"LC"},"geometry":{"type":"Polygon","coordinates":[[[-60.98822089599997,14.003871845000049],[-60.98817733699997,14.005616470000064],[-60.990205455999956,14.005314560000045],[-60.99020484399995,14.005126525000037],[-60.989623869999946,14.003264771000033],[-60.99127531299996,14.00314069500007],[-60.99007617899997,14.000954087000025],[-60.98870832699998,14.002668196000059],[-60.98822089599997,14.003871845000049]]]}},{"type":"Feature","id":"gb:8701671B48526464274479","properties":{"id":"gb:8701671B48526464274479","name":"Waterworks","parentId":"gb:63095687B33875357323526","level":"ADM2","countryCode":"LC"},"geometry":{"type":"Polygon","coordinates":[[[-60.97438702599993,14.00610974400007],[-60.976036429999965,14.00584943900003],[-60.97935839799993,14.003806031000067],[-60.98173693699994,14.004742854000028],[-60.98441026299997,14.006142088000047],[-60.98530644099998,14.006500668000058],[-60.98732958099998,14.00667363100007],[-60.98815354799996,14.00699254400007],[-60.98828947399994,14.006652812000027],[-60.98711020099995,14.005917798000041],[-60.98578135799994,14.005639116000054],[-60.98305026099996,14.003684743000065],[-60.97969452799998,14.003371574000028],[-60.97937056699993,14.003268822000052],[-60.97568277199997,14.00399473300007],[-60.97438702599993,14.00610974400007]]]}},{"type":"Feature","id":"gb:8701671B71359677826666","properties":{"id":"gb:8701671B71359677826666","name":"Grass Street","parentId":"gb:63095687B33875357323526","level":"ADM2","countryCode":"LC"},"geometry":{"type":"Polygon","coordinates":[[[-60.98815354799996,14.00699254400007],[-60.98732958099998,14.00667363100007],[-60.98786363199997,14.007707910000022],[-60.98815354799996,14.00699254400007]]]}},{"type":"Feature","id":"gb:8701671B92087442166631","properties":{"id":"gb:8701671B92087442166631","name":"Ciceron","parentId":"gb:63095687B33875357323526","level":"ADM2","countryCode":"LC"},"geometry":{"type":"Polygon","coordinates":[[[-61.00700200299997,13.985479571000042],[-61.01038180599994,13.989378053000053],[-61.003094887999964,13.992493859000035],[-61.00376400499994,13.994228564000025],[-61.000980195999944,13.996188628000027],[-61.00157580699994,14.001184752000029],[-61.00321758399997,13.998567901000058],[-61.00636019499996,13.999408777000042],[-61.00954705699996,13.99781551500007],[-61.01016760099998,13.995877932000042],[-61.01418694899996,13.99586761300003],[-61.016513765999946,13.991640453000059],[-61.014870962999964,13.988556968000069],[-61.01110200299996,13.987374918000057],[-61.01188263299997,13.983610718000023],[-61.00700200299997,13.985479571000042]]]}},{"type":"Feature","id":"gb:8701671B40300568900689","properties":{"id":"gb:8701671B40300568900689","name":"Marc","parentId":"gb:63095687B33875357323526","level":"ADM2","countryCode":"LC"},"geometry":{"type":"Polygon","coordinates":[[[-60.94636854099997,13.946511659000066],[-60.94445317599997,13.95018624000005],[-60.94270072499995,13.958008839000058],[-60.94942107999998,13.961698041000034],[-60.96194852899998,13.957137684000031],[-60.96439253799997,13.959404821000021],[-60.96621557799995,13.959262419000027],[-60.96672862799994,13.96091565000006],[-60.96416988399994,13.965840727000057],[-60.959889429999976,13.968808196000055],[-60.96477196899997,13.97214143900004],[-60.96561541099999,13.968807476000052],[-60.97307016599996,13.961547968000048],[-60.97403752799994,13.958395189000044],[-60.97335665299994,13.957496519000074],[-60.97341814099997,13.958766943000057],[-60.971000179999976,13.958899125000073],[-60.96872323499997,13.960269287000074],[-60.96871724799996,13.95701544800005],[-60.967822602999945,13.95057990500004],[-60.961209061999966,13.952067378000038],[-60.95998451699995,13.95465106000006],[-60.952177148999965,13.951598514000068],[-60.94775480399994,13.944228794000026],[-60.94636854099997,13.946511659000066]]]}},{"type":"Feature","id":"gb:8701671B11660104738059","properties":{"id":"gb:8701671B11660104738059","name":"Trou Cochon/Marc","parentId":"gb:63095687B33875357323526","level":"ADM2","countryCode":"LC"},"geometry":{"type":"Polygon","coordinates":[[[-60.953232457999945,13.936381396000058],[-60.957801340999936,13.940154803000041],[-60.956264648999934,13.94809510500005],[-60.957864908999966,13.951083439000058],[-60.961209061999966,13.952067378000038],[-60.967822602999945,13.95057990500004],[-60.96879553699995,13.943971334000025],[-60.96741556799998,13.93691248500005],[-60.95970125499997,13.931586051000068],[-60.953232457999945,13.936381396000058]]]}},{"type":"Feature","id":"gb:8701671B51264810574376","properties":{"id":"gb:8701671B51264810574376","name":"Trou Florent/Marc","parentId":"gb:63095687B33875357323526","level":"ADM2","countryCode":"LC"},"geometry":{"type":"Polygon","coordinates":[[[-60.94775480399994,13.944228794000026],[-60.952177148999965,13.951598514000068],[-60.95998451699995,13.95465106000006],[-60.961209061999966,13.952067378000038],[-60.957864908999966,13.951083439000058],[-60.956264648999934,13.94809510500005],[-60.957801340999936,13.940154803000041],[-60.953232457999945,13.936381396000058],[-60.95069520699997,13.937927014000024],[-60.94775480399994,13.944228794000026]]]}},{"type":"Feature","id":"gb:8701671B13319398950854","properties":{"id":"gb:8701671B13319398950854","name":"Union Vale","parentId":"gb:63095687B32971577162412","level":"ADM2","countryCode":"LC"},"geometry":{"type":"Polygon","coordinates":[[[-61.05396229199994,13.81082529500003],[-61.05305552999994,13.812943242000074],[-61.054214882999986,13.815075605000061],[-61.057069196999976,13.814989197000045],[-61.060391864999986,13.81276348800003],[-61.06033258799994,13.810337298000036],[-61.05919915199996,13.808310466000023],[-61.05941838899997,13.80701435800006],[-61.05642906899993,13.807716159000051],[-61.054117545999986,13.80939337500007],[-61.05396229199994,13.81082529500003]]]}},{"type":"Feature","id":"gb:8701671B19367701502123","properties":{"id":"gb:8701671B19367701502123","name":"Cenac","parentId":"gb:63095687B32971577162412","level":"ADM2","countryCode":"LC"},"geometry":{"type":"Polygon","coordinates":[[[-61.04361653899997,13.874922990000073],[-61.04576667799995,13.870457244000022],[-61.043766749999975,13.869934409000052],[-61.04045531099996,13.870686928000055],[-61.03940509399996,13.873160518000077],[-61.04361653899997,13.874922990000073]]]}},{"type":"Feature","id":"gb:8701671B46937841277831","properties":{"id":"gb:8701671B46937841277831","name":"Morne Tabac","parentId":"gb:63095687B32971577162412","level":"ADM2","countryCode":"LC"},"geometry":{"type":"Polygon","coordinates":[[[-61.024459787999945,13.878541348000056],[-61.034720326999945,13.878170947000058],[-61.03591727699995,13.874337282000056],[-61.03940509399996,13.873160518000077],[-61.04045531099996,13.870686928000055],[-61.043766749999975,13.869934409000052],[-61.04080593699996,13.867901320000044],[-61.03435720199997,13.868918129000065],[-61.02397360699996,13.870752780000032],[-61.02541707199998,13.872748442000045],[-61.022805466999955,13.878673928000069],[-61.024459787999945,13.878541348000056]]]}},{"type":"Feature","id":"gb:8701671B5497256844946","properties":{"id":"gb:8701671B5497256844946","name":"Colombette","parentId":"gb:63095687B32971577162412","level":"ADM2","countryCode":"LC"},"geometry":{"type":"Polygon","coordinates":[[[-61.04576667799995,13.870457244000022],[-61.05536540299994,13.871065913000052],[-61.05949883699998,13.869000909000022],[-61.05050186999995,13.866710327000021],[-61.04721456999994,13.865713025000048],[-61.040828216999955,13.867893652000078],[-61.04080593699996,13.867901320000044],[-61.043766749999975,13.869934409000052],[-61.04576667799995,13.870457244000022]]]}},{"type":"Feature","id":"gb:8701671B16128625192304","properties":{"id":"gb:8701671B16128625192304","name":"Mal Maison","parentId":"gb:63095687B32971577162412","level":"ADM2","countryCode":"LC"},"geometry":{"type":"Polygon","coordinates":[[[-61.044668943999966,13.879149201000075],[-61.04475230799994,13.879112464000059],[-61.048367077999956,13.875549892000038],[-61.051876128999936,13.87719680300006],[-61.05137483499993,13.873723946000041],[-61.05536540299994,13.871065913000052],[-61.04576667799995,13.870457244000022],[-61.04361653899997,13.874922990000073],[-61.041799139999966,13.875649358000032],[-61.04391192099996,13.876464043000055],[-61.044668943999966,13.879149201000075]]]}},{"type":"Feature","id":"gb:8701671B43516735791505","properties":{"id":"gb:8701671B43516735791505","name":"Anse Chastanet","parentId":"gb:63095687B32971577162412","level":"ADM2","countryCode":"LC"},"geometry":{"type":"Polygon","coordinates":[[[-61.06549311099997,13.869739999000046],[-61.07858554099994,13.870668859000034],[-61.07803979999994,13.864832383000078],[-61.079877848999956,13.863558544000057],[-61.078970855999955,13.862524146000055],[-61.073407017999955,13.861928168000077],[-61.068534761999956,13.856391805000044],[-61.06342650399995,13.85831820900006],[-61.06185190799994,13.857379956000045],[-61.06129589599993,13.860298810000074],[-61.060935176999976,13.861801636000052],[-61.06401617399996,13.863421214000027],[-61.06566166099998,13.863842375000047],[-61.06397874999993,13.865990542000077],[-61.06549311099997,13.869739999000046]]]}},{"type":"Feature","id":"gb:8701671B93683641934125","properties":{"id":"gb:8701671B93683641934125","name":"Bouton","parentId":"gb:63095687B32971577162412","level":"ADM2","countryCode":"LC"},"geometry":{"type":"Polygon","coordinates":[[[-61.073766141999954,13.892091332000064],[-61.07528869699996,13.890432739000062],[-61.079251269999986,13.881929166000077],[-61.07858554099994,13.870668859000034],[-61.06549311099997,13.869739999000046],[-61.05949883699998,13.869000909000022],[-61.05536540299994,13.871065913000052],[-61.05137483499993,13.873723946000041],[-61.051876128999936,13.87719680300006],[-61.048367077999956,13.875549892000038],[-61.04475230799994,13.879112464000059],[-61.04867353099996,13.88511292100003],[-61.05318659699998,13.886469909000027],[-61.06260301499998,13.887140372000033],[-61.06566175399996,13.889996508000024],[-61.071286904999965,13.890313807000041],[-61.073766141999954,13.892091332000064]]]}},{"type":"Feature","id":"gb:8701671B74106328276296","properties":{"id":"gb:8701671B74106328276296","name":"Morne Lastic","parentId":"gb:63095687B32971577162412","level":"ADM2","countryCode":"LC"},"geometry":{"type":"Polygon","coordinates":[[[-61.05949883699998,13.869000909000022],[-61.06549311099997,13.869739999000046],[-61.06397874999993,13.865990542000077],[-61.06566166099998,13.863842375000047],[-61.06401617399996,13.863421214000027],[-61.05581483199995,13.863770792000025],[-61.05051545599997,13.865560937000055],[-61.05050186999995,13.866710327000021],[-61.05949883699998,13.869000909000022]]]}},{"type":"Feature","id":"gb:8701671B2449694797689","properties":{"id":"gb:8701671B2449694797689","name":"Fond Bernier","parentId":"gb:63095687B32971577162412","level":"ADM2","countryCode":"LC"},"geometry":{"type":"Polygon","coordinates":[[[-61.06185190799994,13.857379956000045],[-61.05995900199997,13.856218770000055],[-61.059887928999956,13.856261937000056],[-61.05698596899998,13.858790295000063],[-61.055720286999986,13.859175030000074],[-61.05703700299995,13.860299429000065],[-61.06129589599993,13.860298810000074],[-61.06185190799994,13.857379956000045]]]}},{"type":"Feature","id":"gb:8701671B5410324269547","properties":{"id":"gb:8701671B5410324269547","name":"La Haut","parentId":"gb:63095687B32971577162412","level":"ADM2","countryCode":"LC"},"geometry":{"type":"Polygon","coordinates":[[[-61.05050186999995,13.866710327000021],[-61.05051545599997,13.865560937000055],[-61.05581483199995,13.863770792000025],[-61.06401617399996,13.863421214000027],[-61.060935176999976,13.861801636000052],[-61.06129589599993,13.860298810000074],[-61.05703700299995,13.860299429000065],[-61.05259006799997,13.861119428000052],[-61.04721456999994,13.865713025000048],[-61.05050186999995,13.866710327000021]]]}},{"type":"Feature","id":"gb:8701671B57170093007223","properties":{"id":"gb:8701671B57170093007223","name":"Sapphire","parentId":"gb:63095687B32971577162412","level":"ADM2","countryCode":"LC"},"geometry":{"type":"Polygon","coordinates":[[[-61.04926710799998,13.853243044000067],[-61.05246284599997,13.853373847000057],[-61.05136645299996,13.847799339000062],[-61.04891573899994,13.846383557000024],[-61.04859527199994,13.84734792200004],[-61.04792038399995,13.845920934000048],[-61.03930293399998,13.850024546000043],[-61.044527382999945,13.850607280000077],[-61.04926710799998,13.853243044000067]]]}},{"type":"Feature","id":"gb:8701671B5455309404848","properties":{"id":"gb:8701671B5455309404848","name":"Plat Pays","parentId":"gb:63095687B32971577162412","level":"ADM2","countryCode":"LC"},"geometry":{"type":"Polygon","coordinates":[[[-61.05150088999994,13.844213465000053],[-61.053019554999935,13.845393939000076],[-61.059305936999976,13.83807474200006],[-61.05842808699998,13.837272228000074],[-61.05771730099997,13.836622438000063],[-61.05597545499995,13.837679082000022],[-61.05150088999994,13.844213465000053]]]}},{"type":"Feature","id":"gb:8701671B68903094038939","properties":{"id":"gb:8701671B68903094038939","name":"Palmiste","parentId":"gb:63095687B32971577162412","level":"ADM2","countryCode":"LC"},"geometry":{"type":"Polygon","coordinates":[[[-61.059887928999956,13.856261937000056],[-61.05879843599996,13.857200767000052],[-61.05763399399996,13.856400939000025],[-61.05488775499998,13.856386279000048],[-61.055345632999945,13.858749806000048],[-61.05157895199994,13.86061270700003],[-61.05259006799997,13.861119428000052],[-61.05703700299995,13.860299429000065],[-61.055720286999986,13.859175030000074],[-61.05698596899998,13.858790295000063],[-61.059887928999956,13.856261937000056]]]}},{"type":"Feature","id":"gb:8701671B57419145053481","properties":{"id":"gb:8701671B57419145053481","name":"Town","parentId":"gb:63095687B32971577162412","level":"ADM2","countryCode":"LC"},"geometry":{"type":"Polygon","coordinates":[[[-61.05995900199997,13.856218770000055],[-61.059425715999964,13.852497596000035],[-61.058224225999936,13.85271199400006],[-61.057614453999975,13.852559748000033],[-61.05668412399996,13.85243287700007],[-61.057673819999934,13.854323300000033],[-61.05480565499994,13.855229315000031],[-61.05257228499994,13.855485311000052],[-61.05488775499998,13.856386279000048],[-61.05763399399996,13.856400939000025],[-61.05879843599996,13.857200767000052],[-61.059887928999956,13.856261937000056],[-61.05995900199997,13.856218770000055]]]}},{"type":"Feature","id":"gb:8701671B90589302469982","properties":{"id":"gb:8701671B90589302469982","name":"New Development","parentId":"gb:63095687B32971577162412","level":"ADM2","countryCode":"LC"},"geometry":{"type":"Polygon","coordinates":[[[-61.04721456999994,13.865713025000048],[-61.05259006799997,13.861119428000052],[-61.05157895199994,13.86061270700003],[-61.055345632999945,13.858749806000048],[-61.05488775499998,13.856386279000048],[-61.05257228499994,13.855485311000052],[-61.05096749899997,13.856237039000064],[-61.05084509599993,13.856399185000043],[-61.04961829399997,13.860239315000058],[-61.04850708899994,13.86079923400007],[-61.04813085599994,13.860799235000059],[-61.045924971999966,13.859910826000032],[-61.04413195799998,13.859745236000037],[-61.040828216999955,13.867893652000078],[-61.04721456999994,13.865713025000048]]]}},{"type":"Feature","id":"gb:8701671B23391099181160","properties":{"id":"gb:8701671B23391099181160","name":"Baron'S Drive/Coin De L'Anse","parentId":"gb:63095687B32971577162412","level":"ADM2","countryCode":"LC"},"geometry":{"type":"Polygon","coordinates":[[[-61.059425715999964,13.852497596000035],[-61.060697291999986,13.850589451000076],[-61.060484816999974,13.850262646000033],[-61.058224225999936,13.85271199400006],[-61.059425715999964,13.852497596000035]]]}},{"type":"Feature","id":"gb:8701671B81462153055318","properties":{"id":"gb:8701671B81462153055318","name":"Lenny Hill","parentId":"gb:63095687B32971577162412","level":"ADM2","countryCode":"LC"},"geometry":{"type":"Polygon","coordinates":[[[-61.058224225999936,13.85271199400006],[-61.060484816999974,13.850262646000033],[-61.059046912999975,13.849030907000042],[-61.05833543399996,13.850637434000078],[-61.057614453999975,13.852559748000033],[-61.058224225999936,13.85271199400006]]]}},{"type":"Feature","id":"gb:8701671B5799269287632","properties":{"id":"gb:8701671B5799269287632","name":"Calvary/Calvaire","parentId":"gb:63095687B32971577162412","level":"ADM2","countryCode":"LC"},"geometry":{"type":"Polygon","coordinates":[[[-61.057614453999975,13.852559748000033],[-61.05833543399996,13.850637434000078],[-61.05333904099996,13.848662197000067],[-61.05668412399996,13.85243287700007],[-61.057614453999975,13.852559748000033]]]}},{"type":"Feature","id":"gb:8701671B12581562971222","properties":{"id":"gb:8701671B12581562971222","name":"Soufriere Estate","parentId":"gb:63095687B32971577162412","level":"ADM2","countryCode":"LC"},"geometry":{"type":"Polygon","coordinates":[[[-61.05246284599997,13.853373847000057],[-61.05480565499994,13.855229315000031],[-61.057673819999934,13.854323300000033],[-61.05668412399996,13.85243287700007],[-61.05333904099996,13.848662197000067],[-61.05136645299996,13.847799339000062],[-61.05246284599997,13.853373847000057]]]}},{"type":"Feature","id":"gb:8701671B2571810219289","properties":{"id":"gb:8701671B2571810219289","name":"Diamond/Diamond Estate","parentId":"gb:63095687B32971577162412","level":"ADM2","countryCode":"LC"},"geometry":{"type":"Polygon","coordinates":[[[-61.03930293399998,13.850024546000043],[-61.039228735999984,13.85206848000007],[-61.04721547599996,13.85383851000006],[-61.04926710799998,13.853243044000067],[-61.044527382999945,13.850607280000077],[-61.03930293399998,13.850024546000043]]]}},{"type":"Feature","id":"gb:8701671B75049629719771","properties":{"id":"gb:8701671B75049629719771","name":"Fond Cacoa","parentId":"gb:63095687B32971577162412","level":"ADM2","countryCode":"LC"},"geometry":{"type":"Polygon","coordinates":[[[-61.04926710799998,13.853243044000067],[-61.04721547599996,13.85383851000006],[-61.05096749899997,13.856237039000064],[-61.05257228499994,13.855485311000052],[-61.05480565499994,13.855229315000031],[-61.05246284599997,13.853373847000057],[-61.04926710799998,13.853243044000067]]]}},{"type":"Feature","id":"gb:8701671B78745731328632","properties":{"id":"gb:8701671B78745731328632","name":"Ruby Estate","parentId":"gb:63095687B32971577162412","level":"ADM2","countryCode":"LC"},"geometry":{"type":"Polygon","coordinates":[[[-61.05084509599993,13.856399185000043],[-61.04904870299998,13.85598243000004],[-61.04818847499996,13.860799231000044],[-61.045924971999966,13.859910826000032],[-61.04813085599994,13.860799235000059],[-61.04850708899994,13.86079923400007],[-61.04961829399997,13.860239315000058],[-61.05084509599993,13.856399185000043]]]}},{"type":"Feature","id":"gb:8701671B37327912911660","properties":{"id":"gb:8701671B37327912911660","name":"La Pearle","parentId":"gb:63095687B32971577162412","level":"ADM2","countryCode":"LC"},"geometry":{"type":"Polygon","coordinates":[[[-61.05096749899997,13.856237039000064],[-61.04721547599996,13.85383851000006],[-61.045924971999966,13.859910826000032],[-61.04818847499996,13.860799231000044],[-61.04904870299998,13.85598243000004],[-61.05084509599993,13.856399185000043],[-61.05096749899997,13.856237039000064]]]}},{"type":"Feature","id":"gb:8701671B18221439700807","properties":{"id":"gb:8701671B18221439700807","name":"Descolons","parentId":"gb:63095687B32971577162412","level":"ADM2","countryCode":"LC"},"geometry":{"type":"Polygon","coordinates":[[[-61.02397360699996,13.870752780000032],[-61.03435720199997,13.868918129000065],[-61.035437817999934,13.863515623000069],[-61.028842149999946,13.86192985100007],[-61.02751373399997,13.860412779000058],[-61.02801295199998,13.857197506000034],[-61.01961924899996,13.851981618000025],[-61.018137897999964,13.855141937000042],[-61.01861553899994,13.857902253000077],[-61.016509259999964,13.859496926000077],[-61.02199112999995,13.869268292000072],[-61.02411079299998,13.870522297000036],[-61.02397360699996,13.870752780000032]]]}},{"type":"Feature","id":"gb:8701671B42907640167452","properties":{"id":"gb:8701671B42907640167452","name":"Esperance","parentId":"gb:63095687B32971577162412","level":"ADM2","countryCode":"LC"},"geometry":{"type":"Polygon","coordinates":[[[-61.04792038399995,13.845920934000048],[-61.03566084399995,13.84222649000003],[-61.03214829799998,13.839680194000039],[-61.03062111999998,13.835742011000036],[-61.02791882899999,13.836079763000043],[-61.02734798299997,13.83680216600004],[-61.03182000199996,13.840596693000066],[-61.03329238499998,13.847175281000034],[-61.035898858999985,13.853423043000078],[-61.03826627799998,13.853197713000043],[-61.039228735999984,13.85206848000007],[-61.03930293399998,13.850024546000043],[-61.04792038399995,13.845920934000048]]]}},{"type":"Feature","id":"gb:8701671B59921054204413","properties":{"id":"gb:8701671B59921054204413","name":"Ravine Claire","parentId":"gb:63095687B32971577162412","level":"ADM2","countryCode":"LC"},"geometry":{"type":"Polygon","coordinates":[[[-61.02751373399997,13.860412779000058],[-61.035898858999985,13.853423043000078],[-61.03329238499998,13.847175281000034],[-61.01961924899996,13.851981618000025],[-61.02801295199998,13.857197506000034],[-61.02751373399997,13.860412779000058]]]}},{"type":"Feature","id":"gb:8701671B92996832063401","properties":{"id":"gb:8701671B92996832063401","name":"Malgretoute","parentId":"gb:63095687B32971577162412","level":"ADM2","countryCode":"LC"},"geometry":{"type":"Polygon","coordinates":[[[-61.06145570299998,13.84780200800003],[-61.059046912999975,13.849030907000042],[-61.060484816999974,13.850262646000033],[-61.060697291999986,13.850589451000076],[-61.06281583799995,13.847802912000077],[-61.06405897999997,13.839532189000067],[-61.06067390099997,13.836649782000052],[-61.05842808699998,13.837272228000074],[-61.059305936999976,13.83807474200006],[-61.053019554999935,13.845393939000076],[-61.05683039199994,13.84536780600007],[-61.06042096799996,13.843922209000027],[-61.06145570299998,13.84780200800003]]]}},{"type":"Feature","id":"gb:8701671B11157561333534","properties":{"id":"gb:8701671B11157561333534","name":"Coubaril Estate","parentId":"gb:63095687B32971577162412","level":"ADM2","countryCode":"LC"},"geometry":{"type":"Polygon","coordinates":[[[-61.05683039199994,13.84536780600007],[-61.053019554999935,13.845393939000076],[-61.05150088999994,13.844213465000053],[-61.05090868999997,13.843986123000036],[-61.049113888999955,13.844303424000032],[-61.04891573899994,13.846383557000024],[-61.05136645299996,13.847799339000062],[-61.05333904099996,13.848662197000067],[-61.05833543399996,13.850637434000078],[-61.059046912999975,13.849030907000042],[-61.06145570299998,13.84780200800003],[-61.06007964099996,13.845856189000074],[-61.05683039199994,13.84536780600007]]]}},{"type":"Feature","id":"gb:8701671B4982354038174","properties":{"id":"gb:8701671B4982354038174","name":"Compar","parentId":"gb:63095687B32971577162412","level":"ADM2","countryCode":"LC"},"geometry":{"type":"Polygon","coordinates":[[[-61.05842808699998,13.837272228000074],[-61.06067390099997,13.836649782000052],[-61.05968187399998,13.834761420000063],[-61.05771730099997,13.836622438000063],[-61.05842808699998,13.837272228000074]]]}},{"type":"Feature","id":"gb:8701671B36300089777335","properties":{"id":"gb:8701671B36300089777335","name":"Fond Doux","parentId":"gb:63095687B32971577162412","level":"ADM2","countryCode":"LC"},"geometry":{"type":"Polygon","coordinates":[[[-61.047994836999976,13.82159983400004],[-61.04867548899995,13.824421105000056],[-61.052619317999984,13.822852878000049],[-61.048743971999954,13.816588],[-61.047910842999954,13.81663635700005],[-61.047994836999976,13.82159983400004]]]}},{"type":"Feature","id":"gb:8701671B83724356219791","properties":{"id":"gb:8701671B83724356219791","name":"Jalousie","parentId":"gb:63095687B32971577162412","level":"ADM2","countryCode":"LC"},"geometry":{"type":"Polygon","coordinates":[[[-61.05771730099997,13.836622438000063],[-61.05968187399998,13.834761420000063],[-61.061011915999984,13.82965848300006],[-61.06271764899998,13.829170630000021],[-61.061759532999986,13.827430922000076],[-61.06402830899998,13.822871070000076],[-61.06163740599993,13.821267309000064],[-61.05733408999998,13.821031117000075],[-61.05718211399994,13.821038515000055],[-61.05528059599993,13.830349092000063],[-61.05597545499995,13.837679082000022],[-61.05771730099997,13.836622438000063]]]}},{"type":"Feature","id":"gb:8701671B68975897642122","properties":{"id":"gb:8701671B68975897642122","name":"Ti Delcer","parentId":"gb:63095687B32971577162412","level":"ADM2","countryCode":"LC"},"geometry":{"type":"Polygon","coordinates":[[[-61.05597545499995,13.837679082000022],[-61.05528059599993,13.830349092000063],[-61.05718211399994,13.821038515000055],[-61.052619317999984,13.822852878000049],[-61.04867548899995,13.824421105000056],[-61.04967442199995,13.829434037000055],[-61.05217313199995,13.83568453600003],[-61.052290805999974,13.840450229000055],[-61.05090868999997,13.843986123000036],[-61.05150088999994,13.844213465000053],[-61.05597545499995,13.837679082000022]]]}},{"type":"Feature","id":"gb:8701671B28049445861870","properties":{"id":"gb:8701671B28049445861870","name":"Chateau Belair","parentId":"gb:63095687B32971577162412","level":"ADM2","countryCode":"LC"},"geometry":{"type":"Polygon","coordinates":[[[-61.054214882999986,13.815075605000061],[-61.048743971999954,13.816588],[-61.052619317999984,13.822852878000049],[-61.05718211399994,13.821038515000055],[-61.05733408999998,13.821031117000075],[-61.057069196999976,13.814989197000045],[-61.054214882999986,13.815075605000061]]]}},{"type":"Feature","id":"gb:8701671B9474908465202","properties":{"id":"gb:8701671B9474908465202","name":"Fond Gens Libre","parentId":"gb:63095687B32971577162412","level":"ADM2","countryCode":"LC"},"geometry":{"type":"Polygon","coordinates":[[[-61.06033258799994,13.810337298000036],[-61.06554300899995,13.809369089000029],[-61.065592255999945,13.806956026000023],[-61.06128177599999,13.805429576000051],[-61.05919915199996,13.808310466000023],[-61.06033258799994,13.810337298000036]]]}},{"type":"Feature","id":"gb:8701671B60383917462580","properties":{"id":"gb:8701671B60383917462580","name":"Gros Piton","parentId":"gb:63095687B32971577162412","level":"ADM2","countryCode":"LC"},"geometry":{"type":"Polygon","coordinates":[[[-61.060391864999986,13.81276348800003],[-61.06736172099994,13.817892989000029],[-61.07122356699995,13.815833979000047],[-61.07878186099998,13.807982866000032],[-61.067538182999954,13.798969930000055],[-61.064053790999935,13.801125281000054],[-61.061537758999975,13.802812108000069],[-61.06128177599999,13.805429576000051],[-61.065592255999945,13.806956026000023],[-61.06554300899995,13.809369089000029],[-61.06033258799994,13.810337298000036],[-61.060391864999986,13.81276348800003]]]}},{"type":"Feature","id":"gb:8701671B87024407460992","properties":{"id":"gb:8701671B87024407460992","name":"Petit Piton","parentId":"gb:63095687B32971577162412","level":"ADM2","countryCode":"LC"},"geometry":{"type":"Polygon","coordinates":[[[-61.06405897999997,13.839532189000067],[-61.06861236199995,13.83483607200003],[-61.06843077899998,13.832286761000034],[-61.066608721999955,13.829216041000052],[-61.06271764899998,13.829170630000021],[-61.061011915999984,13.82965848300006],[-61.05968187399998,13.834761420000063],[-61.06067390099997,13.836649782000052],[-61.06405897999997,13.839532189000067]]]}},{"type":"Feature","id":"gb:8701671B11486827062004","properties":{"id":"gb:8701671B11486827062004","name":"Morne La Croix","parentId":"gb:63095687B32971577162412","level":"ADM2","countryCode":"LC"},"geometry":{"type":"Polygon","coordinates":[[[-61.057069196999976,13.814989197000045],[-61.05733408999998,13.821031117000075],[-61.06163740599993,13.821267309000064],[-61.06402830899998,13.822871070000076],[-61.06736172099994,13.817892989000029],[-61.060391864999986,13.81276348800003],[-61.057069196999976,13.814989197000045]]]}},{"type":"Feature","id":"gb:8701671B65041139962090","properties":{"id":"gb:8701671B65041139962090","name":"Deville","parentId":"gb:63095687B32971577162412","level":"ADM2","countryCode":"LC"},"geometry":{"type":"Polygon","coordinates":[[[-61.05396229199994,13.81082529500003],[-61.053317841999956,13.810797088000072],[-61.04994309099993,13.811292508000065],[-61.047533116999944,13.814007433000029],[-61.04665228099998,13.815590203000056],[-61.047910842999954,13.81663635700005],[-61.048743971999954,13.816588],[-61.054214882999986,13.815075605000061],[-61.05305552999994,13.812943242000074],[-61.05396229199994,13.81082529500003]]]}},{"type":"Feature","id":"gb:8701671B76730810017081","properties":{"id":"gb:8701671B76730810017081","name":"Morne Le Blanc","parentId":"gb:63095687B42817258586373","level":"ADM2","countryCode":"LC"},"geometry":{"type":"Polygon","coordinates":[[[-60.99636075799998,13.754948097000067],[-60.99611330499994,13.761299148000035],[-60.99774312599993,13.762995992000072],[-61.00106355499997,13.76309431900006],[-61.00178561499996,13.760935564000022],[-61.001745384999936,13.757341813000039],[-61.001961697999945,13.754866034000031],[-60.99636075799998,13.754948097000067]]]}},{"type":"Feature","id":"gb:8701671B18356236998563","properties":{"id":"gb:8701671B18356236998563","name":"Etangs","parentId":"gb:63095687B32971577162412","level":"ADM2","countryCode":"LC"},"geometry":{"type":"Polygon","coordinates":[[[-61.03999947899996,13.821534428000064],[-61.044318858999986,13.819585950000032],[-61.04388566099993,13.817154067000047],[-61.038910734999945,13.817585167000061],[-61.03581942699998,13.819796114000042],[-61.037227772999984,13.818989883000029],[-61.03999947899996,13.821534428000064]]]}},{"type":"Feature","id":"gb:8701671B98989854041717","properties":{"id":"gb:8701671B98989854041717","name":"St Remy Estate","parentId":"gb:63095687B32971577162412","level":"ADM2","countryCode":"LC"},"geometry":{"type":"Polygon","coordinates":[[[-61.047910842999954,13.81663635700005],[-61.04665228099998,13.815590203000056],[-61.047533116999944,13.814007433000029],[-61.04448880499996,13.81396256100004],[-61.04388566099993,13.817154067000047],[-61.044318858999986,13.819585950000032],[-61.045247683999946,13.821340101000033],[-61.047994836999976,13.82159983400004],[-61.047910842999954,13.81663635700005]]]}},{"type":"Feature","id":"gb:8701671B47910558118739","properties":{"id":"gb:8701671B47910558118739","name":"La Dauphine Estate","parentId":"gb:63095687B32971577162412","level":"ADM2","countryCode":"LC"},"geometry":{"type":"Polygon","coordinates":[[[-61.03999947899996,13.821534428000064],[-61.03937294399998,13.823666893000052],[-61.04227757099994,13.823767030000056],[-61.045247683999946,13.821340101000033],[-61.044318858999986,13.819585950000032],[-61.03999947899996,13.821534428000064]]]}},{"type":"Feature","id":"gb:8701671B22157937027856","properties":{"id":"gb:8701671B22157937027856","name":"Rabot","parentId":"gb:63095687B32971577162412","level":"ADM2","countryCode":"LC"},"geometry":{"type":"Polygon","coordinates":[[[-61.04967442199995,13.829434037000055],[-61.03685064899997,13.835984777000021],[-61.03900188799997,13.838294173000065],[-61.04745534399996,13.83539988800004],[-61.05217313199995,13.83568453600003],[-61.04967442199995,13.829434037000055]]]}},{"type":"Feature","id":"gb:8701671B19516927692390","properties":{"id":"gb:8701671B19516927692390","name":"Belle Plain","parentId":"gb:63095687B32971577162412","level":"ADM2","countryCode":"LC"},"geometry":{"type":"Polygon","coordinates":[[[-61.03406088199995,13.831128319000072],[-61.03813348299997,13.832772834000025],[-61.03938508999994,13.82968782000006],[-61.034613380999986,13.826446262000047],[-61.03271274599996,13.822283449000054],[-61.02824788199996,13.824172240000053],[-61.025539708999986,13.822699491000037],[-61.02203741799997,13.825695887000052],[-61.032055566999986,13.831238966000058],[-61.03262364099999,13.829455653000025],[-61.03406088199995,13.831128319000072]]]}},{"type":"Feature","id":"gb:8701671B31799938456205","properties":{"id":"gb:8701671B31799938456205","name":"Bois D'Inde","parentId":"gb:63095687B32971577162412","level":"ADM2","countryCode":"LC"},"geometry":{"type":"Polygon","coordinates":[[[-61.03566084399995,13.84222649000003],[-61.03900188799997,13.838294173000065],[-61.03685064899997,13.835984777000021],[-61.03813348299997,13.832772834000025],[-61.03406088199995,13.831128319000072],[-61.033097656999985,13.833910718000027],[-61.03142138199996,13.83322981200007],[-61.03062111999998,13.835742011000036],[-61.03214829799998,13.839680194000039],[-61.03566084399995,13.84222649000003]]]}},{"type":"Feature","id":"gb:8701671B91684501452899","properties":{"id":"gb:8701671B91684501452899","name":"Mocha","parentId":"gb:63095687B32971577162412","level":"ADM2","countryCode":"LC"},"geometry":{"type":"Polygon","coordinates":[[[-61.03062111999998,13.835742011000036],[-61.03142138199996,13.83322981200007],[-61.032055566999986,13.831238966000058],[-61.02203741799997,13.825695887000052],[-61.01760411899994,13.829468856000062],[-61.022425865999935,13.836262410000074],[-61.025579978999986,13.83474042000006],[-61.02791882899999,13.836079763000043],[-61.03062111999998,13.835742011000036]]]}},{"type":"Feature","id":"gb:8701671B26291709137074","properties":{"id":"gb:8701671B26291709137074","name":"Toraille","parentId":"gb:63095687B32971577162412","level":"ADM2","countryCode":"LC"},"geometry":{"type":"Polygon","coordinates":[[[-61.028842149999946,13.86192985100007],[-61.038363741999945,13.853631840000048],[-61.03826627799998,13.853197713000043],[-61.035898858999985,13.853423043000078],[-61.02751373399997,13.860412779000058],[-61.028842149999946,13.86192985100007]]]}},{"type":"Feature","id":"gb:8701671B14942759406503","properties":{"id":"gb:8701671B14942759406503","name":"Zenon","parentId":"gb:63095687B32971577162412","level":"ADM2","countryCode":"LC"},"geometry":{"type":"Polygon","coordinates":[[[-61.035437817999934,13.863515623000069],[-61.036445482999966,13.856668059000071],[-61.03897818599995,13.855024910000054],[-61.038363741999945,13.853631840000048],[-61.028842149999946,13.86192985100007],[-61.035437817999934,13.863515623000069]]]}},{"type":"Feature","id":"gb:8701671B59760242426432","properties":{"id":"gb:8701671B59760242426432","name":"Ti Boug","parentId":"gb:63095687B32971577162412","level":"ADM2","countryCode":"LC"},"geometry":{"type":"Polygon","coordinates":[[[-61.02791882899999,13.836079763000043],[-61.025579978999986,13.83474042000006],[-61.022425865999935,13.836262410000074],[-61.021764333999954,13.839994],[-61.02489499699993,13.840232827000023],[-61.02734798299997,13.83680216600004],[-61.02791882899999,13.836079763000043]]]}},{"type":"Feature","id":"gb:8701671B24452545338403","properties":{"id":"gb:8701671B24452545338403","name":"St Phillip","parentId":"gb:63095687B32971577162412","level":"ADM2","countryCode":"LC"},"geometry":{"type":"Polygon","coordinates":[[[-61.01961924899996,13.851981618000025],[-61.03329238499998,13.847175281000034],[-61.03182000199996,13.840596693000066],[-61.02734798299997,13.83680216600004],[-61.02489499699993,13.840232827000023],[-61.02551733699994,13.84336974200005],[-61.02263864899999,13.847708855000064],[-61.01961924899996,13.851981618000025]]]}},{"type":"Feature","id":"gb:8701671B91352204106029","properties":{"id":"gb:8701671B91352204106029","name":"Belvedere","parentId":"gb:63095687B32971577162412","level":"ADM2","countryCode":"LC"},"geometry":{"type":"Polygon","coordinates":[[[-61.01144652399995,13.834717015000024],[-61.02000714899998,13.837541575000046],[-61.021764333999954,13.839994],[-61.022425865999935,13.836262410000074],[-61.01760411899994,13.829468856000062],[-61.011474084999975,13.834685836000062],[-61.01144652399995,13.834717015000024]]]}},{"type":"Feature","id":"gb:8701671B42961858888115","properties":{"id":"gb:8701671B42961858888115","name":"Migny","parentId":"gb:63095687B32971577162412","level":"ADM2","countryCode":"LC"},"geometry":{"type":"Polygon","coordinates":[[[-61.02263864899999,13.847708855000064],[-61.02551733699994,13.84336974200005],[-61.02489499699993,13.840232827000023],[-61.021764333999954,13.839994],[-61.02000714899998,13.837541575000046],[-61.01144652399995,13.834717015000024],[-61.01303134999995,13.84485055500005],[-61.02263864899999,13.847708855000064]]]}},{"type":"Feature","id":"gb:8701671B18283500133998","properties":{"id":"gb:8701671B18283500133998","name":"Terre Blanche","parentId":"gb:63095687B32971577162412","level":"ADM2","countryCode":"LC"},"geometry":{"type":"Polygon","coordinates":[[[-61.05090868999997,13.843986123000036],[-61.052290805999974,13.840450229000055],[-61.04806202799995,13.84138295400004],[-61.049113888999955,13.844303424000032],[-61.05090868999997,13.843986123000036]]]}},{"type":"Feature","id":"gb:8701671B90029568380485","properties":{"id":"gb:8701671B90029568380485","name":"Beausejour/Myers Bridge","parentId":"gb:63095687B32971577162412","level":"ADM2","countryCode":"LC"},"geometry":{"type":"Polygon","coordinates":[[[-61.038910734999945,13.817585167000061],[-61.03354416299999,13.817830891000028],[-61.025539708999986,13.822699491000037],[-61.02824788199996,13.824172240000053],[-61.03271274599996,13.822283449000054],[-61.034613380999986,13.826446262000047],[-61.03937294399998,13.823666893000052],[-61.03999947899996,13.821534428000064],[-61.037227772999984,13.818989883000029],[-61.03581942699998,13.819796114000042],[-61.038910734999945,13.817585167000061]]]}},{"type":"Feature","id":"gb:8701671B32439381681784","properties":{"id":"gb:8701671B32439381681784","name":"Belfond","parentId":"gb:63095687B32971577162412","level":"ADM2","countryCode":"LC"},"geometry":{"type":"Polygon","coordinates":[[[-61.047994836999976,13.82159983400004],[-61.045247683999946,13.821340101000033],[-61.04227757099994,13.823767030000056],[-61.03937294399998,13.823666893000052],[-61.034613380999986,13.826446262000047],[-61.03938508999994,13.82968782000006],[-61.03813348299997,13.832772834000025],[-61.03685064899997,13.835984777000021],[-61.04967442199995,13.829434037000055],[-61.04867548899995,13.824421105000056],[-61.047994836999976,13.82159983400004]]]}},{"type":"Feature","id":"gb:8701671B77198875782479","properties":{"id":"gb:8701671B77198875782479","name":"Sulphur Springs","parentId":"gb:63095687B32971577162412","level":"ADM2","countryCode":"LC"},"geometry":{"type":"Polygon","coordinates":[[[-61.04891573899994,13.846383557000024],[-61.049113888999955,13.844303424000032],[-61.04806202799995,13.84138295400004],[-61.052290805999974,13.840450229000055],[-61.05217313199995,13.83568453600003],[-61.04745534399996,13.83539988800004],[-61.03900188799997,13.838294173000065],[-61.03566084399995,13.84222649000003],[-61.04792038399995,13.845920934000048],[-61.04859527199994,13.84734792200004],[-61.04891573899994,13.846383557000024]]]}},{"type":"Feature","id":"gb:8701671B34835556346125","properties":{"id":"gb:8701671B34835556346125","name":"Cresslands","parentId":"gb:63095687B32971577162412","level":"ADM2","countryCode":"LC"},"geometry":{"type":"Polygon","coordinates":[[[-61.04080593699996,13.867901320000044],[-61.040828216999955,13.867893652000078],[-61.04413195799998,13.859745236000037],[-61.045924971999966,13.859910826000032],[-61.04721547599996,13.85383851000006],[-61.039228735999984,13.85206848000007],[-61.03826627799998,13.853197713000043],[-61.038363741999945,13.853631840000048],[-61.03897818599995,13.855024910000054],[-61.036445482999966,13.856668059000071],[-61.035437817999934,13.863515623000069],[-61.03435720199997,13.868918129000065],[-61.04080593699996,13.867901320000044]]]}},{"type":"Feature","id":"gb:8701671B99330114936147","properties":{"id":"gb:8701671B99330114936147","name":"Morne Bonin","parentId":"gb:63095687B32971577162412","level":"ADM2","countryCode":"LC"},"geometry":{"type":"Polygon","coordinates":[[[-61.032055566999986,13.831238966000058],[-61.03142138199996,13.83322981200007],[-61.033097656999985,13.833910718000027],[-61.03406088199995,13.831128319000072],[-61.03262364099999,13.829455653000025],[-61.032055566999986,13.831238966000058]]]}},{"type":"Feature","id":"gb:8701671B1426599605087","properties":{"id":"gb:8701671B1426599605087","name":"Kennedy Highway","parentId":"gb:63095687B42817258586373","level":"ADM2","countryCode":"LC"},"geometry":{"type":"Polygon","coordinates":[[[-61.001961697999945,13.754866034000031],[-61.00214167799999,13.752778815000056],[-60.99807008099998,13.753637686000047],[-60.989493909999965,13.751840145000074],[-60.988817488999985,13.752408823000053],[-60.99087234499996,13.754629945000033],[-60.99636075799998,13.754948097000067],[-61.001961697999945,13.754866034000031]]]}},{"type":"Feature","id":"gb:8701671B21269769416552","properties":{"id":"gb:8701671B21269769416552","name":"Raveneau","parentId":"gb:63095687B49372508754012","level":"ADM2","countryCode":"LC"},"geometry":{"type":"Polygon","coordinates":[[[-61.04994309099993,13.811292508000065],[-61.048731385999986,13.808059112000024],[-61.04423074599998,13.806160659000057],[-61.04299298799998,13.811351929000068],[-61.04423069999996,13.811586197000054],[-61.04448880499996,13.81396256100004],[-61.047533116999944,13.814007433000029],[-61.04994309099993,13.811292508000065]]]}},{"type":"Feature","id":"gb:8701671B7895347248645","properties":{"id":"gb:8701671B7895347248645","name":"Marche Gaye","parentId":"gb:63095687B49372508754012","level":"ADM2","countryCode":"LC"},"geometry":{"type":"Polygon","coordinates":[[[-61.011474084999975,13.834685836000062],[-61.01760411899994,13.829468856000062],[-61.02203741799997,13.825695887000052],[-61.025539708999986,13.822699491000037],[-61.02250946799995,13.818927511000027],[-61.01924681899993,13.814866240000072],[-61.01933372499997,13.812084575000029],[-61.01602658099995,13.806873766000024],[-61.012263007999934,13.812208422000026],[-61.01121097599997,13.817533511000022],[-61.00676427099995,13.825019466000072],[-61.00734795899996,13.82769186400003],[-61.00562551399997,13.82846070000005],[-61.004312779999964,13.833284418000062],[-61.00598605999994,13.833959352000022],[-61.00918503999998,13.832375811000077],[-61.011474084999975,13.834685836000062]]]}},{"type":"Feature","id":"gb:8701671B26969099511197","properties":{"id":"gb:8701671B26969099511197","name":"Motete","parentId":"gb:63095687B49372508754012","level":"ADM2","countryCode":"LC"},"geometry":{"type":"Polygon","coordinates":[[[-61.02250946799995,13.818927511000027],[-61.02724637299997,13.813098371000024],[-61.02685983799995,13.812452389000043],[-61.02467444599995,13.808427837000067],[-61.021549634999985,13.81057979700006],[-61.01933372499997,13.812084575000029],[-61.01924681899993,13.814866240000072],[-61.02250946799995,13.818927511000027]]]}},{"type":"Feature","id":"gb:8701671B134536261517","properties":{"id":"gb:8701671B134536261517","name":"Lamaze","parentId":"gb:63095687B49372508754012","level":"ADM2","countryCode":"LC"},"geometry":{"type":"Polygon","coordinates":[[[-61.01933372499997,13.812084575000029],[-61.021549634999985,13.81057979700006],[-61.02121549799995,13.804581872000028],[-61.02137375999996,13.802114693000021],[-61.01585708799996,13.802977867000038],[-61.01602658099995,13.806873766000024],[-61.01933372499997,13.812084575000029]]]}},{"type":"Feature","id":"gb:8701671B92535137088393","properties":{"id":"gb:8701671B92535137088393","name":"Monzie","parentId":"gb:63095687B49372508754012","level":"ADM2","countryCode":"LC"},"geometry":{"type":"Polygon","coordinates":[[[-61.02467444599995,13.808427837000067],[-61.02397965299997,13.805612826000072],[-61.02587722299995,13.803663161000031],[-61.02431225199996,13.80348120900004],[-61.02340440599994,13.80502270200003],[-61.02121549799995,13.804581872000028],[-61.021549634999985,13.81057979700006],[-61.02467444599995,13.808427837000067]]]}},{"type":"Feature","id":"gb:8701671B17506768267168","properties":{"id":"gb:8701671B17506768267168","name":"Roblot","parentId":"gb:63095687B49372508754012","level":"ADM2","countryCode":"LC"},"geometry":{"type":"Polygon","coordinates":[[[-61.02121549799995,13.804581872000028],[-61.02340440599994,13.80502270200003],[-61.02431225199996,13.80348120900004],[-61.024720050999974,13.802362818000063],[-61.02137375999996,13.802114693000021],[-61.02121549799995,13.804581872000028]]]}},{"type":"Feature","id":"gb:8701671B42521441086623","properties":{"id":"gb:8701671B42521441086623","name":"Cedars/Chu Tigre","parentId":"gb:63095687B49372508754012","level":"ADM2","countryCode":"LC"},"geometry":{"type":"Polygon","coordinates":[[[-61.04597252699995,13.771468619000075],[-61.049213100999964,13.770454001000076],[-61.047835056999986,13.768408820000047],[-61.045704229999956,13.769431517000044],[-61.04597252699995,13.771468619000075]]]}},{"type":"Feature","id":"gb:8701671B40414621404718","properties":{"id":"gb:8701671B40414621404718","name":"Debreiul","parentId":"gb:63095687B49372508754012","level":"ADM2","countryCode":"LC"},"geometry":{"type":"Polygon","coordinates":[[[-61.02137375999996,13.802114693000021],[-61.024720050999974,13.802362818000063],[-61.02709673099997,13.797302763000062],[-61.02919264299999,13.794184228000063],[-61.028832963999946,13.790691740000057],[-61.03034709199994,13.789920768000059],[-61.03189605899996,13.783114449000038],[-61.031079972999976,13.779657968000038],[-61.03060297099995,13.777908696000054],[-61.03238379099997,13.777920032000054],[-61.03293908399996,13.775882908000028],[-61.03167399299997,13.77525259600003],[-61.03002016499994,13.774434614000029],[-61.02395075399994,13.784347923000041],[-61.025313919999974,13.788825631000066],[-61.021871963999956,13.792956880000077],[-61.01586201599997,13.802958710000041],[-61.01585708799996,13.802977867000038],[-61.02137375999996,13.802114693000021]]]}},{"type":"Feature","id":"gb:8701671B82289109634820","properties":{"id":"gb:8701671B82289109634820","name":"River Doree","parentId":"gb:63095687B49372508754012","level":"ADM2","countryCode":"LC"},"geometry":{"type":"Polygon","coordinates":[[[-61.03167399299997,13.77525259600003],[-61.03340183199998,13.771399733000067],[-61.03772213299993,13.773667148000072],[-61.043163833999984,13.764977588000022],[-61.04051277399998,13.764035178000029],[-61.03832351699998,13.759541538000065],[-61.03445458799996,13.76293733700004],[-61.03471556299996,13.766065701000059],[-61.03330111199995,13.765387019000059],[-61.03194685999995,13.766545721000057],[-61.03187073399994,13.76829071700007],[-61.02989662699997,13.768919303000075],[-61.03002016499994,13.774434614000029],[-61.03167399299997,13.77525259600003]]]}},{"type":"Feature","id":"gb:8701671B39771319698243","properties":{"id":"gb:8701671B39771319698243","name":"La Fargue","parentId":"gb:63095687B49372508754012","level":"ADM2","countryCode":"LC"},"geometry":{"type":"Polygon","coordinates":[[[-61.047835056999986,13.768408820000047],[-61.043163833999984,13.764977588000022],[-61.03772213299993,13.773667148000072],[-61.03340183199998,13.771399733000067],[-61.03167399299997,13.77525259600003],[-61.03293908399996,13.775882908000028],[-61.03639113999998,13.77582932100006],[-61.038466934999974,13.777517526000054],[-61.04142924399997,13.776148825000064],[-61.044544299999984,13.773753316000068],[-61.046578644999954,13.772320433000061],[-61.04827969599995,13.773099957000056],[-61.05037131199998,13.772637837000048],[-61.049213100999964,13.770454001000076],[-61.04597252699995,13.771468619000075],[-61.045704229999956,13.769431517000044],[-61.047835056999986,13.768408820000047]]]}},{"type":"Feature","id":"gb:8701671B19884465022303","properties":{"id":"gb:8701671B19884465022303","name":"Village","parentId":"gb:63095687B42817258586373","level":"ADM2","countryCode":"LC"},"geometry":{"type":"Polygon","coordinates":[[[-61.00214167799999,13.752778815000056],[-61.00207682299998,13.751896990000034],[-60.996121640999945,13.750630853000075],[-60.995301058999985,13.748987103000047],[-60.996618008999974,13.746982666000065],[-60.99287975499993,13.743910381000035],[-60.99018677899994,13.744223175000059],[-60.989160406999986,13.746466951000059],[-60.989493909999965,13.751840145000074],[-60.99807008099998,13.753637686000047],[-61.00214167799999,13.752778815000056]]]}},{"type":"Feature","id":"gb:8701671B91249744249717","properties":{"id":"gb:8701671B91249744249717","name":"En Leur Ba/Balca","parentId":"gb:63095687B42817258586373","level":"ADM2","countryCode":"LC"},"geometry":{"type":"Polygon","coordinates":[[[-61.016140330999974,13.779402251000022],[-61.01989047899997,13.780902668000067],[-61.02058682699993,13.778170138000064],[-61.02028921999994,13.774810796000054],[-61.023070039999936,13.773017741000046],[-61.02224603999997,13.771967923000034],[-61.01944347399996,13.772747758000037],[-61.016140330999974,13.779402251000022]]]}},{"type":"Feature","id":"gb:8701671B96951790647096","properties":{"id":"gb:8701671B96951790647096","name":"Black Bay","parentId":"gb:63095687B63570319440385","level":"ADM2","countryCode":"LC"},"geometry":{"type":"Polygon","coordinates":[[[-60.989493909999965,13.751840145000074],[-60.989160406999986,13.746466951000059],[-60.99018677899994,13.744223175000059],[-60.99287975499993,13.743910381000035],[-60.99376315999996,13.740586977000078],[-60.991342902999975,13.73879030200004],[-60.989905385999975,13.739244537000047],[-60.98915237399996,13.73617654700007],[-60.98748961999996,13.737020956000038],[-60.98629083399999,13.735032814000022],[-60.98007050599995,13.735629550000056],[-60.975522387999945,13.737452229000041],[-60.973750123999935,13.742653800000028],[-60.973058726999966,13.747214340000028],[-60.973807059999956,13.749451695000062],[-60.97777479499996,13.750134673000048],[-60.97815631399993,13.752635980000036],[-60.98302083599998,13.752438761000064],[-60.98270059699996,13.749498291000066],[-60.98439811099996,13.747985756000048],[-60.988817488999985,13.752408823000053],[-60.989493909999965,13.751840145000074]]]}},{"type":"Feature","id":"gb:8701671B53372431800849","properties":{"id":"gb:8701671B53372431800849","name":"Augier","parentId":"gb:63095687B63570319440385","level":"ADM2","countryCode":"LC"},"geometry":{"type":"Polygon","coordinates":[[[-60.97960275599996,13.77166197400004],[-60.98308233399996,13.771760179000069],[-60.981186169999944,13.767913381000028],[-60.983623697999974,13.76629058900005],[-60.98347049399996,13.763219119000041],[-60.97788820799997,13.762789614000042],[-60.97657543699995,13.764527713000064],[-60.97903475099997,13.765276629000027],[-60.97843693699997,13.771486010000046],[-60.97960275599996,13.77166197400004]]]}},{"type":"Feature","id":"gb:8701671B10960716544692","properties":{"id":"gb:8701671B10960716544692","name":"Pomme","parentId":"gb:63095687B63570319440385","level":"ADM2","countryCode":"LC"},"geometry":{"type":"Polygon","coordinates":[[[-60.97815631399993,13.752635980000036],[-60.97937480799993,13.758538399000031],[-60.978112461999956,13.761183037000023],[-60.97788820799997,13.762789614000042],[-60.98347049399996,13.763219119000041],[-60.98428791099997,13.761754891000066],[-60.984608555999955,13.755760081000062],[-60.98302083599998,13.752438761000064],[-60.97815631399993,13.752635980000036]]]}},{"type":"Feature","id":"gb:8701671B73692307492725","properties":{"id":"gb:8701671B73692307492725","name":"Derierre Bois","parentId":"gb:63095687B63570319440385","level":"ADM2","countryCode":"LC"},"geometry":{"type":"Polygon","coordinates":[[[-60.97657543699995,13.764527713000064],[-60.975555920999966,13.76394558800007],[-60.974803089999966,13.766195407000055],[-60.97620974899996,13.771433026000068],[-60.977906351999934,13.772861846000069],[-60.97960275599996,13.77166197400004],[-60.97843693699997,13.771486010000046],[-60.97903475099997,13.765276629000027],[-60.97657543699995,13.764527713000064]]]}},{"type":"Feature","id":"gb:8701671B2341246797828","properties":{"id":"gb:8701671B2341246797828","name":"Christian Hill","parentId":"gb:63095687B49372508754012","level":"ADM2","countryCode":"LC"},"geometry":{"type":"Polygon","coordinates":[[[-61.044544299999984,13.773753316000068],[-61.045383253999944,13.775276804000043],[-61.04757965299996,13.773707459000036],[-61.04893254099994,13.774650786000052],[-61.049656219999974,13.773748921000049],[-61.04827969599995,13.773099957000056],[-61.046578644999954,13.772320433000061],[-61.044544299999984,13.773753316000068]]]}},{"type":"Feature","id":"gb:8701671B26165957358131","properties":{"id":"gb:8701671B26165957358131","name":"Reunion","parentId":"gb:63095687B49372508754012","level":"ADM2","countryCode":"LC"},"geometry":{"type":"Polygon","coordinates":[[[-61.04142924399997,13.776148825000064],[-61.04244688999995,13.777244730000064],[-61.040029828999934,13.782541306000041],[-61.04101692599994,13.784465113000067],[-61.044332054999984,13.784071226000037],[-61.04514832199993,13.782108054000048],[-61.048644638999974,13.781814952000047],[-61.04975800999995,13.780187514000033],[-61.051193541999965,13.777263438000034],[-61.04893254099994,13.774650786000052],[-61.04757965299996,13.773707459000036],[-61.045383253999944,13.775276804000043],[-61.044544299999984,13.773753316000068],[-61.04142924399997,13.776148825000064]]]}},{"type":"Feature","id":"gb:8701671B35560062727781","properties":{"id":"gb:8701671B35560062727781","name":"Village","parentId":"gb:63095687B49372508754012","level":"ADM2","countryCode":"LC"},"geometry":{"type":"Polygon","coordinates":[[[-61.04827969599995,13.773099957000056],[-61.049656219999974,13.773748921000049],[-61.04893254099994,13.774650786000052],[-61.051193541999965,13.777263438000034],[-61.05206765999998,13.776980249000076],[-61.05044139299997,13.775366404000067],[-61.05037131199998,13.772637837000048],[-61.04827969599995,13.773099957000056]]]}},{"type":"Feature","id":"gb:8701671B67888908023489","properties":{"id":"gb:8701671B67888908023489","name":"Savannes George/Constitution Park","parentId":"gb:63095687B49372508754012","level":"ADM2","countryCode":"LC"},"geometry":{"type":"Polygon","coordinates":[[[-61.04975800999995,13.780187514000033],[-61.05207299899996,13.779792479000037],[-61.05333121599995,13.779018715000063],[-61.05206765999998,13.776980249000076],[-61.051193541999965,13.777263438000034],[-61.04975800999995,13.780187514000033]]]}},{"type":"Feature","id":"gb:8701671B61982793358866","properties":{"id":"gb:8701671B61982793358866","name":"Sauzay","parentId":"gb:63095687B49372508754012","level":"ADM2","countryCode":"LC"},"geometry":{"type":"Polygon","coordinates":[[[-61.031079972999976,13.779657968000038],[-61.03448118399996,13.779113305000067],[-61.03639113999998,13.77582932100006],[-61.03293908399996,13.775882908000028],[-61.03238379099997,13.777920032000054],[-61.03060297099995,13.777908696000054],[-61.031079972999976,13.779657968000038]]]}},{"type":"Feature","id":"gb:8701671B45858620723076","properties":{"id":"gb:8701671B45858620723076","name":"Dugard","parentId":"gb:63095687B49372508754012","level":"ADM2","countryCode":"LC"},"geometry":{"type":"Polygon","coordinates":[[[-61.02685983799995,13.812452389000043],[-61.03211232799998,13.805189091000045],[-61.03291662699996,13.80158480800003],[-61.029892564999955,13.797525589000031],[-61.02709673099997,13.797302763000062],[-61.024720050999974,13.802362818000063],[-61.02431225199996,13.80348120900004],[-61.02587722299995,13.803663161000031],[-61.02397965299997,13.805612826000072],[-61.02467444599995,13.808427837000067],[-61.02685983799995,13.812452389000043]]]}},{"type":"Feature","id":"gb:8701671B17247241487473","properties":{"id":"gb:8701671B17247241487473","name":"Dupre","parentId":"gb:63095687B49372508754012","level":"ADM2","countryCode":"LC"},"geometry":{"type":"Polygon","coordinates":[[[-61.02709673099997,13.797302763000062],[-61.029892564999955,13.797525589000031],[-61.03121591199994,13.793756987000052],[-61.028832963999946,13.790691740000057],[-61.02919264299999,13.794184228000063],[-61.02709673099997,13.797302763000062]]]}},{"type":"Feature","id":"gb:8701671B84690280241827","properties":{"id":"gb:8701671B84690280241827","name":"Caffiere","parentId":"gb:63095687B49372508754012","level":"ADM2","countryCode":"LC"},"geometry":{"type":"Polygon","coordinates":[[[-61.028832963999946,13.790691740000057],[-61.03121591199994,13.793756987000052],[-61.03722212399998,13.789661050000063],[-61.040029828999934,13.782541306000041],[-61.04244688999995,13.777244730000064],[-61.04142924399997,13.776148825000064],[-61.038466934999974,13.777517526000054],[-61.03639113999998,13.77582932100006],[-61.03448118399996,13.779113305000067],[-61.031079972999976,13.779657968000038],[-61.03189605899996,13.783114449000038],[-61.03034709199994,13.789920768000059],[-61.028832963999946,13.790691740000057]]]}},{"type":"Feature","id":"gb:8701671B73612450286207","properties":{"id":"gb:8701671B73612450286207","name":"Morne Jacques","parentId":"gb:63095687B49372508754012","level":"ADM2","countryCode":"LC"},"geometry":{"type":"Polygon","coordinates":[[[-61.02724637299997,13.813098371000024],[-61.033528402999934,13.817805572000054],[-61.035971650999954,13.811271992000059],[-61.035086052999986,13.811286042000063],[-61.03366680399995,13.811131729000067],[-61.03211232799998,13.805189091000045],[-61.02685983799995,13.812452389000043],[-61.02724637299997,13.813098371000024]]]}},{"type":"Feature","id":"gb:8701671B50877038935662","properties":{"id":"gb:8701671B50877038935662","name":"Mavay","parentId":"gb:63095687B49372508754012","level":"ADM2","countryCode":"LC"},"geometry":{"type":"Polygon","coordinates":[[[-61.03211232799998,13.805189091000045],[-61.03366680399995,13.811131729000067],[-61.035086052999986,13.811286042000063],[-61.03297455699993,13.801653203000058],[-61.03291662699996,13.80158480800003],[-61.03211232799998,13.805189091000045]]]}},{"type":"Feature","id":"gb:8701671B26801747706600","properties":{"id":"gb:8701671B26801747706600","name":"Belle Vue","parentId":"gb:63095687B49372508754012","level":"ADM2","countryCode":"LC"},"geometry":{"type":"Polygon","coordinates":[[[-61.035971650999954,13.811271992000059],[-61.03853679499997,13.806852389000028],[-61.037365370999964,13.803487160000032],[-61.038295165999955,13.80167769700006],[-61.03433311099997,13.800665277000064],[-61.03297455699993,13.801653203000058],[-61.035086052999986,13.811286042000063],[-61.035971650999954,13.811271992000059]]]}},{"type":"Feature","id":"gb:8701671B29376048072153","properties":{"id":"gb:8701671B29376048072153","name":"Dacretin","parentId":"gb:63095687B49372508754012","level":"ADM2","countryCode":"LC"},"geometry":{"type":"Polygon","coordinates":[[[-61.03291662699996,13.80158480800003],[-61.03297455699993,13.801653203000058],[-61.03433311099997,13.800665277000064],[-61.038295165999955,13.80167769700006],[-61.04032210799994,13.798205361000043],[-61.04064365399995,13.793545560000041],[-61.03722212399998,13.789661050000063],[-61.03121591199994,13.793756987000052],[-61.029892564999955,13.797525589000031],[-61.03291662699996,13.80158480800003]]]}},{"type":"Feature","id":"gb:8701671B53815212038994","properties":{"id":"gb:8701671B53815212038994","name":"Morne Palama","parentId":"gb:63095687B49372508754012","level":"ADM2","countryCode":"LC"},"geometry":{"type":"Polygon","coordinates":[[[-61.040029828999934,13.782541306000041],[-61.03722212399998,13.789661050000063],[-61.04064365399995,13.793545560000041],[-61.04170142799995,13.79211871900003],[-61.04295050999997,13.78613109500003],[-61.044332054999984,13.784071226000037],[-61.04101692599994,13.784465113000067],[-61.040029828999934,13.782541306000041]]]}},{"type":"Feature","id":"gb:8701671B23364700154190","properties":{"id":"gb:8701671B23364700154190","name":"Mongouge","parentId":"gb:63095687B49372508754012","level":"ADM2","countryCode":"LC"},"geometry":{"type":"Polygon","coordinates":[[[-61.04423074599998,13.806160659000057],[-61.047350033999976,13.80237098300006],[-61.05178593699998,13.800565332000076],[-61.04659007199996,13.797654263000027],[-61.044596437999985,13.801225568000064],[-61.04081902399997,13.802403198000036],[-61.04198645499997,13.811161406000053],[-61.04299298799998,13.811351929000068],[-61.04423074599998,13.806160659000057]]]}},{"type":"Feature","id":"gb:8701671B14688938630280","properties":{"id":"gb:8701671B14688938630280","name":"Victoria","parentId":"gb:63095687B49372508754012","level":"ADM2","countryCode":"LC"},"geometry":{"type":"Polygon","coordinates":[[[-61.04388566099993,13.817154067000047],[-61.04448880499996,13.81396256100004],[-61.04423069999996,13.811586197000054],[-61.04299298799998,13.811351929000068],[-61.04198645499997,13.811161406000053],[-61.04081902399997,13.802403198000036],[-61.04032210799994,13.798205361000043],[-61.038295165999955,13.80167769700006],[-61.037365370999964,13.803487160000032],[-61.03853679499997,13.806852389000028],[-61.035971650999954,13.811271992000059],[-61.033528402999934,13.817805572000054],[-61.03354416299999,13.817830891000028],[-61.038910734999945,13.817585167000061],[-61.04388566099993,13.817154067000047]]]}},{"type":"Feature","id":"gb:8701671B20776144053651","properties":{"id":"gb:8701671B20776144053651","name":"Martin","parentId":"gb:63095687B49372508754012","level":"ADM2","countryCode":"LC"},"geometry":{"type":"Polygon","coordinates":[[[-61.04170142799995,13.79211871900003],[-61.04780947299997,13.792374857000027],[-61.04964187899998,13.787856752000039],[-61.04295050999997,13.78613109500003],[-61.04170142799995,13.79211871900003]]]}},{"type":"Feature","id":"gb:8701671B41472866915589","properties":{"id":"gb:8701671B41472866915589","name":"Le Riche","parentId":"gb:63095687B49372508754012","level":"ADM2","countryCode":"LC"},"geometry":{"type":"Polygon","coordinates":[[[-61.044332054999984,13.784071226000037],[-61.04295050999997,13.78613109500003],[-61.04964187899998,13.787856752000039],[-61.05002413999995,13.784564143000068],[-61.053137608999975,13.781718370000021],[-61.05207299899996,13.779792479000037],[-61.04975800999995,13.780187514000033],[-61.048644638999974,13.781814952000047],[-61.04514832199993,13.782108054000048],[-61.044332054999984,13.784071226000037]]]}},{"type":"Feature","id":"gb:8701671B14194395113255","properties":{"id":"gb:8701671B14194395113255","name":"Cantonement","parentId":"gb:63095687B63570319440385","level":"ADM2","countryCode":"LC"},"geometry":{"type":"Polygon","coordinates":[[[-60.97777479499996,13.750134673000048],[-60.97659591399997,13.754013624000038],[-60.97226901099998,13.75617533600007],[-60.97398776799997,13.759085440000035],[-60.978112461999956,13.761183037000023],[-60.97937480799993,13.758538399000031],[-60.97815631399993,13.752635980000036],[-60.97777479499996,13.750134673000048]]]}},{"type":"Feature","id":"gb:8701671B40447391578275","properties":{"id":"gb:8701671B40447391578275","name":"Obrier","parentId":"gb:63095687B63570319440385","level":"ADM2","countryCode":"LC"},"geometry":{"type":"Polygon","coordinates":[[[-60.975555920999966,13.76394558800007],[-60.97393986599997,13.763020853000057],[-60.971225696999966,13.76369932600005],[-60.97028312899994,13.766083097000035],[-60.96985414499994,13.77080194000007],[-60.97302604999999,13.774056001000076],[-60.975663845999975,13.772352859000023],[-60.97620974899996,13.771433026000068],[-60.974803089999966,13.766195407000055],[-60.975555920999966,13.76394558800007]]]}},{"type":"Feature","id":"gb:8701671B65845111607319","properties":{"id":"gb:8701671B65845111607319","name":"St Jude'S Highway","parentId":"gb:63095687B63570319440385","level":"ADM2","countryCode":"LC"},"geometry":{"type":"Polygon","coordinates":[[[-60.97788820799997,13.762789614000042],[-60.978112461999956,13.761183037000023],[-60.97398776799997,13.759085440000035],[-60.97226901099998,13.75617533600007],[-60.97068890699995,13.750429234000023],[-60.96980282099997,13.752574443000071],[-60.971048931999974,13.756386853000038],[-60.97393986599997,13.763020853000057],[-60.975555920999966,13.76394558800007],[-60.97657543699995,13.764527713000064],[-60.97788820799997,13.762789614000042]]]}},{"type":"Feature","id":"gb:8701671B2397405829195","properties":{"id":"gb:8701671B2397405829195","name":"Hewanorra Orchard","parentId":"gb:63095687B63570319440385","level":"ADM2","countryCode":"LC"},"geometry":{"type":"Polygon","coordinates":[[[-60.973750123999935,13.742653800000028],[-60.971535152999934,13.744220255000073],[-60.97269924999995,13.748120449000055],[-60.973058726999966,13.747214340000028],[-60.973750123999935,13.742653800000028]]]}},{"type":"Feature","id":"gb:8701671B31198157043754","properties":{"id":"gb:8701671B31198157043754","name":"Portalese","parentId":"gb:63095687B49372508754012","level":"ADM2","countryCode":"LC"},"geometry":{"type":"Polygon","coordinates":[[[-61.05207299899996,13.779792479000037],[-61.053137608999975,13.781718370000021],[-61.05513419999994,13.780146847000026],[-61.05333121599995,13.779018715000063],[-61.05207299899996,13.779792479000037]]]}},{"type":"Feature","id":"gb:8701671B8071500438377","properties":{"id":"gb:8701671B8071500438377","name":"Ponyon","parentId":"gb:63095687B49372508754012","level":"ADM2","countryCode":"LC"},"geometry":{"type":"Polygon","coordinates":[[[-61.04032210799994,13.798205361000043],[-61.04081902399997,13.802403198000036],[-61.044596437999985,13.801225568000064],[-61.04659007199996,13.797654263000027],[-61.047591609999984,13.797422134000044],[-61.04780947299997,13.792374857000027],[-61.04170142799995,13.79211871900003],[-61.04064365399995,13.793545560000041],[-61.04032210799994,13.798205361000043]]]}},{"type":"Feature","id":"gb:8701671B94960647396655","properties":{"id":"gb:8701671B94960647396655","name":"Newfield/Fiette","parentId":"gb:63095687B49372508754012","level":"ADM2","countryCode":"LC"},"geometry":{"type":"Polygon","coordinates":[[[-61.04780947299997,13.792374857000027],[-61.047591609999984,13.797422134000044],[-61.05347295299998,13.792368272000033],[-61.05629641699994,13.78288525000005],[-61.057692679999946,13.782334652000031],[-61.05513419999994,13.780146847000026],[-61.053137608999975,13.781718370000021],[-61.05002413999995,13.784564143000068],[-61.04964187899998,13.787856752000039],[-61.04780947299997,13.792374857000027]]]}},{"type":"Feature","id":"gb:8701671B5294461890646","properties":{"id":"gb:8701671B5294461890646","name":"Morne Sion","parentId":"gb:63095687B49372508754012","level":"ADM2","countryCode":"LC"},"geometry":{"type":"Polygon","coordinates":[[[-61.05178593699998,13.800565332000076],[-61.05199299499998,13.800443901000051],[-61.05435815199996,13.799672928000064],[-61.05618804399995,13.796656444000064],[-61.05629787699996,13.79184852700007],[-61.06151238999996,13.786217471000043],[-61.057692679999946,13.782334652000031],[-61.05629641699994,13.78288525000005],[-61.05347295299998,13.792368272000033],[-61.047591609999984,13.797422134000044],[-61.04659007199996,13.797654263000027],[-61.05178593699998,13.800565332000076]]]}},{"type":"Feature","id":"gb:8701671B32861116669136","properties":{"id":"gb:8701671B32861116669136","name":"La Pointe","parentId":"gb:63095687B49372508754012","level":"ADM2","countryCode":"LC"},"geometry":{"type":"Polygon","coordinates":[[[-61.067538182999954,13.798969930000055],[-61.06882377599999,13.791596706000064],[-61.06507315999994,13.787536422000073],[-61.061515319999955,13.79138269200007],[-61.060799277999934,13.79627397400003],[-61.06392091499998,13.79618494500005],[-61.061362645999964,13.800116345000049],[-61.064053790999935,13.801125281000054],[-61.067538182999954,13.798969930000055]]]}},{"type":"Feature","id":"gb:8701671B28263897430178","properties":{"id":"gb:8701671B28263897430178","name":"Industry","parentId":"gb:63095687B49372508754012","level":"ADM2","countryCode":"LC"},"geometry":{"type":"Polygon","coordinates":[[[-61.05618804399995,13.796656444000064],[-61.060799277999934,13.79627397400003],[-61.061515319999955,13.79138269200007],[-61.06507315999994,13.787536422000073],[-61.06151238999996,13.786217471000043],[-61.05629787699996,13.79184852700007],[-61.05618804399995,13.796656444000064]]]}},{"type":"Feature","id":"gb:8701671B85169170830121","properties":{"id":"gb:8701671B85169170830121","name":"Delcer","parentId":"gb:63095687B49372508754012","level":"ADM2","countryCode":"LC"},"geometry":{"type":"Polygon","coordinates":[[[-61.05919915199996,13.808310466000023],[-61.06128177599999,13.805429576000051],[-61.061537758999975,13.802812108000069],[-61.064053790999935,13.801125281000054],[-61.061362645999964,13.800116345000049],[-61.06392091499998,13.79618494500005],[-61.060799277999934,13.79627397400003],[-61.05618804399995,13.796656444000064],[-61.05435815199996,13.799672928000064],[-61.05642906899993,13.807716159000051],[-61.05941838899997,13.80701435800006],[-61.05919915199996,13.808310466000023]]]}},{"type":"Feature","id":"gb:8701671B52742071766833","properties":{"id":"gb:8701671B52742071766833","name":"Franciou","parentId":"gb:63095687B49372508754012","level":"ADM2","countryCode":"LC"},"geometry":{"type":"Polygon","coordinates":[[[-61.05642906899993,13.807716159000051],[-61.05435815199996,13.799672928000064],[-61.05199299499998,13.800443901000051],[-61.05373939799995,13.805280720000042],[-61.054117545999986,13.80939337500007],[-61.05642906899993,13.807716159000051]]]}},{"type":"Feature","id":"gb:8701671B64891030149560","properties":{"id":"gb:8701671B64891030149560","name":"Esperance","parentId":"gb:63095687B49372508754012","level":"ADM2","countryCode":"LC"},"geometry":{"type":"Polygon","coordinates":[[[-61.054117545999986,13.80939337500007],[-61.05373939799995,13.805280720000042],[-61.05188236299995,13.807004286000051],[-61.053317841999956,13.810797088000072],[-61.05396229199994,13.81082529500003],[-61.054117545999986,13.80939337500007]]]}},{"type":"Feature","id":"gb:8701671B87910523251509","properties":{"id":"gb:8701671B87910523251509","name":"Mailly Motete","parentId":"gb:63095687B49372508754012","level":"ADM2","countryCode":"LC"},"geometry":{"type":"Polygon","coordinates":[[[-61.03354416299999,13.817830891000028],[-61.033528402999934,13.817805572000054],[-61.02724637299997,13.813098371000024],[-61.02250946799995,13.818927511000027],[-61.025539708999986,13.822699491000037],[-61.03354416299999,13.817830891000028]]]}},{"type":"Feature","id":"gb:8701671B38315544372764","properties":{"id":"gb:8701671B38315544372764","name":"Bois D'Inde","parentId":"gb:63095687B49372508754012","level":"ADM2","countryCode":"LC"},"geometry":{"type":"Polygon","coordinates":[[[-61.048731385999986,13.808059112000024],[-61.05188236299995,13.807004286000051],[-61.05373939799995,13.805280720000042],[-61.05199299499998,13.800443901000051],[-61.05178593699998,13.800565332000076],[-61.047350033999976,13.80237098300006],[-61.04423074599998,13.806160659000057],[-61.048731385999986,13.808059112000024]]]}},{"type":"Feature","id":"gb:8701671B55959658835891","properties":{"id":"gb:8701671B55959658835891","name":"Derriere Morne","parentId":"gb:63095687B49372508754012","level":"ADM2","countryCode":"LC"},"geometry":{"type":"Polygon","coordinates":[[[-61.053317841999956,13.810797088000072],[-61.05188236299995,13.807004286000051],[-61.048731385999986,13.808059112000024],[-61.04994309099993,13.811292508000065],[-61.053317841999956,13.810797088000072]]]}},{"type":"Feature","id":"gb:8701671B29380756423502","properties":{"id":"gb:8701671B29380756423502","name":"Tete Morne","parentId":"gb:63095687B42817258586373","level":"ADM2","countryCode":"LC"},"geometry":{"type":"Polygon","coordinates":[[[-61.03832351699998,13.759541538000065],[-61.03356530299993,13.757196172000022],[-61.03018292499996,13.76399843200005],[-61.03194685999995,13.766545721000057],[-61.03330111199995,13.765387019000059],[-61.03471556299996,13.766065701000059],[-61.03445458799996,13.76293733700004],[-61.03832351699998,13.759541538000065]]]}},{"type":"Feature","id":"gb:8701671B48752097884677","properties":{"id":"gb:8701671B48752097884677","name":"Bongalo","parentId":"gb:63095687B42817258586373","level":"ADM2","countryCode":"LC"},"geometry":{"type":"Polygon","coordinates":[[[-61.03194685999995,13.766545721000057],[-61.03018292499996,13.76399843200005],[-61.02751094599995,13.768015386000059],[-61.027804695999976,13.768650979000029],[-61.02989662699997,13.768919303000075],[-61.03187073399994,13.76829071700007],[-61.03194685999995,13.766545721000057]]]}},{"type":"Feature","id":"gb:8701671B19228970825308","properties":{"id":"gb:8701671B19228970825308","name":"Morne Lezard Estate","parentId":"gb:63095687B42817258586373","level":"ADM2","countryCode":"LC"},"geometry":{"type":"Polygon","coordinates":[[[-61.03002016499994,13.774434614000029],[-61.02989662699997,13.768919303000075],[-61.027804695999976,13.768650979000029],[-61.02681710699994,13.774928974000034],[-61.02058682699993,13.778170138000064],[-61.01989047899997,13.780902668000067],[-61.02395075399994,13.784347923000041],[-61.03002016499994,13.774434614000029]]]}},{"type":"Feature","id":"gb:8701671B55791110195050","properties":{"id":"gb:8701671B55791110195050","name":"Gayabois","parentId":"gb:63095687B42817258586373","level":"ADM2","countryCode":"LC"},"geometry":{"type":"Polygon","coordinates":[[[-61.02395075399994,13.784347923000041],[-61.01989047899997,13.780902668000067],[-61.016140330999974,13.779402251000022],[-61.01226145099997,13.783623783000053],[-61.012852866999935,13.791360736000058],[-61.021871963999956,13.792956880000077],[-61.025313919999974,13.788825631000066],[-61.02395075399994,13.784347923000041]]]}},{"type":"Feature","id":"gb:8701671B86679693622237","properties":{"id":"gb:8701671B86679693622237","name":"Parc Estate","parentId":"gb:63095687B42817258586373","level":"ADM2","countryCode":"LC"},"geometry":{"type":"Polygon","coordinates":[[[-61.021871963999956,13.792956880000077],[-61.012852866999935,13.791360736000058],[-61.01170460599997,13.794483046000039],[-61.01309320499996,13.799410240000043],[-61.011640030999956,13.80073077000003],[-61.01190353299995,13.802399424000043],[-61.01586201599997,13.802958710000041],[-61.021871963999956,13.792956880000077]]]}},{"type":"Feature","id":"gb:8701671B43129052292298","properties":{"id":"gb:8701671B43129052292298","name":"Saltibus","parentId":"gb:63095687B42817258586373","level":"ADM2","countryCode":"LC"},"geometry":{"type":"Polygon","coordinates":[[[-61.00676427099995,13.825019466000072],[-61.01121097599997,13.817533511000022],[-61.012263007999934,13.812208422000026],[-61.01602658099995,13.806873766000024],[-61.01585708799996,13.802977867000038],[-61.01586201599997,13.802958710000041],[-61.01190353299995,13.802399424000043],[-61.011640030999956,13.80073077000003],[-61.011158802999944,13.800932117000059],[-61.00791427099995,13.802935059000049],[-61.00780351999998,13.813317936000033],[-61.00535120599994,13.816822032000061],[-61.005935990999944,13.818748011000025],[-61.002581470999985,13.824220915000069],[-61.00676427099995,13.825019466000072]]]}},{"type":"Feature","id":"gb:8701671B91948443212485","properties":{"id":"gb:8701671B91948443212485","name":"Daban","parentId":"gb:63095687B42817258586373","level":"ADM2","countryCode":"LC"},"geometry":{"type":"Polygon","coordinates":[[[-61.00535120599994,13.816822032000061],[-61.00780351999998,13.813317936000033],[-61.00791427099995,13.802935059000049],[-61.011158802999944,13.800932117000059],[-61.00123248399996,13.797455280000065],[-61.000106423999966,13.797583110000062],[-60.998440855999945,13.805082403000029],[-61.00412425099995,13.810447128000021],[-61.004432802999986,13.816606689000025],[-61.00535120599994,13.816822032000061]]]}},{"type":"Feature","id":"gb:8701671B22929774804888","properties":{"id":"gb:8701671B22929774804888","name":"Warwick/Daban","parentId":"gb:63095687B42817258586373","level":"ADM2","countryCode":"LC"},"geometry":{"type":"Polygon","coordinates":[[[-61.004432802999986,13.816606689000025],[-61.00412425099995,13.810447128000021],[-60.998440855999945,13.805082403000029],[-60.99642079599994,13.807811577000052],[-60.99716704599996,13.813619006000067],[-61.004432802999986,13.816606689000025]]]}},{"type":"Feature","id":"gb:8701671B87129820959835","properties":{"id":"gb:8701671B87129820959835","name":"Giraud","parentId":"gb:63095687B42817258586373","level":"ADM2","countryCode":"LC"},"geometry":{"type":"Polygon","coordinates":[[[-61.01226145099997,13.783623783000053],[-61.009105244999944,13.784763204000058],[-61.00547518399998,13.784826258000066],[-61.00388407199995,13.788752884000075],[-61.004971867999984,13.793429682000067],[-61.002078144999984,13.795053734000021],[-61.00123248399996,13.797455280000065],[-61.011158802999944,13.800932117000059],[-61.011640030999956,13.80073077000003],[-61.01309320499996,13.799410240000043],[-61.01170460599997,13.794483046000039],[-61.012852866999935,13.791360736000058],[-61.01226145099997,13.783623783000053]]]}},{"type":"Feature","id":"gb:8701671B30970661206572","properties":{"id":"gb:8701671B30970661206572","name":"Balca","parentId":"gb:63095687B42817258586373","level":"ADM2","countryCode":"LC"},"geometry":{"type":"Polygon","coordinates":[[[-61.02058682699993,13.778170138000064],[-61.02681710699994,13.774928974000034],[-61.027804695999976,13.768650979000029],[-61.02751094599995,13.768015386000059],[-61.02460508199994,13.765274617000046],[-61.01862014899996,13.769584327000075],[-61.01944347399996,13.772747758000037],[-61.02224603999997,13.771967923000034],[-61.023070039999936,13.773017741000046],[-61.02028921999994,13.774810796000054],[-61.02058682699993,13.778170138000064]]]}},{"type":"Feature","id":"gb:8701671B72959640308554","properties":{"id":"gb:8701671B72959640308554","name":"Balembouche","parentId":"gb:63095687B42817258586373","level":"ADM2","countryCode":"LC"},"geometry":{"type":"Polygon","coordinates":[[[-61.03356530299993,13.757196172000022],[-61.03092103999995,13.754732058000059],[-61.02645495899998,13.754499158000044],[-61.02390051499998,13.760449763000054],[-61.02460508199994,13.765274617000046],[-61.02751094599995,13.768015386000059],[-61.03018292499996,13.76399843200005],[-61.03356530299993,13.757196172000022]]]}},{"type":"Feature","id":"gb:8701671B45365250149949","properties":{"id":"gb:8701671B45365250149949","name":"Piaye","parentId":"gb:63095687B42817258586373","level":"ADM2","countryCode":"LC"},"geometry":{"type":"Polygon","coordinates":[[[-61.02645495899998,13.754499158000044],[-61.025137359999974,13.752892642000063],[-61.019184199999984,13.75323779100006],[-61.02101924699997,13.755271339000046],[-61.02064878699997,13.76067297000003],[-61.02390051499998,13.760449763000054],[-61.02645495899998,13.754499158000044]]]}},{"type":"Feature","id":"gb:8701671B71036629686729","properties":{"id":"gb:8701671B71036629686729","name":"La Perle","parentId":"gb:63095687B42817258586373","level":"ADM2","countryCode":"LC"},"geometry":{"type":"Polygon","coordinates":[[[-61.02460508199994,13.765274617000046],[-61.02390051499998,13.760449763000054],[-61.02064878699997,13.76067297000003],[-61.018105650999985,13.764149878000069],[-61.01636396699996,13.766315474000066],[-61.01749725999997,13.769118565000042],[-61.01862014899996,13.769584327000075],[-61.02460508199994,13.765274617000046]]]}},{"type":"Feature","id":"gb:8701671B35578223598548","properties":{"id":"gb:8701671B35578223598548","name":"Londonderry","parentId":"gb:63095687B42817258586373","level":"ADM2","countryCode":"LC"},"geometry":{"type":"Polygon","coordinates":[[[-61.01944347399996,13.772747758000037],[-61.01862014899996,13.769584327000075],[-61.01749725999997,13.769118565000042],[-61.013325074999955,13.770259235000026],[-61.01040240499998,13.773764302000075],[-61.00892868599993,13.777565869000057],[-61.009105244999944,13.784763204000058],[-61.01226145099997,13.783623783000053],[-61.016140330999974,13.779402251000022],[-61.01944347399996,13.772747758000037]]]}},{"type":"Feature","id":"gb:8701671B56086336550970","properties":{"id":"gb:8701671B56086336550970","name":"Getrine","parentId":"gb:63095687B42817258586373","level":"ADM2","countryCode":"LC"},"geometry":{"type":"Polygon","coordinates":[[[-61.009105244999944,13.784763204000058],[-61.00892868599993,13.777565869000057],[-61.005589148999945,13.780896678000033],[-61.00547518399998,13.784826258000066],[-61.009105244999944,13.784763204000058]]]}},{"type":"Feature","id":"gb:8701671B45251476998803","properties":{"id":"gb:8701671B45251476998803","name":"Industrial Estate","parentId":"gb:63095687B63570319440385","level":"ADM2","countryCode":"LC"},"geometry":{"type":"Polygon","coordinates":[[[-60.973058726999966,13.747214340000028],[-60.97269924999995,13.748120449000055],[-60.971535152999934,13.744220255000073],[-60.973750123999935,13.742653800000028],[-60.975522387999945,13.737452229000041],[-60.98007050599995,13.735629550000056],[-60.97706230399996,13.729957655000021],[-60.974526424999965,13.729431494000039],[-60.97370055199997,13.731527723000056],[-60.970179927999936,13.73299466700007],[-60.96966796799995,13.736457874000052],[-60.971051311999986,13.742261278000058],[-60.97046130899997,13.749886229000026],[-60.97068890699995,13.750429234000023],[-60.97226901099998,13.75617533600007],[-60.97659591399997,13.754013624000038],[-60.97777479499996,13.750134673000048],[-60.973807059999956,13.749451695000062],[-60.973058726999966,13.747214340000028]]]}},{"type":"Feature","id":"gb:8701671B69443980159425","properties":{"id":"gb:8701671B69443980159425","name":"Cocoa Dan","parentId":"gb:63095687B63570319440385","level":"ADM2","countryCode":"LC"},"geometry":{"type":"Polygon","coordinates":[[[-60.974526424999965,13.729431494000039],[-60.96985182299994,13.730263997000066],[-60.970179927999936,13.73299466700007],[-60.97370055199997,13.731527723000056],[-60.974526424999965,13.729431494000039]]]}},{"type":"Feature","id":"gb:8701671B1991093639025","properties":{"id":"gb:8701671B1991093639025","name":"Fond Berange","parentId":"gb:63095687B42817258586373","level":"ADM2","countryCode":"LC"},"geometry":{"type":"Polygon","coordinates":[[[-61.00547518399998,13.784826258000066],[-61.005589148999945,13.780896678000033],[-61.00892868599993,13.777565869000057],[-61.00309872799994,13.777008956000032],[-61.00096184999995,13.77945544000005],[-61.000562946999935,13.788449796000066],[-61.00388407199995,13.788752884000075],[-61.00547518399998,13.784826258000066]]]}},{"type":"Feature","id":"gb:8701671B22058673565731","properties":{"id":"gb:8701671B22058673565731","name":"Olibo","parentId":"gb:63095687B42817258586373","level":"ADM2","countryCode":"LC"},"geometry":{"type":"Polygon","coordinates":[[[-61.00309872799994,13.777008956000032],[-60.99994543699995,13.774699200000043],[-60.99582842899997,13.77463537500006],[-60.99455743699997,13.775837224000043],[-61.00096184999995,13.77945544000005],[-61.00309872799994,13.777008956000032]]]}},{"type":"Feature","id":"gb:8701671B25026940525342","properties":{"id":"gb:8701671B25026940525342","name":"Annus","parentId":"gb:63095687B42817258586373","level":"ADM2","countryCode":"LC"},"geometry":{"type":"Polygon","coordinates":[[[-61.01040240499998,13.773764302000075],[-61.00142532799998,13.771475298000041],[-60.99994543699995,13.774699200000043],[-61.00309872799994,13.777008956000032],[-61.00892868599993,13.777565869000057],[-61.01040240499998,13.773764302000075]]]}},{"type":"Feature","id":"gb:8701671B91946398565623","properties":{"id":"gb:8701671B91946398565623","name":"La Haut","parentId":"gb:63095687B42817258586373","level":"ADM2","countryCode":"LC"},"geometry":{"type":"Polygon","coordinates":[[[-61.00123248399996,13.797455280000065],[-61.002078144999984,13.795053734000021],[-61.004971867999984,13.793429682000067],[-61.00388407199995,13.788752884000075],[-61.000562946999935,13.788449796000066],[-60.99705680699998,13.786913652000067],[-60.995890964999944,13.789860959000066],[-60.99690746599998,13.796788738000032],[-61.000106423999966,13.797583110000062],[-61.00123248399996,13.797455280000065]]]}},{"type":"Feature","id":"gb:8701671B8403911269466","properties":{"id":"gb:8701671B8403911269466","name":"Banse La Grace","parentId":"gb:63095687B42817258586373","level":"ADM2","countryCode":"LC"},"geometry":{"type":"Polygon","coordinates":[[[-61.00096184999995,13.77945544000005],[-60.99455743699997,13.775837224000043],[-60.99459325599997,13.778270926000062],[-60.998084191999965,13.782913030000032],[-60.99705680699998,13.786913652000067],[-61.000562946999935,13.788449796000066],[-61.00096184999995,13.77945544000005]]]}},{"type":"Feature","id":"gb:8701671B18948997599977","properties":{"id":"gb:8701671B18948997599977","name":"Banse","parentId":"gb:63095687B42817258586373","level":"ADM2","countryCode":"LC"},"geometry":{"type":"Polygon","coordinates":[[[-61.000106423999966,13.797583110000062],[-60.99690746599998,13.796788738000032],[-60.995890964999944,13.789860959000066],[-60.99705680699998,13.786913652000067],[-60.998084191999965,13.782913030000032],[-60.99459325599997,13.778270926000062],[-60.99455743699997,13.775837224000043],[-60.99454055599995,13.775837267000043],[-60.98723076299996,13.776901470000041],[-60.98891740499994,13.783642274000044],[-60.98434335799993,13.785455684000055],[-60.98604849399999,13.793815966000068],[-60.99244960899995,13.798229767000066],[-60.992804787999944,13.800325224000062],[-60.99077343199997,13.802609193000023],[-60.994003437999936,13.813268982000068],[-60.99473093199998,13.814314308000064],[-60.99607525399995,13.812640196000075],[-60.99716704599996,13.813619006000067],[-60.99642079599994,13.807811577000052],[-60.998440855999945,13.805082403000029],[-61.000106423999966,13.797583110000062]]]}},{"type":"Feature","id":"gb:8701671B98275971460966","properties":{"id":"gb:8701671B98275971460966","name":"Macdomel","parentId":"gb:63095687B42817258586373","level":"ADM2","countryCode":"LC"},"geometry":{"type":"Polygon","coordinates":[[[-60.98308233399996,13.771760179000069],[-60.98138405499998,13.775408780000078],[-60.98288937299998,13.779625770000052],[-60.98218753799995,13.782988492000072],[-60.98215374199998,13.784561730000064],[-60.98434335799993,13.785455684000055],[-60.98891740499994,13.783642274000044],[-60.98723076299996,13.776901470000041],[-60.988405118999935,13.77493204800004],[-60.987751050999975,13.772112218000075],[-60.985905859999946,13.764638733000027],[-60.98428791099997,13.761754891000066],[-60.98347049399996,13.763219119000041],[-60.983623697999974,13.76629058900005],[-60.981186169999944,13.767913381000028],[-60.98308233399996,13.771760179000069]]]}},{"type":"Feature","id":"gb:8701671B32276542748639","properties":{"id":"gb:8701671B32276542748639","name":"Beyar","parentId":"gb:63095687B42817258586373","level":"ADM2","countryCode":"LC"},"geometry":{"type":"Polygon","coordinates":[[[-60.99454055599995,13.775837267000043],[-60.992134255999986,13.771530773000052],[-60.987751050999975,13.772112218000075],[-60.988405118999935,13.77493204800004],[-60.98723076299996,13.776901470000041],[-60.99454055599995,13.775837267000043]]]}},{"type":"Feature","id":"gb:8701671B65386836314559","properties":{"id":"gb:8701671B65386836314559","name":"Morne Paul","parentId":"gb:63095687B42817258586373","level":"ADM2","countryCode":"LC"},"geometry":{"type":"Polygon","coordinates":[[[-61.00178561499996,13.760935564000022],[-61.00142532799998,13.771475298000041],[-61.01040240499998,13.773764302000075],[-61.013325074999955,13.770259235000026],[-61.01749725999997,13.769118565000042],[-61.01636396699996,13.766315474000066],[-61.018105650999985,13.764149878000069],[-61.01254744199997,13.763052377000065],[-61.011092185999985,13.760411474000023],[-61.007249626999965,13.760517265000033],[-61.001745384999936,13.757341813000039],[-61.00178561499996,13.760935564000022]]]}},{"type":"Feature","id":"gb:8701671B62248544319556","properties":{"id":"gb:8701671B62248544319556","name":"Saphire","parentId":"gb:63095687B42817258586373","level":"ADM2","countryCode":"LC"},"geometry":{"type":"Polygon","coordinates":[[[-61.001745384999936,13.757341813000039],[-61.007249626999965,13.760517265000033],[-61.011092185999985,13.760411474000023],[-61.01254744199997,13.763052377000065],[-61.018105650999985,13.764149878000069],[-61.02064878699997,13.76067297000003],[-61.02101924699997,13.755271339000046],[-61.019184199999984,13.75323779100006],[-61.016563950999966,13.752750744000025],[-61.016014079999934,13.750668287000053],[-61.010028681999984,13.751802681000072],[-61.00684286899997,13.749877998000045],[-61.00600181599998,13.751464995000049],[-61.00207682299998,13.751896990000034],[-61.00214167799999,13.752778815000056],[-61.001961697999945,13.754866034000031],[-61.001745384999936,13.757341813000039]]]}},{"type":"Feature","id":"gb:8701671B78073152626196","properties":{"id":"gb:8701671B78073152626196","name":"Gentil","parentId":"gb:63095687B42817258586373","level":"ADM2","countryCode":"LC"},"geometry":{"type":"Polygon","coordinates":[[[-60.987751050999975,13.772112218000075],[-60.992134255999986,13.771530773000052],[-60.987694585999975,13.762766794000072],[-60.985905859999946,13.764638733000027],[-60.987751050999975,13.772112218000075]]]}},{"type":"Feature","id":"gb:8701671B98929881441736","properties":{"id":"gb:8701671B98929881441736","name":"H'Erelle","parentId":"gb:63095687B42817258586373","level":"ADM2","countryCode":"LC"},"geometry":{"type":"Polygon","coordinates":[[[-60.988817488999985,13.752408823000053],[-60.98439811099996,13.747985756000048],[-60.98270059699996,13.749498291000066],[-60.98302083599998,13.752438761000064],[-60.984608555999955,13.755760081000062],[-60.98428791099997,13.761754891000066],[-60.985905859999946,13.764638733000027],[-60.987694585999975,13.762766794000072],[-60.988721844999986,13.760443870000074],[-60.991546847999984,13.759700530000032],[-60.99087234499996,13.754629945000033],[-60.988817488999985,13.752408823000053]]]}},{"type":"Feature","id":"gb:8701671B16290064127769","properties":{"id":"gb:8701671B16290064127769","name":"Morne Gomier","parentId":"gb:63095687B42817258586373","level":"ADM2","countryCode":"LC"},"geometry":{"type":"Polygon","coordinates":[[[-60.99636075799998,13.754948097000067],[-60.99087234499996,13.754629945000033],[-60.991546847999984,13.759700530000032],[-60.988721844999986,13.760443870000074],[-60.987694585999975,13.762766794000072],[-60.992134255999986,13.771530773000052],[-60.99454055599995,13.775837267000043],[-60.99455743699997,13.775837224000043],[-60.99582842899997,13.77463537500006],[-60.99994543699995,13.774699200000043],[-61.00142532799998,13.771475298000041],[-61.00178561499996,13.760935564000022],[-61.00106355499997,13.76309431900006],[-60.99774312599993,13.762995992000072],[-60.99611330499994,13.761299148000035],[-60.99636075799998,13.754948097000067]]]}},{"type":"Feature","id":"gb:8701671B97284253822936","properties":{"id":"gb:8701671B97284253822936","name":"Westall Group/The Mangue","parentId":"gb:63095687B63570319440385","level":"ADM2","countryCode":"LC"},"geometry":{"type":"Polygon","coordinates":[[[-60.95235593499996,13.726465073000043],[-60.95189311399997,13.727848925000046],[-60.95341871599999,13.728492003000042],[-60.95431612099998,13.726652513000033],[-60.952618230999974,13.725760396000055],[-60.95235593499996,13.726465073000043]]]}},{"type":"Feature","id":"gb:8701671B37545518209863","properties":{"id":"gb:8701671B37545518209863","name":"Moule A Chique","parentId":"gb:63095687B63570319440385","level":"ADM2","countryCode":"LC"},"geometry":{"type":"Polygon","coordinates":[[[-60.94721607699995,13.723230074000071],[-60.95043716199996,13.722333676000062],[-60.952661742999965,13.724647451000067],[-60.95398949299994,13.723675185000047],[-60.95278088699996,13.721073299000068],[-60.95442044899994,13.72020135200006],[-60.95259857999997,13.72099111700004],[-60.95234756299993,13.716886134000049],[-60.955557812999984,13.713221131000068],[-60.958443699999975,13.713250162000065],[-60.95850805699996,13.71086471700005],[-60.95519320799997,13.708783396000058],[-60.95196843999997,13.711754733000078],[-60.94713342599994,13.707416428000045],[-60.94603674299998,13.708761655000046],[-60.939635307999936,13.70947572700004],[-60.93881832599993,13.711242751000043],[-60.93947465399998,13.714353518000053],[-60.94531841999998,13.71802198100005],[-60.94721607699995,13.723230074000071]]]}},{"type":"Feature","id":"gb:8701671B74160923345613","properties":{"id":"gb:8701671B74160923345613","name":"Vieux Fort/Laborie Highway","parentId":"gb:63095687B63570319440385","level":"ADM2","countryCode":"LC"},"geometry":{"type":"Polygon","coordinates":[[[-60.970179927999936,13.73299466700007],[-60.96985182299994,13.730263997000066],[-60.96281936499997,13.730606928000043],[-60.95784152199997,13.72785622400005],[-60.957088392999935,13.730190665000066],[-60.95223714399998,13.73220870800003],[-60.96070305799998,13.731141772000058],[-60.969216545999984,13.732187991000046],[-60.96883820199997,13.736428854000053],[-60.96966796799995,13.736457874000052],[-60.970179927999936,13.73299466700007]]]}},{"type":"Feature","id":"gb:8701671B96536961646106","properties":{"id":"gb:8701671B96536961646106","name":"Catin","parentId":"gb:63095687B63570319440385","level":"ADM2","countryCode":"LC"},"geometry":{"type":"Polygon","coordinates":[[[-60.97960275599996,13.77166197400004],[-60.977906351999934,13.772861846000069],[-60.97620974899996,13.771433026000068],[-60.975663845999975,13.772352859000023],[-60.97671845399998,13.778460404000043],[-60.98015480299995,13.784629350000046],[-60.98218753799995,13.782988492000072],[-60.98288937299998,13.779625770000052],[-60.98138405499998,13.775408780000078],[-60.98308233399996,13.771760179000069],[-60.97960275599996,13.77166197400004]]]}},{"type":"Feature","id":"gb:8701671B31536824051324","properties":{"id":"gb:8701671B31536824051324","name":"Bruceville/Shanty Town","parentId":"gb:63095687B63570319440385","level":"ADM2","countryCode":"LC"},"geometry":{"type":"Polygon","coordinates":[[[-60.952618230999974,13.725760396000055],[-60.952661742999965,13.724647451000067],[-60.95043716199996,13.722333676000062],[-60.94721607699995,13.723230074000071],[-60.94475469499997,13.727676096000039],[-60.947837077999964,13.728965447000064],[-60.94827551199995,13.727287678000039],[-60.95061358999993,13.728521716000046],[-60.95096513799996,13.726572735000047],[-60.95235593499996,13.726465073000043],[-60.952618230999974,13.725760396000055]]]}},{"type":"Feature","id":"gb:8701671B8981340817709","properties":{"id":"gb:8701671B8981340817709","name":"Morne Vert","parentId":"gb:63095687B63570319440385","level":"ADM2","countryCode":"LC"},"geometry":{"type":"Polygon","coordinates":[[[-60.97302604999999,13.774056001000076],[-60.97302759499996,13.776499014000024],[-60.97400965899993,13.780768600000044],[-60.978792571999975,13.786141903000043],[-60.98015480299995,13.784629350000046],[-60.97671845399998,13.778460404000043],[-60.975663845999975,13.772352859000023],[-60.97302604999999,13.774056001000076]]]}},{"type":"Feature","id":"gb:8701671B57020485893312","properties":{"id":"gb:8701671B57020485893312","name":"Maganier","parentId":"gb:63095687B63570319440385","level":"ADM2","countryCode":"LC"},"geometry":{"type":"Polygon","coordinates":[[[-60.98434335799993,13.785455684000055],[-60.98215374199998,13.784561730000064],[-60.98218753799995,13.782988492000072],[-60.98015480299995,13.784629350000046],[-60.978792571999975,13.786141903000043],[-60.98203713099997,13.798701695000034],[-60.98785252899995,13.804082576000042],[-60.99077343199997,13.802609193000023],[-60.992804787999944,13.800325224000062],[-60.99244960899995,13.798229767000066],[-60.98604849399999,13.793815966000068],[-60.98434335799993,13.785455684000055]]]}},{"type":"Feature","id":"gb:8701671B33635631845794","properties":{"id":"gb:8701671B33635631845794","name":"Derierre Morne","parentId":"gb:63095687B63570319440385","level":"ADM2","countryCode":"LC"},"geometry":{"type":"Polygon","coordinates":[[[-60.957300275999955,13.741588551000063],[-60.95740618199994,13.742695366000078],[-60.96161646899998,13.744436138000026],[-60.963345249999975,13.738374836000048],[-60.960042372999965,13.738863235000053],[-60.957300275999955,13.741588551000063]]]}},{"type":"Feature","id":"gb:8701671B9732663070943","properties":{"id":"gb:8701671B9732663070943","name":"La Tourney/Cedar Heights","parentId":"gb:63095687B63570319440385","level":"ADM2","countryCode":"LC"},"geometry":{"type":"Polygon","coordinates":[[[-60.96966796799995,13.736457874000052],[-60.96883820199997,13.736428854000053],[-60.956536196999934,13.73566007100004],[-60.955564134999975,13.740448653000044],[-60.95555747499998,13.740468251000038],[-60.957300275999955,13.741588551000063],[-60.960042372999965,13.738863235000053],[-60.963345249999975,13.738374836000048],[-60.96161646899998,13.744436138000026],[-60.96566338799994,13.746435726000072],[-60.96770013599996,13.750301771000068],[-60.97046130899997,13.749886229000026],[-60.971051311999986,13.742261278000058],[-60.96966796799995,13.736457874000052]]]}},{"type":"Feature","id":"gb:8701671B98536206371918","properties":{"id":"gb:8701671B98536206371918","name":"Docamel/La Resource","parentId":"gb:63095687B63570319440385","level":"ADM2","countryCode":"LC"},"geometry":{"type":"Polygon","coordinates":[[[-60.957300275999955,13.741588551000063],[-60.95555747499998,13.740468251000038],[-60.95442659599996,13.743367478000039],[-60.95740618199994,13.742695366000078],[-60.957300275999955,13.741588551000063]]]}},{"type":"Feature","id":"gb:8701671B45952926697202","properties":{"id":"gb:8701671B45952926697202","name":"La Resource","parentId":"gb:63095687B63570319440385","level":"ADM2","countryCode":"LC"},"geometry":{"type":"Polygon","coordinates":[[[-60.97068890699995,13.750429234000023],[-60.97046130899997,13.749886229000026],[-60.96770013599996,13.750301771000068],[-60.96566338799994,13.746435726000072],[-60.96161646899998,13.744436138000026],[-60.95740618199994,13.742695366000078],[-60.95442659599996,13.743367478000039],[-60.95555747499998,13.740468251000038],[-60.955564134999975,13.740448653000044],[-60.95095169499996,13.74226574100004],[-60.95222548199996,13.74438159500005],[-60.955024084999934,13.744117020000033],[-60.95828636799996,13.748550238000064],[-60.96051572699997,13.747328150000044],[-60.96229250599998,13.751574365000067],[-60.96304371499997,13.752899660000026],[-60.96473195799996,13.751432643000044],[-60.966849809999985,13.755074514000057],[-60.971048931999974,13.756386853000038],[-60.96980282099997,13.752574443000071],[-60.97068890699995,13.750429234000023]]]}},{"type":"Feature","id":"gb:8701671B80994766223390","properties":{"id":"gb:8701671B80994766223390","name":"La Retraite","parentId":"gb:63095687B63570319440385","level":"ADM2","countryCode":"LC"},"geometry":{"type":"Polygon","coordinates":[[[-60.97393986599997,13.763020853000057],[-60.971048931999974,13.756386853000038],[-60.966849809999985,13.755074514000057],[-60.96473195799996,13.751432643000044],[-60.96304371499997,13.752899660000026],[-60.96229250599998,13.751574365000067],[-60.95999587799997,13.755148745000042],[-60.96296721199997,13.75626654000007],[-60.96116995299997,13.757874442000059],[-60.96195232399998,13.760091196000076],[-60.960221400999956,13.761209327000074],[-60.96212858999996,13.762591843000052],[-60.96262390099997,13.765772266000056],[-60.96795161799997,13.764653802000055],[-60.97028312899994,13.766083097000035],[-60.971225696999966,13.76369932600005],[-60.97393986599997,13.763020853000057]]]}},{"type":"Feature","id":"gb:8701671B91261158207926","properties":{"id":"gb:8701671B91261158207926","name":"Plut","parentId":"gb:63095687B63570319440385","level":"ADM2","countryCode":"LC"},"geometry":{"type":"Polygon","coordinates":[[[-60.96084934999993,13.778089486000056],[-60.96240215599994,13.778440828000043],[-60.96278234999994,13.776254916000028],[-60.96090371499997,13.770820840000056],[-60.95813260299997,13.771565646000056],[-60.95888635699998,13.774294687000065],[-60.96084934999993,13.778089486000056]]]}},{"type":"Feature","id":"gb:8701671B78477528803813","properties":{"id":"gb:8701671B78477528803813","name":"Hope Estate","parentId":"gb:63095687B63570319440385","level":"ADM2","countryCode":"LC"},"geometry":{"type":"Polygon","coordinates":[[[-60.95999587799997,13.755148745000042],[-60.95748956099993,13.761421656000039],[-60.95437341599995,13.761225567000054],[-60.95213774599995,13.768155215000036],[-60.95813260299997,13.771565646000056],[-60.96090371499997,13.770820840000056],[-60.962056090999965,13.76928986400003],[-60.96262390099997,13.765772266000056],[-60.96212858999996,13.762591843000052],[-60.960221400999956,13.761209327000074],[-60.96195232399998,13.760091196000076],[-60.96116995299997,13.757874442000059],[-60.96296721199997,13.75626654000007],[-60.95999587799997,13.755148745000042]]]}},{"type":"Feature","id":"gb:8701671B72346500642507","properties":{"id":"gb:8701671B72346500642507","name":"Coolie Town","parentId":"gb:63095687B63570319440385","level":"ADM2","countryCode":"LC"},"geometry":{"type":"Polygon","coordinates":[[[-60.97028312899994,13.766083097000035],[-60.96795161799997,13.764653802000055],[-60.96262390099997,13.765772266000056],[-60.962056090999965,13.76928986400003],[-60.96453206799998,13.77076648600007],[-60.96650665499993,13.774643182000034],[-60.96942821899995,13.773448668000071],[-60.96985414499994,13.77080194000007],[-60.97028312899994,13.766083097000035]]]}},{"type":"Feature","id":"gb:8701671B41249245584298","properties":{"id":"gb:8701671B41249245584298","name":"Carierre","parentId":"gb:63095687B63570319440385","level":"ADM2","countryCode":"LC"},"geometry":{"type":"Polygon","coordinates":[[[-60.962911349999956,13.78594918400006],[-60.97368981899996,13.788917279000032],[-60.969054136999944,13.782387276000065],[-60.96409600099997,13.782768757000042],[-60.96178465899993,13.781474403000061],[-60.961166125999966,13.784895779000067],[-60.962911349999956,13.78594918400006]]]}},{"type":"Feature","id":"gb:8701671B68052266894517","properties":{"id":"gb:8701671B68052266894517","name":"Woodlands","parentId":"gb:63095687B63570319440385","level":"ADM2","countryCode":"LC"},"geometry":{"type":"Polygon","coordinates":[[[-60.99716704599996,13.813619006000067],[-60.99607525399995,13.812640196000075],[-60.99473093199998,13.814314308000064],[-60.994003437999936,13.813268982000068],[-60.99077343199997,13.802609193000023],[-60.98785252899995,13.804082576000042],[-60.98203713099997,13.798701695000034],[-60.978792571999975,13.786141903000043],[-60.97400965899993,13.780768600000044],[-60.97302759499996,13.776499014000024],[-60.969054136999944,13.782387276000065],[-60.97368981899996,13.788917279000032],[-60.962911349999956,13.78594918400006],[-60.96535474899997,13.790197521000039],[-60.96428291799998,13.791102893000073],[-60.967017673999976,13.793168625000021],[-60.968972630999986,13.79787927700005],[-60.97770112799998,13.799320296000076],[-60.979032263999954,13.805161372000043],[-60.98143701699996,13.805581835000055],[-60.983160500999986,13.809075759000052],[-60.982208484999944,13.810518141000045],[-60.98686137799996,13.814141748000054],[-60.98675227899997,13.81537751600007],[-60.99975420599998,13.820822642000053],[-60.999525398999936,13.817048808000038],[-60.997118257999944,13.815948089000074],[-60.99716704599996,13.813619006000067]]]}},{"type":"Feature","id":"gb:8701671B17958091241974","properties":{"id":"gb:8701671B17958091241974","name":"Joyeux","parentId":"gb:63095687B63570319440385","level":"ADM2","countryCode":"LC"},"geometry":{"type":"Polygon","coordinates":[[[-60.96178465899993,13.781474403000061],[-60.96053906699996,13.781033539000077],[-60.959529834999955,13.785597779000057],[-60.961166125999966,13.784895779000067],[-60.96178465899993,13.781474403000061]]]}},{"type":"Feature","id":"gb:8701671B31053612499035","properties":{"id":"gb:8701671B31053612499035","name":"Morne Cayenne","parentId":"gb:63095687B63570319440385","level":"ADM2","countryCode":"LC"},"geometry":{"type":"Polygon","coordinates":[[[-60.96053906699996,13.781033539000077],[-60.959321476999946,13.780324508000035],[-60.96084934999993,13.778089486000056],[-60.951336725999965,13.780403049000029],[-60.948836556999936,13.790937549000034],[-60.95267665099993,13.787905737000074],[-60.95597187399994,13.788488621000056],[-60.959529834999955,13.785597779000057],[-60.96053906699996,13.781033539000077]]]}},{"type":"Feature","id":"gb:8701671B19142540356259","properties":{"id":"gb:8701671B19142540356259","name":"Esperance","parentId":"gb:63095687B63570319440385","level":"ADM2","countryCode":"LC"},"geometry":{"type":"Polygon","coordinates":[[[-60.961166125999966,13.784895779000067],[-60.959529834999955,13.785597779000057],[-60.95597187399994,13.788488621000056],[-60.96046607999995,13.791048294000063],[-60.96199696299993,13.792486342000075],[-60.96428291799998,13.791102893000073],[-60.96535474899997,13.790197521000039],[-60.962911349999956,13.78594918400006],[-60.961166125999966,13.784895779000067]]]}},{"type":"Feature","id":"gb:8701671B43089055128677","properties":{"id":"gb:8701671B43089055128677","name":"Vige'","parentId":"gb:63095687B12253142447206","level":"ADM2","countryCode":"LC"},"geometry":{"type":"Polygon","coordinates":[[[-60.92860652599995,13.789763156000049],[-60.930186969999966,13.791788343000064],[-60.93125463699994,13.79046749500003],[-60.93184607699993,13.79167016100007],[-60.934422634999976,13.791329904000065],[-60.93496088699993,13.792797539000048],[-60.936745739999935,13.791389453000022],[-60.941675059999966,13.792818010000076],[-60.94756944699998,13.791599172000076],[-60.947830515999954,13.791311514000029],[-60.94877473399998,13.789712387000066],[-60.946223902999975,13.787453844000026],[-60.940796853999984,13.785104082000032],[-60.93682261999999,13.785226760000057],[-60.93350739899995,13.780575375000069],[-60.930116243999976,13.78090635600006],[-60.92834308999994,13.77897217800006],[-60.92423044599997,13.783254591000059],[-60.92860652599995,13.789763156000049]]]}},{"type":"Feature","id":"gb:8701671B25756031943387","properties":{"id":"gb:8701671B25756031943387","name":"Belle Vue","parentId":"gb:63095687B63570319440385","level":"ADM2","countryCode":"LC"},"geometry":{"type":"Polygon","coordinates":[[[-60.948836556999936,13.790937549000034],[-60.947830515999954,13.791311514000029],[-60.94756944699998,13.791599172000076],[-60.94706236999997,13.79559976400003],[-60.95149701699995,13.794291224000062],[-60.954131651999944,13.797137149000037],[-60.95872320099994,13.795719757000029],[-60.96046607999995,13.791048294000063],[-60.95597187399994,13.788488621000056],[-60.95267665099993,13.787905737000074],[-60.948836556999936,13.790937549000034]]]}},{"type":"Feature","id":"gb:8701671B99904787478825","properties":{"id":"gb:8701671B99904787478825","name":"Viancelle","parentId":"gb:63095687B63570319440385","level":"ADM2","countryCode":"LC"},"geometry":{"type":"Polygon","coordinates":[[[-60.99975420599998,13.820822642000053],[-60.98675227899997,13.81537751600007],[-60.98686137799996,13.814141748000054],[-60.982208484999944,13.810518141000045],[-60.983160500999986,13.809075759000052],[-60.98143701699996,13.805581835000055],[-60.979032263999954,13.805161372000043],[-60.97770112799998,13.799320296000076],[-60.968972630999986,13.79787927700005],[-60.967017673999976,13.793168625000021],[-60.96428291799998,13.791102893000073],[-60.96199696299993,13.792486342000075],[-60.96046607999995,13.791048294000063],[-60.95872320099994,13.795719757000029],[-60.954131651999944,13.797137149000037],[-60.95598953699994,13.799199184000031],[-60.953836568999975,13.801530718000038],[-60.95232240099995,13.802225220000025],[-60.954081600999984,13.802940589000059],[-60.95579537899994,13.803304767000043],[-60.953546991999985,13.810865868000064],[-60.953561943999944,13.811091480000073],[-60.95703944699994,13.814294864000033],[-60.95639307899995,13.815862583000069],[-60.96493233499996,13.823906344000022],[-60.97219205999994,13.824271989000067],[-60.97249556699995,13.821869525000068],[-60.977035927999964,13.818597067000042],[-60.99605681899993,13.836104102000036],[-60.99690569399996,13.838311039000075],[-60.99816193199996,13.837329701000044],[-60.99766697299998,13.822374320000051],[-60.99975420599998,13.820822642000053]]]}},{"type":"Feature","id":"gb:8701671B7232350225457","properties":{"id":"gb:8701671B7232350225457","name":"Grace","parentId":"gb:63095687B63570319440385","level":"ADM2","countryCode":"LC"},"geometry":{"type":"Polygon","coordinates":[[[-60.96985414499994,13.77080194000007],[-60.96942821899995,13.773448668000071],[-60.96650665499993,13.774643182000034],[-60.96453206799998,13.77076648600007],[-60.962056090999965,13.76928986400003],[-60.96090371499997,13.770820840000056],[-60.96278234999994,13.776254916000028],[-60.96240215599994,13.778440828000043],[-60.96084934999993,13.778089486000056],[-60.959321476999946,13.780324508000035],[-60.96053906699996,13.781033539000077],[-60.96178465899993,13.781474403000061],[-60.96409600099997,13.782768757000042],[-60.969054136999944,13.782387276000065],[-60.97302759499996,13.776499014000024],[-60.97302604999999,13.774056001000076],[-60.96985414499994,13.77080194000007]]]}},{"type":"Feature","id":"gb:8701671B80390087772516","properties":{"id":"gb:8701671B80390087772516","name":"De Mailly","parentId":"gb:63095687B12253142447206","level":"ADM2","countryCode":"LC"},"geometry":{"type":"Polygon","coordinates":[[[-60.941675059999966,13.792818010000076],[-60.94345370699995,13.795382808000056],[-60.94437094699998,13.794699120000075],[-60.944442514999935,13.796797447000074],[-60.94472832499997,13.79714056000006],[-60.953836568999975,13.801530718000038],[-60.95598953699994,13.799199184000031],[-60.954131651999944,13.797137149000037],[-60.95149701699995,13.794291224000062],[-60.94706236999997,13.79559976400003],[-60.94756944699998,13.791599172000076],[-60.941675059999966,13.792818010000076]]]}},{"type":"Feature","id":"gb:8701671B91980057323344","properties":{"id":"gb:8701671B91980057323344","name":"En Bamboo","parentId":"gb:63095687B63570319440385","level":"ADM2","countryCode":"LC"},"geometry":{"type":"Polygon","coordinates":[[[-60.951336725999965,13.780403049000029],[-60.95071468699996,13.777103046000036],[-60.945061246999956,13.775731467000071],[-60.94220612899994,13.775064601000054],[-60.94189446199994,13.776495314000044],[-60.94537040199998,13.778795307000053],[-60.946223902999975,13.787453844000026],[-60.94877473399998,13.789712387000066],[-60.947830515999954,13.791311514000029],[-60.948836556999936,13.790937549000034],[-60.951336725999965,13.780403049000029]]]}},{"type":"Feature","id":"gb:8701671B44376877134949","properties":{"id":"gb:8701671B44376877134949","name":"Fond Sabot","parentId":"gb:63095687B63570319440385","level":"ADM2","countryCode":"LC"},"geometry":{"type":"Polygon","coordinates":[[[-60.95888635699998,13.774294687000065],[-60.954613301999984,13.773234666000064],[-60.95073707999995,13.777089057000069],[-60.95071468699996,13.777103046000036],[-60.951336725999965,13.780403049000029],[-60.96084934999993,13.778089486000056],[-60.95888635699998,13.774294687000065]]]}},{"type":"Feature","id":"gb:8701671B47563764529661","properties":{"id":"gb:8701671B47563764529661","name":"Fond Capeche","parentId":"gb:63095687B63570319440385","level":"ADM2","countryCode":"LC"},"geometry":{"type":"Polygon","coordinates":[[[-60.95071468699996,13.777103046000036],[-60.95073707999995,13.777089057000069],[-60.95092512599996,13.772999602000027],[-60.94704360199995,13.77230101500004],[-60.945061246999956,13.775731467000071],[-60.95071468699996,13.777103046000036]]]}},{"type":"Feature","id":"gb:8701671B63558668022840","properties":{"id":"gb:8701671B63558668022840","name":"Tete Morne/Morne Andrew","parentId":"gb:63095687B63570319440385","level":"ADM2","countryCode":"LC"},"geometry":{"type":"Polygon","coordinates":[[[-60.95813260299997,13.771565646000056],[-60.95213774599995,13.768155215000036],[-60.948133266999946,13.766634931000056],[-60.94642990699998,13.769855477000021],[-60.94704360199995,13.77230101500004],[-60.95092512599996,13.772999602000027],[-60.95073707999995,13.777089057000069],[-60.954613301999984,13.773234666000064],[-60.95888635699998,13.774294687000065],[-60.95813260299997,13.771565646000056]]]}},{"type":"Feature","id":"gb:8701671B71571062507422","properties":{"id":"gb:8701671B71571062507422","name":"Pierrot","parentId":"gb:63095687B63570319440385","level":"ADM2","countryCode":"LC"},"geometry":{"type":"Polygon","coordinates":[[[-60.945061246999956,13.775731467000071],[-60.94704360199995,13.77230101500004],[-60.94642990699998,13.769855477000021],[-60.948133266999946,13.766634931000056],[-60.948402630999965,13.764819960000068],[-60.946126472999936,13.76339600700004],[-60.937705334999976,13.765786671000058],[-60.94068962899996,13.771950317000062],[-60.94220612899994,13.775064601000054],[-60.945061246999956,13.775731467000071]]]}},{"type":"Feature","id":"gb:8701671B90786780806365","properties":{"id":"gb:8701671B90786780806365","name":"Anse De Sables/Beane Field","parentId":"gb:63095687B63570319440385","level":"ADM2","countryCode":"LC"},"geometry":{"type":"Polygon","coordinates":[[[-60.94319465199993,13.730360503000043],[-60.94270906999998,13.729552546000036],[-60.937772946999985,13.732172241000058],[-60.93864108099996,13.733523947000037],[-60.94258021799993,13.732033071000046],[-60.94319465199993,13.730360503000043]]]}},{"type":"Feature","id":"gb:8701671B75449277915828","properties":{"id":"gb:8701671B75449277915828","name":"Beausejour","parentId":"gb:63095687B63570319440385","level":"ADM2","countryCode":"LC"},"geometry":{"type":"Polygon","coordinates":[[[-60.95222548199996,13.74438159500005],[-60.947589671999935,13.75105958000006],[-60.95262101299994,13.756518673000073],[-60.95437341599995,13.761225567000054],[-60.95748956099993,13.761421656000039],[-60.95999587799997,13.755148745000042],[-60.96229250599998,13.751574365000067],[-60.96051572699997,13.747328150000044],[-60.95828636799996,13.748550238000064],[-60.955024084999934,13.744117020000033],[-60.95222548199996,13.74438159500005]]]}},{"type":"Feature","id":"gb:8701671B19465815393412","properties":{"id":"gb:8701671B19465815393412","name":"Beane Field","parentId":"gb:63095687B63570319440385","level":"ADM2","countryCode":"LC"},"geometry":{"type":"Polygon","coordinates":[[[-60.95223714399998,13.73220870800003],[-60.95104507499997,13.73221466900003],[-60.95061358999993,13.728521716000046],[-60.94827551199995,13.727287678000039],[-60.947837077999964,13.728965447000064],[-60.94475469499997,13.727676096000039],[-60.94319465199993,13.730360503000043],[-60.94258021799993,13.732033071000046],[-60.93864108099996,13.733523947000037],[-60.939339848999964,13.740058660000045],[-60.93535031899995,13.746059401000025],[-60.93254380899998,13.747618469000031],[-60.93164925099995,13.751999830000045],[-60.93930231699994,13.752442839000025],[-60.94287109299995,13.750212594000061],[-60.947589671999935,13.75105958000006],[-60.95222548199996,13.74438159500005],[-60.95095169499996,13.74226574100004],[-60.955564134999975,13.740448653000044],[-60.956536196999934,13.73566007100004],[-60.96883820199997,13.736428854000053],[-60.969216545999984,13.732187991000046],[-60.96070305799998,13.731141772000058],[-60.95223714399998,13.73220870800003]]]}},{"type":"Feature","id":"gb:8701671B56799057925384","properties":{"id":"gb:8701671B56799057925384","name":"Eau Piquant/St Urbain","parentId":"gb:63095687B63570319440385","level":"ADM2","countryCode":"LC"},"geometry":{"type":"Polygon","coordinates":[[[-60.95437341599995,13.761225567000054],[-60.95262101299994,13.756518673000073],[-60.947589671999935,13.75105958000006],[-60.94287109299995,13.750212594000061],[-60.93930231699994,13.752442839000025],[-60.93164925099995,13.751999830000045],[-60.925227501999984,13.759077367000032],[-60.93216906899994,13.761271532000023],[-60.93201868899996,13.763095273000033],[-60.92849089199996,13.763996009000039],[-60.92863615799996,13.766675992000046],[-60.93102058299996,13.77041478700005],[-60.93605040999995,13.770991074000051],[-60.93816248599995,13.77316434100004],[-60.94068962899996,13.771950317000062],[-60.937705334999976,13.765786671000058],[-60.946126472999936,13.76339600700004],[-60.948402630999965,13.764819960000068],[-60.948133266999946,13.766634931000056],[-60.95213774599995,13.768155215000036],[-60.95437341599995,13.761225567000054]]]}},{"type":"Feature","id":"gb:8701671B44259561788806","properties":{"id":"gb:8701671B44259561788806","name":"La Haut","parentId":"gb:63095687B12253142447206","level":"ADM2","countryCode":"LC"},"geometry":{"type":"Polygon","coordinates":[[[-60.90862402299996,13.857703167000068],[-60.905780980999964,13.858409449000021],[-60.90453680199994,13.860262039000077],[-60.90743753999993,13.859941106000065],[-60.90910851099994,13.858389964000025],[-60.90862402299996,13.857703167000068]]]}},{"type":"Feature","id":"gb:8701671B18019835911399","properties":{"id":"gb:8701671B18019835911399","name":"Mount Erole","parentId":"gb:63095687B12253142447206","level":"ADM2","countryCode":"LC"},"geometry":{"type":"Polygon","coordinates":[[[-60.90910851099994,13.858389964000025],[-60.90743753999993,13.859941106000065],[-60.91007386199993,13.861544135000031],[-60.917114477999974,13.86163517500006],[-60.91453943699997,13.859559612000055],[-60.90910851099994,13.858389964000025]]]}},{"type":"Feature","id":"gb:8701671B64489112890700","properties":{"id":"gb:8701671B64489112890700","name":"Town","parentId":"gb:63095687B63570319440385","level":"ADM2","countryCode":"LC"},"geometry":{"type":"Polygon","coordinates":[[[-60.95235593499996,13.726465073000043],[-60.95096513799996,13.726572735000047],[-60.95061358999993,13.728521716000046],[-60.95104507499997,13.73221466900003],[-60.95223714399998,13.73220870800003],[-60.957088392999935,13.730190665000066],[-60.95784152199997,13.72785622400005],[-60.95398949299994,13.723675185000047],[-60.952661742999965,13.724647451000067],[-60.952618230999974,13.725760396000055],[-60.95431612099998,13.726652513000033],[-60.95341871599999,13.728492003000042],[-60.95189311399997,13.727848925000046],[-60.95235593499996,13.726465073000043]]]}},{"type":"Feature","id":"gb:8701671B96967747537750","properties":{"id":"gb:8701671B96967747537750","name":"Cacoa","parentId":"gb:63095687B63570319440385","level":"ADM2","countryCode":"LC"},"geometry":{"type":"Polygon","coordinates":[[[-60.946223902999975,13.787453844000026],[-60.94537040199998,13.778795307000053],[-60.94189446199994,13.776495314000044],[-60.94220612899994,13.775064601000054],[-60.94068962899996,13.771950317000062],[-60.93816248599995,13.77316434100004],[-60.93605040999995,13.770991074000051],[-60.93102058299996,13.77041478700005],[-60.935591227999964,13.775929972000029],[-60.92834308999994,13.77897217800006],[-60.930116243999976,13.78090635600006],[-60.93350739899995,13.780575375000069],[-60.93682261999999,13.785226760000057],[-60.940796853999984,13.785104082000032],[-60.946223902999975,13.787453844000026]]]}},{"type":"Feature","id":"gb:8701671B20457253682512","properties":{"id":"gb:8701671B20457253682512","name":"Canelles","parentId":"gb:63095687B12253142447206","level":"ADM2","countryCode":"LC"},"geometry":{"type":"Polygon","coordinates":[[[-60.92423044599997,13.783254591000059],[-60.907923807999964,13.779758855000068],[-60.90368295999997,13.780658096000025],[-60.90330108599994,13.781381872000054],[-60.914238259999934,13.784639256000048],[-60.91498247199996,13.78721106300003],[-60.91882344099997,13.79074619100004],[-60.928602145999946,13.789772518000063],[-60.92860652599995,13.789763156000049],[-60.92423044599997,13.783254591000059]]]}},{"type":"Feature","id":"gb:8701671B64660107039204","properties":{"id":"gb:8701671B64660107039204","name":"Honeymoon Beach","parentId":"gb:63095687B12253142447206","level":"ADM2","countryCode":"LC"},"geometry":{"type":"Polygon","coordinates":[[[-60.907923807999964,13.779758855000068],[-60.90579479599995,13.774143133000052],[-60.90189446199997,13.77377576300006],[-60.90323528299996,13.776610531000074],[-60.900787901999934,13.777216259000056],[-60.90368295999997,13.780658096000025],[-60.907923807999964,13.779758855000068]]]}},{"type":"Feature","id":"gb:8701671B67257471082353","properties":{"id":"gb:8701671B67257471082353","name":"Rouarne","parentId":"gb:63095687B12253142447206","level":"ADM2","countryCode":"LC"},"geometry":{"type":"Polygon","coordinates":[[[-60.92834308999994,13.77897217800006],[-60.92490495499993,13.77919920000005],[-60.91811100099994,13.772717990000046],[-60.906587617999946,13.772809278000068],[-60.90579479599995,13.774143133000052],[-60.907923807999964,13.779758855000068],[-60.92423044599997,13.783254591000059],[-60.92834308999994,13.77897217800006]]]}},{"type":"Feature","id":"gb:8701671B95563300423658","properties":{"id":"gb:8701671B95563300423658","name":"St Helen Estate","parentId":"gb:63095687B12253142447206","level":"ADM2","countryCode":"LC"},"geometry":{"type":"Polygon","coordinates":[[[-60.90330108599994,13.781381872000054],[-60.902193340999986,13.782288142000027],[-60.89944306299998,13.780147946000056],[-60.89722587999995,13.78060021400006],[-60.89946326499995,13.78488870800004],[-60.895016785999985,13.785276378000049],[-60.89544892799995,13.78710161500004],[-60.898659592999934,13.78702084500003],[-60.900250953999944,13.78942577500004],[-60.90307996499996,13.792092514000046],[-60.90577533199996,13.790848005000043],[-60.909859841999946,13.792962770000031],[-60.912016912999945,13.792263449000075],[-60.917347595999956,13.79397480700004],[-60.91882344099997,13.79074619100004],[-60.91498247199996,13.78721106300003],[-60.914238259999934,13.784639256000048],[-60.90330108599994,13.781381872000054]]]}},{"type":"Feature","id":"gb:8701671B476552117611","properties":{"id":"gb:8701671B476552117611","name":"Fond/Desruisseaux","parentId":"gb:63095687B12253142447206","level":"ADM2","countryCode":"LC"},"geometry":{"type":"Polygon","coordinates":[[[-60.936745739999935,13.791389453000022],[-60.940538937999975,13.794459575000076],[-60.93997198999995,13.796534562000033],[-60.944442514999935,13.796797447000074],[-60.94437094699998,13.794699120000075],[-60.94345370699995,13.795382808000056],[-60.941675059999966,13.792818010000076],[-60.936745739999935,13.791389453000022]]]}},{"type":"Feature","id":"gb:8701671B68891744403519","properties":{"id":"gb:8701671B68891744403519","name":"Chique/Blanchard","parentId":"gb:63095687B12253142447206","level":"ADM2","countryCode":"LC"},"geometry":{"type":"Polygon","coordinates":[[[-60.953836568999975,13.801530718000038],[-60.94472832499997,13.79714056000006],[-60.94490401999997,13.79817599100005],[-60.94503028999998,13.798693749000051],[-60.94667901399998,13.799440806000064],[-60.94641095999998,13.801540547000059],[-60.94844020099998,13.802319330000046],[-60.94857365099995,13.804004809000048],[-60.951446069999974,13.80513198400007],[-60.954081600999984,13.802940589000059],[-60.95232240099995,13.802225220000025],[-60.953836568999975,13.801530718000038]]]}},{"type":"Feature","id":"gb:8701671B46237577852216","properties":{"id":"gb:8701671B46237577852216","name":"Morne Vient","parentId":"gb:63095687B12253142447206","level":"ADM2","countryCode":"LC"},"geometry":{"type":"Polygon","coordinates":[[[-60.954081600999984,13.802940589000059],[-60.951446069999974,13.80513198400007],[-60.94857365099995,13.804004809000048],[-60.948643138999955,13.807263127000056],[-60.953546991999985,13.810865868000064],[-60.95579537899994,13.803304767000043],[-60.954081600999984,13.802940589000059]]]}},{"type":"Feature","id":"gb:8701671B18613428350032","properties":{"id":"gb:8701671B18613428350032","name":"Gomier","parentId":"gb:63095687B12253142447206","level":"ADM2","countryCode":"LC"},"geometry":{"type":"Polygon","coordinates":[[[-60.953561943999944,13.811091480000073],[-60.95080740399993,13.812111639000022],[-60.946369757999946,13.810988744000042],[-60.94900994999995,13.815143979000027],[-60.95058333199995,13.815254477000053],[-60.95081832799997,13.81817920800006],[-60.95508805399999,13.820082142000047],[-60.956424477999974,13.819041149000043],[-60.95639307899995,13.815862583000069],[-60.95703944699994,13.814294864000033],[-60.953561943999944,13.811091480000073]]]}},{"type":"Feature","id":"gb:8701671B55619097224465","properties":{"id":"gb:8701671B55619097224465","name":"Calypso","parentId":"gb:63095687B12253142447206","level":"ADM2","countryCode":"LC"},"geometry":{"type":"Polygon","coordinates":[[[-60.95639307899995,13.815862583000069],[-60.956424477999974,13.819041149000043],[-60.95508805399999,13.820082142000047],[-60.95081832799997,13.81817920800006],[-60.950244951999935,13.818886404000068],[-60.953004,13.825185281000074],[-60.954720459999976,13.82684523100005],[-60.96048902299998,13.830674342000066],[-60.96939833599998,13.833286788000066],[-60.97444960499996,13.83212622800005],[-60.97240300999994,13.829689108000025],[-60.968203365999955,13.828619582000044],[-60.96493233499996,13.823906344000022],[-60.95639307899995,13.815862583000069]]]}},{"type":"Feature","id":"gb:8701671B85920169217386","properties":{"id":"gb:8701671B85920169217386","name":"Choucomel","parentId":"gb:63095687B12253142447206","level":"ADM2","countryCode":"LC"},"geometry":{"type":"Polygon","coordinates":[[[-60.954720459999976,13.82684523100005],[-60.95533213699997,13.828349572000036],[-60.950311269999986,13.835517208000056],[-60.95124114899994,13.837758353000027],[-60.95484604099994,13.837997289000043],[-60.95888811799995,13.839346594000062],[-60.96265679099997,13.837546753000026],[-60.96378486399993,13.835435593000057],[-60.96841707999994,13.835149337000075],[-60.96939833599998,13.833286788000066],[-60.96048902299998,13.830674342000066],[-60.954720459999976,13.82684523100005]]]}},{"type":"Feature","id":"gb:8701671B56645509731346","properties":{"id":"gb:8701671B56645509731346","name":"Six Miles/Descatier","parentId":"gb:63095687B12253142447206","level":"ADM2","countryCode":"LC"},"geometry":{"type":"Polygon","coordinates":[[[-60.99690569399996,13.838311039000075],[-60.99605681899993,13.836104102000036],[-60.977035927999964,13.818597067000042],[-60.97249556699995,13.821869525000068],[-60.97219205999994,13.824271989000067],[-60.96493233499996,13.823906344000022],[-60.968203365999955,13.828619582000044],[-60.97240300999994,13.829689108000025],[-60.97444960499996,13.83212622800005],[-60.96939833599998,13.833286788000066],[-60.96841707999994,13.835149337000075],[-60.96378486399993,13.835435593000057],[-60.96265679099997,13.837546753000026],[-60.95888811799995,13.839346594000062],[-60.95484604099994,13.837997289000043],[-60.955733977999955,13.840795700000058],[-60.96038374899996,13.84382331300003],[-60.96007185299993,13.845916764000037],[-60.96516396599998,13.84627712300005],[-60.96617059799996,13.849247552000065],[-60.969334198999945,13.851754691000053],[-60.97074152599998,13.852401776000022],[-60.971979190999946,13.857046826000044],[-60.975676807999946,13.859025294000048],[-60.98009036899998,13.859214701000042],[-60.979432061999944,13.86134015600004],[-60.981207421999954,13.862686709000059],[-60.99690569399996,13.838311039000075]]]}},{"type":"Feature","id":"gb:8701671B26229529558045","properties":{"id":"gb:8701671B26229529558045","name":"Palmiste Estate","parentId":"gb:63095687B12253142447206","level":"ADM2","countryCode":"LC"},"geometry":{"type":"Polygon","coordinates":[[[-60.969334198999945,13.851754691000053],[-60.96617059799996,13.849247552000065],[-60.96516396599998,13.84627712300005],[-60.96007185299993,13.845916764000037],[-60.95629207899998,13.850416014000075],[-60.94970597599996,13.85018696700007],[-60.94969773499997,13.857848964000027],[-60.96733169399994,13.86121660200007],[-60.969334198999945,13.851754691000053]]]}},{"type":"Feature","id":"gb:8701671B93430889647256","properties":{"id":"gb:8701671B93430889647256","name":"Mahaut","parentId":"gb:63095687B12253142447206","level":"ADM2","countryCode":"LC"},"geometry":{"type":"Polygon","coordinates":[[[-60.950311269999986,13.835517208000056],[-60.94851175699995,13.838742893000074],[-60.94995672599998,13.846891639000035],[-60.94970597599996,13.85018696700007],[-60.95629207899998,13.850416014000075],[-60.96007185299993,13.845916764000037],[-60.96038374899996,13.84382331300003],[-60.955733977999955,13.840795700000058],[-60.95484604099994,13.837997289000043],[-60.95124114899994,13.837758353000027],[-60.950311269999986,13.835517208000056]]]}},{"type":"Feature","id":"gb:8701671B45853929817808","properties":{"id":"gb:8701671B45853929817808","name":"Carriere","parentId":"gb:63095687B12253142447206","level":"ADM2","countryCode":"LC"},"geometry":{"type":"Polygon","coordinates":[[[-60.950311269999986,13.835517208000056],[-60.94277963999997,13.832886728000062],[-60.94106259999995,13.835163937000061],[-60.941819830999975,13.837389753000025],[-60.94432490899993,13.839317949000076],[-60.94851175699995,13.838742893000074],[-60.950311269999986,13.835517208000056]]]}},{"type":"Feature","id":"gb:8701671B82105549024004","properties":{"id":"gb:8701671B82105549024004","name":"Catter Beaufond","parentId":"gb:63095687B12253142447206","level":"ADM2","countryCode":"LC"},"geometry":{"type":"Polygon","coordinates":[[[-60.94851175699995,13.838742893000074],[-60.94432490899993,13.839317949000076],[-60.941819830999975,13.837389753000025],[-60.94000730099998,13.838172715000042],[-60.94507298199994,13.847135813000023],[-60.94995672599998,13.846891639000035],[-60.94851175699995,13.838742893000074]]]}},{"type":"Feature","id":"gb:8701671B38782099046323","properties":{"id":"gb:8701671B38782099046323","name":"Galba","parentId":"gb:63095687B12253142447206","level":"ADM2","countryCode":"LC"},"geometry":{"type":"Polygon","coordinates":[[[-60.94106259999995,13.835163937000061],[-60.936428543999966,13.834374577000062],[-60.93973730299996,13.838090603000069],[-60.94000730099998,13.838172715000042],[-60.941819830999975,13.837389753000025],[-60.94106259999995,13.835163937000061]]]}},{"type":"Feature","id":"gb:8701671B56473836536162","properties":{"id":"gb:8701671B56473836536162","name":"Saut","parentId":"gb:63095687B12253142447206","level":"ADM2","countryCode":"LC"},"geometry":{"type":"Polygon","coordinates":[[[-60.946369757999946,13.810988744000042],[-60.945872581999936,13.809912550000035],[-60.94303546899994,13.810385089000022],[-60.94189523799997,13.807969306000075],[-60.93606256999993,13.808378470000036],[-60.938827910999976,13.811716545000024],[-60.94043610899996,13.814144363000025],[-60.94394272899996,13.814983190000078],[-60.94730317999995,13.818162828000027],[-60.950244951999935,13.818886404000068],[-60.95081832799997,13.81817920800006],[-60.95058333199995,13.815254477000053],[-60.94900994999995,13.815143979000027],[-60.946369757999946,13.810988744000042]]]}},{"type":"Feature","id":"gb:8701671B34451908876457","properties":{"id":"gb:8701671B34451908876457","name":"Paix Bouche","parentId":"gb:63095687B12253142447206","level":"ADM2","countryCode":"LC"},"geometry":{"type":"Polygon","coordinates":[[[-60.938827910999976,13.811716545000024],[-60.93778919199997,13.81445476700003],[-60.933812631999956,13.816082699000049],[-60.938885881999965,13.81575310200003],[-60.94429292799998,13.81803010300007],[-60.94730317999995,13.818162828000027],[-60.94394272899996,13.814983190000078],[-60.94043610899996,13.814144363000025],[-60.938827910999976,13.811716545000024]]]}},{"type":"Feature","id":"gb:8701671B22263392934776","properties":{"id":"gb:8701671B22263392934776","name":"Tou Cochon","parentId":"gb:63095687B12253142447206","level":"ADM2","countryCode":"LC"},"geometry":{"type":"Polygon","coordinates":[[[-60.950244951999935,13.818886404000068],[-60.94730317999995,13.818162828000027],[-60.94429292799998,13.81803010300007],[-60.94141297899995,13.820002246000058],[-60.94270370999993,13.823776552000027],[-60.94976727299996,13.826307332000056],[-60.953004,13.825185281000074],[-60.950244951999935,13.818886404000068]]]}},{"type":"Feature","id":"gb:8701671B80425002261515","properties":{"id":"gb:8701671B80425002261515","name":"Moreau","parentId":"gb:63095687B12253142447206","level":"ADM2","countryCode":"LC"},"geometry":{"type":"Polygon","coordinates":[[[-60.953004,13.825185281000074],[-60.94976727299996,13.826307332000056],[-60.94270370999993,13.823776552000027],[-60.94141297899995,13.820002246000058],[-60.93579121199997,13.822076029000073],[-60.93475749399994,13.820429660000059],[-60.92801036399999,13.819700302000058],[-60.92678970999998,13.821930683000062],[-60.92849073199994,13.825067648000072],[-60.93059605299999,13.824192578000066],[-60.93330778899997,13.825719606000064],[-60.938719410999965,13.826354343000048],[-60.938503938999986,13.829785909000066],[-60.94277963999997,13.832886728000062],[-60.950311269999986,13.835517208000056],[-60.95533213699997,13.828349572000036],[-60.954720459999976,13.82684523100005],[-60.953004,13.825185281000074]]]}},{"type":"Feature","id":"gb:8701671B31259394762981","properties":{"id":"gb:8701671B31259394762981","name":"Ti Rocher","parentId":"gb:63095687B12253142447206","level":"ADM2","countryCode":"LC"},"geometry":{"type":"Polygon","coordinates":[[[-60.933812631999956,13.816082699000049],[-60.93022942799996,13.814055671000062],[-60.92488763999995,13.811877564000042],[-60.924191391999955,13.812846870000044],[-60.915020986999934,13.813355365000064],[-60.917922817999965,13.815484711000067],[-60.921572304999984,13.821593730000075],[-60.92424614999999,13.823549214000025],[-60.92678970999998,13.821930683000062],[-60.92801036399999,13.819700302000058],[-60.93475749399994,13.820429660000059],[-60.93579121199997,13.822076029000073],[-60.94141297899995,13.820002246000058],[-60.94429292799998,13.81803010300007],[-60.938885881999965,13.81575310200003],[-60.933812631999956,13.816082699000049]]]}},{"type":"Feature","id":"gb:8701671B70067848832200","properties":{"id":"gb:8701671B70067848832200","name":"Des Blanchard","parentId":"gb:63095687B12253142447206","level":"ADM2","countryCode":"LC"},"geometry":{"type":"Polygon","coordinates":[[[-60.93606256999993,13.808378470000036],[-60.93553076599994,13.807144300000061],[-60.92904886799994,13.809096059000069],[-60.93207616299998,13.811442753000051],[-60.93022942799996,13.814055671000062],[-60.933812631999956,13.816082699000049],[-60.93778919199997,13.81445476700003],[-60.938827910999976,13.811716545000024],[-60.93606256999993,13.808378470000036]]]}},{"type":"Feature","id":"gb:8701671B31446207074709","properties":{"id":"gb:8701671B31446207074709","name":"La Courville","parentId":"gb:63095687B12253142447206","level":"ADM2","countryCode":"LC"},"geometry":{"type":"Polygon","coordinates":[[[-60.93022942799996,13.814055671000062],[-60.93207616299998,13.811442753000051],[-60.92904886799994,13.809096059000069],[-60.924434658999985,13.806619119000061],[-60.92383006199998,13.80979261400006],[-60.922139845999936,13.810288306000075],[-60.92488763999995,13.811877564000042],[-60.93022942799996,13.814055671000062]]]}},{"type":"Feature","id":"gb:8701671B6383069893931","properties":{"id":"gb:8701671B6383069893931","name":"Cazuca","parentId":"gb:63095687B12253142447206","level":"ADM2","countryCode":"LC"},"geometry":{"type":"Polygon","coordinates":[[[-60.91122189999999,13.801492978000056],[-60.90739738499997,13.79823433000007],[-60.90342488599998,13.796901060000039],[-60.899818084999936,13.797498364000035],[-60.89576065099993,13.797838984000066],[-60.897626946999935,13.800559306000025],[-60.900215626999966,13.800093940000068],[-60.910796140999935,13.803987346000042],[-60.91122189999999,13.801492978000056]]]}},{"type":"Feature","id":"gb:8701671B96600181049115","properties":{"id":"gb:8701671B96600181049115","name":"Myette Gardens","parentId":"gb:63095687B12253142447206","level":"ADM2","countryCode":"LC"},"geometry":{"type":"Polygon","coordinates":[[[-60.905971127999976,13.821482652000043],[-60.90779991799997,13.820306840000057],[-60.90620795799998,13.817288339000072],[-60.899711443999934,13.815295477000063],[-60.899934764999955,13.816362491000064],[-60.90242828399994,13.818302599000049],[-60.902383458999964,13.820713302000058],[-60.905971127999976,13.821482652000043]]]}},{"type":"Feature","id":"gb:8701671B40321186165087","properties":{"id":"gb:8701671B40321186165087","name":"Village","parentId":"gb:63095687B12253142447206","level":"ADM2","countryCode":"LC"},"geometry":{"type":"Polygon","coordinates":[[[-60.899934764999955,13.816362491000064],[-60.89788564199995,13.814419329000032],[-60.89698543999998,13.813181905000022],[-60.89665161099998,13.814601307000032],[-60.896676697999965,13.81265363600005],[-60.89618735399995,13.814604338000038],[-60.89391120899995,13.815309729000035],[-60.895160216999955,13.817128215000025],[-60.89168868899998,13.816673847000061],[-60.889937361999955,13.817855171000076],[-60.888718549999965,13.816624798000078],[-60.88779927199994,13.81790465000006],[-60.88466676599995,13.81797830100004],[-60.89151616099997,13.82075214200006],[-60.893831096999975,13.818643439000027],[-60.895248667999965,13.82017539900005],[-60.894588468999984,13.82208451300005],[-60.897863331999986,13.823182908000035],[-60.90340312799998,13.823170357000038],[-60.905971127999976,13.821482652000043],[-60.902383458999964,13.820713302000058],[-60.90242828399994,13.818302599000049],[-60.899934764999955,13.816362491000064]]]}},{"type":"Feature","id":"gb:8701671B10053189367937","properties":{"id":"gb:8701671B10053189367937","name":"New Village","parentId":"gb:63095687B12253142447206","level":"ADM2","countryCode":"LC"},"geometry":{"type":"Polygon","coordinates":[[[-60.897863331999986,13.823182908000035],[-60.89446465799995,13.824190111000064],[-60.89947201299998,13.826262198000052],[-60.90340312799998,13.823170357000038],[-60.897863331999986,13.823182908000035]]]}},{"type":"Feature","id":"gb:8701671B54248554179471","properties":{"id":"gb:8701671B54248554179471","name":"Volet","parentId":"gb:63095687B12253142447206","level":"ADM2","countryCode":"LC"},"geometry":{"type":"Polygon","coordinates":[[[-60.905971127999976,13.821482652000043],[-60.90340312799998,13.823170357000038],[-60.89947201299998,13.826262198000052],[-60.89984965799994,13.828167601000075],[-60.90040116999995,13.828501539000058],[-60.90561113399997,13.832586524000021],[-60.910935466999945,13.83397321700005],[-60.912825054999985,13.831722028000058],[-60.91303133599996,13.821734309000021],[-60.91044247399998,13.818088837000062],[-60.90870332099996,13.81813598900004],[-60.909077439999976,13.819930456000066],[-60.90779991799997,13.820306840000057],[-60.905971127999976,13.821482652000043]]]}},{"type":"Feature","id":"gb:8701671B58191073405905","properties":{"id":"gb:8701671B58191073405905","name":"Latille","parentId":"gb:63095687B12253142447206","level":"ADM2","countryCode":"LC"},"geometry":{"type":"Polygon","coordinates":[[[-60.910935466999945,13.83397321700005],[-60.91501433899998,13.832890310000039],[-60.92071564299994,13.833008987000028],[-60.922489472999985,13.825761377000049],[-60.92029481499998,13.822484742000029],[-60.91303133599996,13.821734309000021],[-60.912825054999985,13.831722028000058],[-60.910935466999945,13.83397321700005]]]}},{"type":"Feature","id":"gb:8701671B91973054912616","properties":{"id":"gb:8701671B91973054912616","name":"Rameau","parentId":"gb:63095687B12253142447206","level":"ADM2","countryCode":"LC"},"geometry":{"type":"Polygon","coordinates":[[[-60.92071564299994,13.833008987000028],[-60.92615623699999,13.834281030000056],[-60.926888874999975,13.830702184000074],[-60.922489472999985,13.825761377000049],[-60.92071564299994,13.833008987000028]]]}},{"type":"Feature","id":"gb:8701671B63359836488901","properties":{"id":"gb:8701671B63359836488901","name":"Anbre","parentId":"gb:63095687B12253142447206","level":"ADM2","countryCode":"LC"},"geometry":{"type":"Polygon","coordinates":[[[-60.92678970999998,13.821930683000062],[-60.92424614999999,13.823549214000025],[-60.921572304999984,13.821593730000075],[-60.92029481499998,13.822484742000029],[-60.922489472999985,13.825761377000049],[-60.926888874999975,13.830702184000074],[-60.92615623699999,13.834281030000056],[-60.92806909899997,13.832495551000022],[-60.932016390999934,13.832205546000068],[-60.93359762299997,13.82788481800003],[-60.93330778899997,13.825719606000064],[-60.93059605299999,13.824192578000066],[-60.92849073199994,13.825067648000072],[-60.92678970999998,13.821930683000062]]]}},{"type":"Feature","id":"gb:8701671B6329691357439","properties":{"id":"gb:8701671B6329691357439","name":"La Fille","parentId":"gb:63095687B12253142447206","level":"ADM2","countryCode":"LC"},"geometry":{"type":"Polygon","coordinates":[[[-60.936428543999966,13.834374577000062],[-60.93465271799994,13.82783162000004],[-60.93359762299997,13.82788481800003],[-60.932016390999934,13.832205546000068],[-60.92806909899997,13.832495551000022],[-60.928689076999945,13.836081393000029],[-60.93474626999995,13.840791285000023],[-60.938852441999984,13.840970294000044],[-60.93973730299996,13.838090603000069],[-60.936428543999966,13.834374577000062]]]}},{"type":"Feature","id":"gb:8701671B16268299103818","properties":{"id":"gb:8701671B16268299103818","name":"Ti Riviere","parentId":"gb:63095687B12253142447206","level":"ADM2","countryCode":"LC"},"geometry":{"type":"Polygon","coordinates":[[[-60.94277963999997,13.832886728000062],[-60.938503938999986,13.829785909000066],[-60.938719410999965,13.826354343000048],[-60.93330778899997,13.825719606000064],[-60.93359762299997,13.82788481800003],[-60.93465271799994,13.82783162000004],[-60.936428543999966,13.834374577000062],[-60.94106259999995,13.835163937000061],[-60.94277963999997,13.832886728000062]]]}},{"type":"Feature","id":"gb:8701671B28478396095564","properties":{"id":"gb:8701671B28478396095564","name":"Escap","parentId":"gb:63095687B12253142447206","level":"ADM2","countryCode":"LC"},"geometry":{"type":"Polygon","coordinates":[[[-60.89984965799994,13.828167601000075],[-60.89588846699996,13.828408059000026],[-60.889913509999985,13.825809715000048],[-60.886403394999945,13.827694507000047],[-60.888016895999954,13.83035103900005],[-60.89267602399997,13.831235349000053],[-60.896222972999965,13.833663874000024],[-60.899877911999965,13.832921713000076],[-60.90601546199997,13.835527756000033],[-60.90561113399997,13.832586524000021],[-60.90040116999995,13.828501539000058],[-60.89984965799994,13.828167601000075]]]}},{"type":"Feature","id":"gb:8701671B32126440612749","properties":{"id":"gb:8701671B32126440612749","name":"Bois Canot","parentId":"gb:63095687B12253142447206","level":"ADM2","countryCode":"LC"},"geometry":{"type":"Polygon","coordinates":[[[-60.94000730099998,13.838172715000042],[-60.93973730299996,13.838090603000069],[-60.938852441999984,13.840970294000044],[-60.93474626999995,13.840791285000023],[-60.928689076999945,13.836081393000029],[-60.92806909899997,13.832495551000022],[-60.92615623699999,13.834281030000056],[-60.92071564299994,13.833008987000028],[-60.91501433899998,13.832890310000039],[-60.91863883899998,13.836446748000071],[-60.920965086999956,13.835041452000041],[-60.923928659999945,13.836528520000059],[-60.92790265499997,13.841614288000073],[-60.93248392099997,13.842419774000064],[-60.934358086999964,13.84441548600006],[-60.94026084799998,13.845567524000046],[-60.943921727999964,13.847916873000031],[-60.94507298199994,13.847135813000023],[-60.94000730099998,13.838172715000042]]]}},{"type":"Feature","id":"gb:8701671B58944232238955","properties":{"id":"gb:8701671B58944232238955","name":"Malgretoute","parentId":"gb:63095687B12253142447206","level":"ADM2","countryCode":"LC"},"geometry":{"type":"Polygon","coordinates":[[[-60.90672041199997,13.841818308000029],[-60.904136208999944,13.839292091000061],[-60.89796861499997,13.839739702000031],[-60.906931705999966,13.84526720100007],[-60.90826595699997,13.843171401000063],[-60.90672041199997,13.841818308000029]]]}},{"type":"Feature","id":"gb:8701671B74250012316808","properties":{"id":"gb:8701671B74250012316808","name":"Fond Estate","parentId":"gb:63095687B12253142447206","level":"ADM2","countryCode":"LC"},"geometry":{"type":"Polygon","coordinates":[[[-60.90561113399997,13.832586524000021],[-60.90601546199997,13.835527756000033],[-60.899877911999965,13.832921713000076],[-60.896222972999965,13.833663874000024],[-60.89267602399997,13.831235349000053],[-60.893230940999956,13.833663439000077],[-60.89155264999994,13.835725826000044],[-60.89796861499997,13.839739702000031],[-60.904136208999944,13.839292091000061],[-60.90672041199997,13.841818308000029],[-60.91075260799994,13.84211511500007],[-60.91361432799994,13.847896983000055],[-60.920372370999985,13.850024704000077],[-60.922184140999946,13.853631022000059],[-60.92488312399996,13.854990889000021],[-60.943921727999964,13.847916873000031],[-60.94026084799998,13.845567524000046],[-60.934358086999964,13.84441548600006],[-60.93248392099997,13.842419774000064],[-60.92790265499997,13.841614288000073],[-60.923928659999945,13.836528520000059],[-60.920965086999956,13.835041452000041],[-60.91863883899998,13.836446748000071],[-60.91501433899998,13.832890310000039],[-60.910935466999945,13.83397321700005],[-60.90561113399997,13.832586524000021]]]}},{"type":"Feature","id":"gb:8701671B96985788698945","properties":{"id":"gb:8701671B96985788698945","name":"L'Orangerie Road","parentId":"gb:63095687B12253142447206","level":"ADM2","countryCode":"LC"},"geometry":{"type":"Polygon","coordinates":[[[-60.92467964299993,13.861461822000024],[-60.928508299999976,13.861464832000024],[-60.94126692699996,13.869459326000026],[-60.94644009199993,13.865454723000028],[-60.94969773499997,13.857848964000027],[-60.94970597599996,13.85018696700007],[-60.94995672599998,13.846891639000035],[-60.94507298199994,13.847135813000023],[-60.943921727999964,13.847916873000031],[-60.92488312399996,13.854990889000021],[-60.922184140999946,13.853631022000059],[-60.920372370999985,13.850024704000077],[-60.91361432799994,13.847896983000055],[-60.91075260799994,13.84211511500007],[-60.90672041199997,13.841818308000029],[-60.90826595699997,13.843171401000063],[-60.906931705999966,13.84526720100007],[-60.90627888999995,13.847025888000076],[-60.90867086999998,13.84753401100005],[-60.91566610499996,13.850516975000062],[-60.92020101899993,13.85216583700003],[-60.923799164999934,13.858985953000058],[-60.92467964299993,13.861461822000024]]]}},{"type":"Feature","id":"gb:8701671B25474950387418","properties":{"id":"gb:8701671B25474950387418","name":"Patience","parentId":"gb:63095687B12253142447206","level":"ADM2","countryCode":"LC"},"geometry":{"type":"Polygon","coordinates":[[[-60.910084058999985,13.852198828000041],[-60.91025464299997,13.85106896700006],[-60.91566610499996,13.850516975000062],[-60.90867086999998,13.84753401100005],[-60.902639884999985,13.850572660000068],[-60.90929591599996,13.852428312000029],[-60.910084058999985,13.852198828000041]]]}},{"type":"Feature","id":"gb:8701671B89606244104668","properties":{"id":"gb:8701671B89606244104668","name":"La Pointe","parentId":"gb:63095687B12253142447206","level":"ADM2","countryCode":"LC"},"geometry":{"type":"Polygon","coordinates":[[[-60.89796861499997,13.839739702000031],[-60.89155264999994,13.835725826000044],[-60.88652462899995,13.83463531800004],[-60.88828142699998,13.835774337000032],[-60.88716563199995,13.836941872000068],[-60.882529886999976,13.836664571000028],[-60.886479658999974,13.83961864400004],[-60.883616710999945,13.843639020000069],[-60.88719195799996,13.846297295000056],[-60.884058176999986,13.849249156000042],[-60.884363503999964,13.850789774000077],[-60.88619539399997,13.851116496000031],[-60.88563272799996,13.852834535000056],[-60.882502245999945,13.853132777000042],[-60.880869694999944,13.855333061000067],[-60.885341154999935,13.854321610000056],[-60.88624305999997,13.856775558000038],[-60.888151225999934,13.85697600800006],[-60.89053162299996,13.856469383000046],[-60.89461602199998,13.852553958000044],[-60.902639884999985,13.850572660000068],[-60.90867086999998,13.84753401100005],[-60.90627888999995,13.847025888000076],[-60.906931705999966,13.84526720100007],[-60.89796861499997,13.839739702000031]]]}},{"type":"Feature","id":"gb:8701671B49997775844737","properties":{"id":"gb:8701671B49997775844737","name":"Saint Marie Road","parentId":"gb:63095687B12253142447206","level":"ADM2","countryCode":"LC"},"geometry":{"type":"Polygon","coordinates":[[[-60.923799164999934,13.858985953000058],[-60.92020101899993,13.85216583700003],[-60.91566610499996,13.850516975000062],[-60.91025464299997,13.85106896700006],[-60.91337952099997,13.85218442300004],[-60.91624974699994,13.85640421100004],[-60.91971440999998,13.859112973000038],[-60.923799164999934,13.858985953000058]]]}},{"type":"Feature","id":"gb:8701671B21751079889511","properties":{"id":"gb:8701671B21751079889511","name":"Coolie Town","parentId":"gb:63095687B12253142447206","level":"ADM2","countryCode":"LC"},"geometry":{"type":"Polygon","coordinates":[[[-60.91624974699994,13.85640421100004],[-60.91337952099997,13.85218442300004],[-60.91025464299997,13.85106896700006],[-60.910084058999985,13.852198828000041],[-60.91254968399994,13.853274321000072],[-60.91347692599999,13.857324317000064],[-60.91624974699994,13.85640421100004]]]}},{"type":"Feature","id":"gb:8701671B24039630787071","properties":{"id":"gb:8701671B24039630787071","name":"Mine'","parentId":"gb:63095687B12253142447206","level":"ADM2","countryCode":"LC"},"geometry":{"type":"Polygon","coordinates":[[[-60.90280059799994,13.87083317500003],[-60.90396258299995,13.876556262000065],[-60.90810793199995,13.87667687000004],[-60.91574330199995,13.875045831000023],[-60.91632372799995,13.871889364000026],[-60.909095235999985,13.869698178000021],[-60.90280059799994,13.87083317500003]]]}},{"type":"Feature","id":"gb:8701671B8208248485546","properties":{"id":"gb:8701671B8208248485546","name":"La Gwen Ba","parentId":"gb:63095687B12253142447206","level":"ADM2","countryCode":"LC"},"geometry":{"type":"Polygon","coordinates":[[[-60.90810793199995,13.87667687000004],[-60.90977921899997,13.878148914000064],[-60.91323218599996,13.878006368000058],[-60.91624164299998,13.875947481000026],[-60.91574330199995,13.875045831000023],[-60.90810793199995,13.87667687000004]]]}},{"type":"Feature","id":"gb:8701671B12736855691443","properties":{"id":"gb:8701671B12736855691443","name":"La Croix","parentId":"gb:63095687B12253142447206","level":"ADM2","countryCode":"LC"},"geometry":{"type":"Polygon","coordinates":[[[-60.90056495699997,13.871236289000024],[-60.89884610799999,13.875475824000034],[-60.902797032999956,13.87663390800003],[-60.90396258299995,13.876556262000065],[-60.90280059799994,13.87083317500003],[-60.90056495699997,13.871236289000024]]]}},{"type":"Feature","id":"gb:8701671B12184767464675","properties":{"id":"gb:8701671B12184767464675","name":"L'Union","parentId":"gb:63095687B12253142447206","level":"ADM2","countryCode":"LC"},"geometry":{"type":"Polygon","coordinates":[[[-60.90143847899998,13.877701237000053],[-60.902797032999956,13.87663390800003],[-60.89884610799999,13.875475824000034],[-60.90143847899998,13.877701237000053]]]}},{"type":"Feature","id":"gb:8701671B45915520468586","properties":{"id":"gb:8701671B45915520468586","name":"Pelouze","parentId":"gb:63095687B12253142447206","level":"ADM2","countryCode":"LC"},"geometry":{"type":"Polygon","coordinates":[[[-60.91632372799995,13.871889364000026],[-60.91574330199995,13.875045831000023],[-60.91624164299998,13.875947481000026],[-60.91323218599996,13.878006368000058],[-60.90977921899997,13.878148914000064],[-60.90810793199995,13.87667687000004],[-60.90396258299995,13.876556262000065],[-60.902797032999956,13.87663390800003],[-60.90143847899998,13.877701237000053],[-60.90139032299999,13.88014395700003],[-60.90541282799995,13.87986642800007],[-60.90841552899997,13.884208347000026],[-60.91474924499994,13.889219284000035],[-60.92236767999998,13.880504832000042],[-60.92461254199998,13.879321310000023],[-60.92899246899998,13.880114138000067],[-60.930828591999955,13.875157108000053],[-60.928603505999945,13.870796219000056],[-60.92526865299993,13.869991969000068],[-60.92305269999997,13.871469110000021],[-60.92153434299996,13.868350704000022],[-60.91997902099996,13.868597260000058],[-60.91632372799995,13.871889364000026]]]}},{"type":"Feature","id":"gb:8701671B93850487776066","properties":{"id":"gb:8701671B93850487776066","name":"Savannes","parentId":"gb:63095687B12253142447206","level":"ADM2","countryCode":"LC"},"geometry":{"type":"Polygon","coordinates":[[[-60.92863615799996,13.766675992000046],[-60.92497492799998,13.76677359100006],[-60.92666709699995,13.76793656700005],[-60.92560091599995,13.769139938000023],[-60.921828878999975,13.76915609300005],[-60.92064961199998,13.76558639500007],[-60.914825976999964,13.766240588000073],[-60.912148385999956,13.760603359000072],[-60.90978986799996,13.766991690000054],[-60.906074366999974,13.764673811000023],[-60.90457202599998,13.76564296600003],[-60.90413182899994,13.769640716000026],[-60.90720519299998,13.770835996000073],[-60.906587617999946,13.772809278000068],[-60.91811100099994,13.772717990000046],[-60.92490495499993,13.77919920000005],[-60.92834308999994,13.77897217800006],[-60.935591227999964,13.775929972000029],[-60.93102058299996,13.77041478700005],[-60.92863615799996,13.766675992000046]]]}},{"type":"Feature","id":"gb:8701671B84813542366979","properties":{"id":"gb:8701671B84813542366979","name":"Beauchamp","parentId":"gb:63095687B12253142447206","level":"ADM2","countryCode":"LC"},"geometry":{"type":"Polygon","coordinates":[[[-60.915020986999934,13.813355365000064],[-60.91036511799996,13.812943193000024],[-60.911966235999955,13.814411968000059],[-60.910713434999934,13.816198678000035],[-60.90916965499997,13.815841252000041],[-60.90870332099996,13.81813598900004],[-60.91044247399998,13.818088837000062],[-60.91303133599996,13.821734309000021],[-60.92029481499998,13.822484742000029],[-60.921572304999984,13.821593730000075],[-60.917922817999965,13.815484711000067],[-60.915020986999934,13.813355365000064]]]}},{"type":"Feature","id":"gb:8701671B33750138379558","properties":{"id":"gb:8701671B33750138379558","name":"Blanchard","parentId":"gb:63095687B12253142447206","level":"ADM2","countryCode":"LC"},"geometry":{"type":"Polygon","coordinates":[[[-60.953546991999985,13.810865868000064],[-60.948643138999955,13.807263127000056],[-60.94857365099995,13.804004809000048],[-60.94844020099998,13.802319330000046],[-60.94641095999998,13.801540547000059],[-60.94667901399998,13.799440806000064],[-60.94503028999998,13.798693749000051],[-60.941114968999955,13.803017454000042],[-60.94160738299996,13.80450539800006],[-60.94297705599996,13.804958296000052],[-60.94189523799997,13.807969306000075],[-60.94303546899994,13.810385089000022],[-60.945872581999936,13.809912550000035],[-60.946369757999946,13.810988744000042],[-60.95080740399993,13.812111639000022],[-60.953561943999944,13.811091480000073],[-60.953546991999985,13.810865868000064]]]}},{"type":"Feature","id":"gb:8701671B57914873676078","properties":{"id":"gb:8701671B57914873676078","name":"Lezy","parentId":"gb:63095687B12253142447206","level":"ADM2","countryCode":"LC"},"geometry":{"type":"Polygon","coordinates":[[[-60.941114968999955,13.803017454000042],[-60.93802520599996,13.801633973000037],[-60.93689720799995,13.806228857000065],[-60.94160738299996,13.80450539800006],[-60.941114968999955,13.803017454000042]]]}},{"type":"Feature","id":"gb:8701671B72439737760091","properties":{"id":"gb:8701671B72439737760091","name":"Gouette","parentId":"gb:63095687B12253142447206","level":"ADM2","countryCode":"LC"},"geometry":{"type":"Polygon","coordinates":[[[-60.94189523799997,13.807969306000075],[-60.94297705599996,13.804958296000052],[-60.94160738299996,13.80450539800006],[-60.93689720799995,13.806228857000065],[-60.93553076599994,13.807144300000061],[-60.93606256999993,13.808378470000036],[-60.94189523799997,13.807969306000075]]]}},{"type":"Feature","id":"gb:8701671B86080825614718","properties":{"id":"gb:8701671B86080825614718","name":"Troumassee","parentId":"gb:63095687B12253142447206","level":"ADM2","countryCode":"LC"},"geometry":{"type":"Polygon","coordinates":[[[-60.897626946999935,13.800559306000025],[-60.895079659999965,13.802821021000057],[-60.896338507999985,13.804692573000068],[-60.89503381299994,13.808774518000064],[-60.89788564199995,13.814419329000032],[-60.899934764999955,13.816362491000064],[-60.899711443999934,13.815295477000063],[-60.90620795799998,13.817288339000072],[-60.90779991799997,13.820306840000057],[-60.909077439999976,13.819930456000066],[-60.90870332099996,13.81813598900004],[-60.90916965499997,13.815841252000041],[-60.910713434999934,13.816198678000035],[-60.911966235999955,13.814411968000059],[-60.91036511799996,13.812943193000024],[-60.90642258699995,13.813246321000065],[-60.90581198099994,13.811959290000061],[-60.909672170999954,13.811689944000022],[-60.91047026699994,13.807660984000051],[-60.91258461399997,13.806208081000023],[-60.910796140999935,13.803987346000042],[-60.900215626999966,13.800093940000068],[-60.897626946999935,13.800559306000025]]]}},{"type":"Feature","id":"gb:8701671B54095148495441","properties":{"id":"gb:8701671B54095148495441","name":"Delomel","parentId":"gb:63095687B12253142447206","level":"ADM2","countryCode":"LC"},"geometry":{"type":"Polygon","coordinates":[[[-60.93553076599994,13.807144300000061],[-60.93689720799995,13.806228857000065],[-60.93802520599996,13.801633973000037],[-60.93409342399997,13.799383849000037],[-60.92613977599996,13.798725449000074],[-60.92563946499996,13.801827108000055],[-60.92215894999998,13.80110372100006],[-60.91870252199993,13.801431727000022],[-60.918424752999954,13.802974945000074],[-60.924434658999985,13.806619119000061],[-60.92904886799994,13.809096059000069],[-60.93553076599994,13.807144300000061]]]}},{"type":"Feature","id":"gb:8701671B87504135677093","properties":{"id":"gb:8701671B87504135677093","name":"Anse Ger","parentId":"gb:63095687B12253142447206","level":"ADM2","countryCode":"LC"},"geometry":{"type":"Polygon","coordinates":[[[-60.91882344099997,13.79074619100004],[-60.917347595999956,13.79397480700004],[-60.912016912999945,13.792263449000075],[-60.909859841999946,13.792962770000031],[-60.90577533199996,13.790848005000043],[-60.90307996499996,13.792092514000046],[-60.900250953999944,13.78942577500004],[-60.899818084999936,13.797498364000035],[-60.90342488599998,13.796901060000039],[-60.90739738499997,13.79823433000007],[-60.91122189999999,13.801492978000056],[-60.918234376999976,13.802666742000042],[-60.918424752999954,13.802974945000074],[-60.91870252199993,13.801431727000022],[-60.92215894999998,13.80110372100006],[-60.927332321999984,13.79780524000006],[-60.93035397099993,13.79632743600007],[-60.92846926399994,13.795113222000055],[-60.928602145999946,13.789772518000063],[-60.91882344099997,13.79074619100004]]]}},{"type":"Feature","id":"gb:8701671B14589117854765","properties":{"id":"gb:8701671B14589117854765","name":"En Mango","parentId":"gb:63095687B12253142447206","level":"ADM2","countryCode":"LC"},"geometry":{"type":"Polygon","coordinates":[[[-60.92613977599996,13.798725449000074],[-60.927332321999984,13.79780524000006],[-60.92215894999998,13.80110372100006],[-60.92563946499996,13.801827108000055],[-60.92613977599996,13.798725449000074]]]}},{"type":"Feature","id":"gb:8701671B99321727283863","properties":{"id":"gb:8701671B99321727283863","name":"Desruisseaux","parentId":"gb:63095687B12253142447206","level":"ADM2","countryCode":"LC"},"geometry":{"type":"Polygon","coordinates":[[[-60.92860652599995,13.789763156000049],[-60.928602145999946,13.789772518000063],[-60.92846926399994,13.795113222000055],[-60.93035397099993,13.79632743600007],[-60.927332321999984,13.79780524000006],[-60.92613977599996,13.798725449000074],[-60.93409342399997,13.799383849000037],[-60.93802520599996,13.801633973000037],[-60.941114968999955,13.803017454000042],[-60.94503028999998,13.798693749000051],[-60.94490401999997,13.79817599100005],[-60.94166268899994,13.798882198000058],[-60.93917340399997,13.797516286000075],[-60.93997198999995,13.796534562000033],[-60.940538937999975,13.794459575000076],[-60.936745739999935,13.791389453000022],[-60.93496088699993,13.792797539000048],[-60.934422634999976,13.791329904000065],[-60.93184607699993,13.79167016100007],[-60.93125463699994,13.79046749500003],[-60.930186969999966,13.791788343000064],[-60.92860652599995,13.789763156000049]]]}},{"type":"Feature","id":"gb:8701671B97252067164265","properties":{"id":"gb:8701671B97252067164265","name":"London Road","parentId":"gb:63095687B12253142447206","level":"ADM2","countryCode":"LC"},"geometry":{"type":"Polygon","coordinates":[[[-60.944442514999935,13.796797447000074],[-60.93997198999995,13.796534562000033],[-60.93917340399997,13.797516286000075],[-60.94166268899994,13.798882198000058],[-60.94490401999997,13.79817599100005],[-60.94472832499997,13.79714056000006],[-60.944442514999935,13.796797447000074]]]}},{"type":"Feature","id":"gb:8701671B61376458937885","properties":{"id":"gb:8701671B61376458937885","name":"L'Eau Mineau","parentId":"gb:63095687B12253142447206","level":"ADM2","countryCode":"LC"},"geometry":{"type":"Polygon","coordinates":[[[-60.924434658999985,13.806619119000061],[-60.918424752999954,13.802974945000074],[-60.918234376999976,13.802666742000042],[-60.91764306599998,13.805359052000028],[-60.91922867399995,13.808866458000068],[-60.922139845999936,13.810288306000075],[-60.92383006199998,13.80979261400006],[-60.924434658999985,13.806619119000061]]]}},{"type":"Feature","id":"gb:8701671B98916205392785","properties":{"id":"gb:8701671B98916205392785","name":"Dugard","parentId":"gb:63095687B12253142447206","level":"ADM2","countryCode":"LC"},"geometry":{"type":"Polygon","coordinates":[[[-60.924191391999955,13.812846870000044],[-60.91785860899995,13.81047965700003],[-60.91258461399997,13.806208081000023],[-60.91047026699994,13.807660984000051],[-60.909672170999954,13.811689944000022],[-60.90581198099994,13.811959290000061],[-60.90642258699995,13.813246321000065],[-60.91036511799996,13.812943193000024],[-60.915020986999934,13.813355365000064],[-60.924191391999955,13.812846870000044]]]}},{"type":"Feature","id":"gb:8701671B69185125078741","properties":{"id":"gb:8701671B69185125078741","name":"Planard","parentId":"gb:63095687B12253142447206","level":"ADM2","countryCode":"LC"},"geometry":{"type":"Polygon","coordinates":[[[-60.910796140999935,13.803987346000042],[-60.91258461399997,13.806208081000023],[-60.91785860899995,13.81047965700003],[-60.91922867399995,13.808866458000068],[-60.91764306599998,13.805359052000028],[-60.918234376999976,13.802666742000042],[-60.91122189999999,13.801492978000056],[-60.910796140999935,13.803987346000042]]]}},{"type":"Feature","id":"gb:8701671B74099385302774","properties":{"id":"gb:8701671B74099385302774","name":"Fond Dor/Dugard","parentId":"gb:63095687B12253142447206","level":"ADM2","countryCode":"LC"},"geometry":{"type":"Polygon","coordinates":[[[-60.92488763999995,13.811877564000042],[-60.922139845999936,13.810288306000075],[-60.91922867399995,13.808866458000068],[-60.91785860899995,13.81047965700003],[-60.924191391999955,13.812846870000044],[-60.92488763999995,13.811877564000042]]]}},{"type":"Feature","id":"gb:8701671B32794864311067","properties":{"id":"gb:8701671B32794864311067","name":"Mon Repos","parentId":"gb:63095687B12253142447206","level":"ADM2","countryCode":"LC"},"geometry":{"type":"Polygon","coordinates":[[[-60.90929591599996,13.852428312000029],[-60.902639884999985,13.850572660000068],[-60.89461602199998,13.852553958000044],[-60.89053162299996,13.856469383000046],[-60.888151225999934,13.85697600800006],[-60.888181859999975,13.859506753000062],[-60.87865149299995,13.85980543200003],[-60.879820034999966,13.861384776000023],[-60.87685530999994,13.86373216100003],[-60.88060749799996,13.864537493000057],[-60.88438546799995,13.86128225300007],[-60.88597237499994,13.862312272000054],[-60.88467878599994,13.865151594000054],[-60.88802675199997,13.86527335900007],[-60.89229302899997,13.86398359900005],[-60.90136000799998,13.86545548500004],[-60.90453680199994,13.860262039000077],[-60.905780980999964,13.858409449000021],[-60.90862402299996,13.857703167000068],[-60.909807317999935,13.855236036000065],[-60.907755571999985,13.85428108800005],[-60.90929591599996,13.852428312000029]]]}}]}
