{"type":"FeatureCollection","attribution":"Administrative boundary data: geoBoundaries (William & Mary geoLab), gbOpen; underlying source and license recorded for each layer.","source":{"layerId":"UGA-ADM2-47994165","apiUrl":"https://www.geoboundaries.org/api/current/gbOpen/UGA/ADM2/","downloadUrl":"https://github.com/wmgeolab/geoBoundaries/raw/9469f09/releaseData/gbOpen/UGA/ADM2/geoBoundaries-UGA-ADM2_simplified.geojson","boundaryYearRepresented":"2006","license":"Public Domain","simplification":"geoBoundaries provider-generated simplified geometry; tolerance not specified by the API"},"features":[{"type":"Feature","id":"gb:47994165B4837390146164","properties":{"id":"gb:47994165B4837390146164","name":"Dodoth","parentId":"gb:17295835B80141219017784","level":"ADM2","countryCode":"UG"},"geometry":{"type":"Polygon","coordinates":[[[34.554575343109036,3.105259191794516],[34.548449297060245,3.131649567698673],[34.54284834067272,3.13619353897667],[34.51221811042842,3.146504785129423],[34.49629039070146,3.138640284565213],[34.48246302961991,3.162932661355853],[34.471086086957655,3.169923168117919],[34.460934353505365,3.171845549201066],[34.45638357644049,3.179535037769256],[34.4562085465534,3.198933265254709],[34.45375812813376,3.210641927767881],[34.448857291294814,3.278968892294529],[34.439496692932096,3.303069202916902],[34.429078914051274,3.340826110253886],[34.40212431143647,3.367385079607971],[34.4005140364751,3.375757994245362],[34.40219432339126,3.411205792701878],[34.409923643206014,3.414895867177222],[34.42000536470351,3.43088602583498],[34.41709286738211,3.447546815615112],[34.406149998839965,3.464878199936948],[34.39162251820977,3.480252549426496],[34.390222279113004,3.489861390521355],[34.39739850448444,3.486367277843215],[34.42365298755101,3.488813158081825],[34.44098094637474,3.502964197222866],[34.45113267982714,3.516590921607474],[34.45701200374714,3.575549985521548],[34.45388119602313,3.608031779409373],[34.465846129712304,3.666883009968785],[34.45131728166126,3.676691173453719],[34.40431218502522,3.692895728784379],[34.4021755897237,3.703982885763935],[34.37183593644045,3.732552995344633],[34.359443683690984,3.733405820186476],[34.32654011604575,3.724451118069794],[34.32013033014084,3.716349166217981],[34.30431952490886,3.684793488012588],[34.30731075833103,3.712511373568248],[34.28466284813385,3.727009613694577],[34.26714276666041,3.744918874405244],[34.25994671368437,3.762094364065263],[34.24579390640639,3.781435572680607],[34.23348711746894,3.778826069668526],[34.22964124592613,3.772225527022897],[34.227179888138664,3.772072025434397],[34.22671838355336,3.779900571859741],[34.22133416339335,3.781589072613201],[34.193643888284214,3.77069050991679],[34.173183851675674,3.764703917315046],[34.1665689526219,3.771151015333317],[34.19133636535844,3.781282072720842],[34.1881058332624,3.789110535992052],[34.18964418187937,3.792180502259555],[34.17149166819678,3.797245922760055],[34.16287691594056,3.796171442106072],[34.16010788842976,3.798627395921699],[34.15426216368445,3.797552916987058],[34.15364682423751,3.804460258212089],[34.16441526455776,3.80829764608319],[34.180183337883875,3.82931663419572],[34.22657416337057,3.82859714288935],[34.22561269548481,3.848263020611398],[34.21503654874169,3.879199883989145],[34.19917232862707,3.880159148515759],[34.17441453056938,3.877041534822695],[34.16888609022652,3.871046091570065],[34.16816498931206,3.867448805237814],[34.14797416371164,3.866969165906369],[34.127783338111215,3.869846997823458],[34.10951544828231,3.865770066390155],[34.092209026339106,3.858575433700366],[34.08836315479613,3.859055077776645],[34.0924493933104,3.883996195726581],[34.11913012713961,3.895747044211589],[34.13398781056134,3.958770146971744],[34.103566365739255,3.974506442581799],[34.083285402524666,3.997735663130868],[34.05887313198838,4.014220517367733],[34.05924870538121,4.028082523593298],[34.08704113645331,4.038197892648157],[34.09124755845335,4.054966648792004],[34.084998017196085,4.070071718446286],[34.0698548979957,4.092608914308869],[34.05615398062406,4.104356775771009],[34.05254847605255,4.112508251565657],[34.061201687024095,4.14894912139647],[34.03985972897459,4.185675793854386],[34.01403905821502,4.199722104468037],[33.99056572116103,4.228399202610547],[33.795971756982624,4.037073968973345],[33.672783684122805,3.913807658285748],[33.52371909963529,3.753847803078656],[33.513098506065376,3.748731118759565],[33.570032227687875,3.653371108178817],[33.60573832508669,3.591774518570901],[33.638447910389914,3.562151646934694],[33.63665560434589,3.557567724597845],[33.63452724063518,3.55041228776156],[33.63127868621382,3.545828307400427],[33.631166667086006,3.52536782432054],[33.635087336557376,3.499875445420798],[33.63788781475108,3.489141604371923],[33.64124838858362,3.482097454526979],[33.647185402202126,3.477736764233498],[33.6494257849094,3.473487866495702],[33.66017962082179,3.464430942333024],[33.674518069449505,3.456044824383639],[33.67933489169849,3.455597562209675],[33.68426373363968,3.452466724626504],[33.68908055611246,3.451572197642861],[33.70476323384969,3.439607818013599],[33.722126198648084,3.417803188650737],[33.72223821766562,3.408207316550943],[33.72245331207387,3.407113059468145],[33.722475281121376,3.405997019334052],[33.72313566248221,3.402031298638235],[33.723353011533106,3.40116343400382],[33.72344864900191,3.400961718913322],[33.72347042835236,3.400519563736168],[33.72358244748,3.400098673634545],[33.72369446660781,3.399986851684787],[33.72369446660781,3.399763207746048],[33.72494673526529,3.398559964006552],[33.72534750747417,3.398359930725235],[33.72572308584023,3.398116560661606],[33.72975103644603,3.396661474301197],[33.73018128564513,3.395906785903378],[33.73043176802963,3.393505716517438],[33.73078244336784,3.392246481272991],[33.730975709911604,3.391844733879964],[33.73098696661401,3.391625742567555],[33.731145385583886,3.391467601058082],[33.73131176707557,3.391060933709412],[33.73132376026655,3.390842246798172],[33.731482179236195,3.390684105160574],[33.73160208191405,3.390498251007728],[33.73219801169705,3.389308476882093],[33.739142788344,3.382467456222287],[33.73915310623738,3.382254108104803],[33.73926512536502,3.381853131013997],[33.73948916344625,3.381274825044102],[33.739700276521205,3.380914821414194],[33.73985869590638,3.380756678563728],[33.73993724013155,3.380565507649408],[33.74016127838706,3.380256433107832],[33.740222454308594,3.380058080422941],[33.74038087327847,3.379899937024504],[33.740945412281405,3.378276165619866],[33.74262569919756,3.375177646510849],[33.74251368006992,3.366700146841993],[33.739825221003855,3.363121714765157],[33.742206939981486,3.362197837735494],[33.778853822489964,3.339810477389847],[33.81358631602973,3.318241684195357],[33.84366957787665,3.304317276264669],[33.85953166098892,3.301040916354168],[33.86418089264009,3.3054093940234],[33.869650576301694,3.311142990646829],[33.87238541873063,3.314419317206728],[33.875667228868394,3.312781155784933],[33.877855102692195,3.315784450000933],[33.88523917606523,3.316330502548112],[33.888794470647156,3.318787735415754],[33.901101259152085,3.30923179575683],[33.90164822798175,3.29776454605377],[33.902468680577556,3.262269842494845],[33.9002808069888,3.25162118639804],[33.909305785542585,3.257355091720171],[33.922159542686074,3.25899334513133],[33.94185040517738,3.256262922131782],[33.99189801352276,3.251894230268249],[34.003384349864405,3.249709877237535],[34.013503265212876,3.251894230268249],[34.03921077969005,3.249436832629101],[34.05561983157281,3.251075098016599],[34.084335672592545,3.249982921985008],[34.113598481618965,3.234965371078545],[34.12234997601638,3.23250793241607],[34.14641658538454,3.221039806986653],[34.164466542845105,3.206294884003796],[34.164466542845105,3.198649284836506],[34.168568805824236,3.1784427843603],[34.19017405737168,3.171616174161727],[34.19564374148655,3.157416681341772],[34.23748682387378,3.132294026364093],[34.271125379874036,3.11590936116886],[34.321446472434445,3.091058798950712],[34.340043398141404,3.086143233987457],[34.402397795634954,3.091331885342242],[34.44369390962504,3.07931602302591],[34.48841404538649,3.097743930639467],[34.496815480362784,3.09215114373211],[34.50066613787919,3.09285024372457],[34.511868050443354,3.092151143728699],[34.52394511251407,3.087781758768017],[34.545298759092134,3.093724118066859],[34.554575343109036,3.105259191794516]]]}},{"type":"Feature","id":"gb:47994165B96271856998333","properties":{"id":"gb:47994165B96271856998333","name":"Chua","parentId":"gb:17295835B80141219017784","level":"ADM2","countryCode":"UG"},"geometry":{"type":"Polygon","coordinates":[[[33.722126198648084,3.417803188650737],[33.71047620913794,3.431892390175449],[33.70476323384969,3.439607818013599],[33.68908055611246,3.451572197642861],[33.68426373363968,3.452466724626504],[33.67933489169849,3.455597562209675],[33.674518069449505,3.456044824383639],[33.66017962082179,3.464430942333024],[33.6494257849094,3.473487866495702],[33.647185402202126,3.477736764233498],[33.64124838858362,3.482097454526979],[33.63788781475108,3.489141604371923],[33.635087336557376,3.499875445420798],[33.631166667086006,3.52536782432054],[33.63127868621382,3.545828307400427],[33.63452724063518,3.55041228776156],[33.63665560434589,3.557567724597845],[33.638447910389914,3.562151646934694],[33.60573832508669,3.591774518570901],[33.570032227687875,3.653371108178817],[33.513098506065376,3.748731118759565],[33.38897539024782,3.757710979255478],[33.309520752468245,3.76570594957343],[33.29549934580126,3.76570594957343],[33.29974847337337,3.752804722553947],[33.300840834055464,3.752313996358794],[33.30344447213389,3.747117867631346],[33.30351157808229,3.744480565052527],[33.30417926421427,3.743814304434125],[33.30417926421427,3.741149255677897],[33.30293879412119,3.739722028374956],[33.302843891772625,3.738484198706317],[33.300840833741916,3.736485400808476],[33.29748850582479,3.73504429740882],[33.2950885695376,3.733059360194432],[33.29483165965007,3.731983185079685],[33.29416397334046,3.730926622314428],[33.29416397334046,3.710938267065387],[33.290157857279155,3.702323857339081],[33.28882248548365,3.700991271106773],[33.28734476046429,3.697604320415451],[33.28622698848551,3.697080080762362],[33.28555930228799,3.696413783799699],[33.285484054908125,3.695156280059791],[33.28422393039028,3.695081188967151],[33.28316512293651,3.693082292668578],[33.2821456251566,3.692376765053723],[33.28081025310263,3.691044163726474],[33.27850283425391,3.68744814994642],[33.27692683466563,3.685752967595477],[33.273586019886864,3.679209958541435],[33.27346570672444,3.677927070367616],[33.272798020414655,3.677260758972238],[33.272798020414655,3.675928135584229],[33.272300483789195,3.675092023717582],[33.27213033468962,3.673929196186066],[33.27213033468962,3.667266032764701],[33.28007673229371,3.647772774115822],[33.28014256707081,3.643840466458187],[33.28081025310263,3.642783798878099],[33.28081025310263,3.637453086982703],[33.28147793884699,3.636396412332886],[33.28147793884699,3.617738650302101],[33.2821456251566,3.615230529843018],[33.2821456251566,3.604568749868406],[33.28081025310263,3.599671140694909],[33.278139508975585,3.594892216135349],[33.278139508975585,3.593559470680191],[33.277471822785515,3.592893097057981],[33.27723266071422,3.591799041342426],[33.27388327577256,3.587551158564111],[33.27272086646013,3.587134407739825],[33.270717808364736,3.585135271844649],[33.269459590562576,3.585058268572084],[33.2693824361599,3.583802512600869],[33.267655942455804,3.58246975041294],[33.267125411556094,3.581472894809565],[33.2652617632985,3.580470604431071],[33.26459407703078,3.579804221111658],[33.26411810198243,3.578946500892926],[33.26331485607659,3.578336158075729],[33.262115043951894,3.576166627656619],[33.2600909824115,3.573785789834801],[33.25902347538806,3.573140364781636],[33.25514061571408,3.572843374949457],[33.25372423993565,3.570763361470995],[33.24596408050223,3.563558375501941],[33.243812733318975,3.560204646486739],[33.238364692648474,3.554671838777665],[33.23255741773062,3.543460626444244],[33.22806305653279,3.538015696977652],[33.22739537022295,3.53562607701565],[33.22614039128939,3.533822628402447],[33.2260599984981,3.532570034519097],[33.22480501881245,3.531156958690474],[33.22472462643469,3.529904361155445],[33.21934897415957,3.523826327333211],[33.21267211384196,3.523826327333211],[33.202832027536886,3.528491281057711],[33.20117878139496,3.530000619319196],[33.19889915830731,3.530943077779966],[33.197938410110964,3.531862689850925],[33.1967440170676,3.532458751585068],[33.18952834648837,3.53496474416994],[33.17507602112704,3.53582187590473],[33.17400645707494,3.536462370908282],[33.15583594198648,3.540486769299321],[33.15516825579141,3.541153180484969],[33.153832883891255,3.541153180752815],[33.13773719766169,3.552003581754661],[33.13180146277551,3.55448130887379],[33.12913071843519,3.55448130887379],[33.12422341427748,3.555814110773952],[33.121589442064874,3.555969579066755],[33.120374917514255,3.556480511449763],[33.11909539666499,3.556615088678541],[33.11798073800003,3.557146911531333],[33.103291644976366,3.55714691164377],[33.09764843974983,3.555598686065139],[33.096704189108436,3.554656252541179],[33.09320064800943,3.553158655088907],[33.091869487985434,3.553148505048114],[33.09118741964801,3.552496456356778],[33.08868867753182,3.551815698400503],[33.08533031865568,3.549968267028532],[33.08277035006461,3.549614455785786],[33.07545975585549,3.547150862238709],[33.07479206976831,3.546484455263396],[33.07278901172833,3.545818047491764],[33.07212132542793,3.545151639000892],[33.04111096770055,3.537154704839963],[33.0218173966602,3.52649201813216],[33.01507121246192,3.52104412198463],[33.01310017241002,3.517860453327955],[33.007726665975895,3.501184465248286],[33.00508271478742,3.495889600234477],[33.004448146667244,3.495169670403527],[33.00299821818811,3.491837443513191],[33.002385177858514,3.491116452739618],[33.001874412224424,3.489994731559989],[32.99971443373147,3.4880602642707],[32.99620680102811,3.487172306540458],[32.976176219823344,3.487172306540458],[32.97489040634423,3.487052884168179],[32.973782040635285,3.486505856851409],[32.97111129636778,3.486505857151599],[32.938287318518405,3.472435781941101],[32.92828014011178,3.466520234331085],[32.92522163442624,3.463846275983542],[32.924933598174164,3.462800853259182],[32.924265912142346,3.462134386038201],[32.923598225994226,3.460134981840099],[32.92893971436479,3.453793696661194],[32.92899534823863,3.452516281761461],[32.93227814442639,3.44968049902235],[32.93287061294973,3.448592509856553],[32.9355102009244,3.445851516640516],[32.9356165746824,3.444624739514381],[32.936177886956216,3.443852077878205],[32.936284260487696,3.442625298347991],[32.936284260487696,3.434627491300603],[32.935734635963115,3.433424032388359],[32.9356165746824,3.432118876806328],[32.93454519566808,3.429189398810877],[32.92752027640722,3.418525490931813],[32.92151110182277,3.412526990621473],[32.92025979595195,3.412443073788552],[32.918172671962566,3.410527482195789],[32.916837299451856,3.410527482258146],[32.91616961386734,3.409860978462348],[32.91216349767677,3.409860978462348],[32.90990849730207,3.410862895211551],[32.90840801429829,3.413027221041432],[32.907463763656835,3.413969796420076],[32.90635939366729,3.414526494890652],[32.904907576342055,3.416521443976592],[32.90156458675892,3.420318222368564],[32.8961208428496,3.43318833325327],[32.89154929658628,3.437522405408515],[32.890545852382274,3.43785373618573],[32.889487044987845,3.438520220713031],[32.88681630121238,3.438520220657438],[32.884422121532054,3.439186704774215],[32.88219028595472,3.437842350802214],[32.876157903887474,3.427821864966631],[32.875084759368406,3.427189925131643],[32.87485714579225,3.42608414715221],[32.871710112252174,3.422715525438718],[32.86214117928603,3.413859993930828],[32.85338976614321,3.409860978247252],[32.8440528699478,3.409815699573301],[32.84152903725743,3.409194474670983],[32.81482159565127,3.409194474670983],[32.814153909956985,3.408527969609565],[32.81014779376653,3.408527969609565],[32.809088985885865,3.407861464339703],[32.80241212599515,3.407861464490338],[32.80135331854132,3.407194958909656],[32.796011830287284,3.407194958909656],[32.78485061504193,3.400660730367804],[32.78356953993267,3.400529877727763],[32.78235557570986,3.400016491249914],[32.78105641509677,3.399863367074204],[32.75701971788334,3.399863367181808],[32.75596091048891,3.399196855790137],[32.734594957483296,3.399196855960156],[32.72913891212448,3.401196387686298],[32.7264681682899,3.401196387920777],[32.7253760041466,3.401782510119745],[32.71728324229679,3.401862897652791],[32.703929521661564,3.390532169600476],[32.704597207693325,3.381358226992234],[32.705932579756734,3.377792506629476],[32.70596651543434,3.37246828044124],[32.70718621536895,3.3705364435815],[32.70726795149881,3.369284975970345],[32.707935637808475,3.368618443543426],[32.70834996677388,3.367456702239167],[32.709294217415334,3.366514081529715],[32.709938695839185,3.365447504542942],[32.71127406801094,3.362272173934002],[32.71206085700169,3.361633705272993],[32.712686304526756,3.360461694001287],[32.71377695072874,3.359871888164946],[32.71528018420139,3.356592403833588],[32.71618674274481,3.35563418722387],[32.71665886812184,3.354496329086203],[32.723160271769075,3.348006043374653],[32.72816119295578,3.343680194760395],[32.729300761474065,3.343208287162099],[32.7306361333101,3.341875187018218],[32.7311085016226,3.340737898159375],[32.73731382285666,3.336314869737805],[32.75556179888963,3.312436480450117],[32.76864595683571,3.298548444366247],[32.76869506674228,3.29726431214209],[32.76980015183858,3.296778608472096],[32.77069812483751,3.295816782477573],[32.77537192705989,3.289198316078853],[32.77537192705989,3.281199250575696],[32.77136581086927,3.274966788659185],[32.77136581086927,3.27363359654214],[32.76899669775008,3.269885098125371],[32.766692008647055,3.26422982374504],[32.76468895055166,3.260896804462618],[32.76468895055166,3.259563593655969],[32.764021264463054,3.258896988014328],[32.76369827160926,3.257886244905762],[32.76035984184409,3.254553204402782],[32.75934746209197,3.254230733044551],[32.75600903213882,3.250553541493105],[32.755694946842254,3.242086844960625],[32.75534134603083,3.232554862872007],[32.75801209023405,3.22059856003176],[32.75939801642545,3.217171927970298],[32.761856006624555,3.213546481383275],[32.763353578153215,3.209899631645897],[32.767905581548234,3.204011249727102],[32.770916996344,3.201223067826618],[32.77303461125143,3.199889778646934],[32.77474444951798,3.198516341506604],[32.776707298956524,3.197442554129339],[32.779158342327776,3.197223195155345],[32.77982602838142,3.196556548110948],[32.78071341501777,3.196109259478476],[32.78819070821197,3.194556604590275],[32.7934933159022,3.194462884463121],[32.79459100365017,3.193889955464158],[32.79726174799049,3.193889955464158],[32.79965592756423,3.193223306745153],[32.809003531847736,3.193223306944617],[32.81007090988379,3.192577315888627],[32.823416060045304,3.192556657095338],[32.830122181270724,3.195151041168458],[32.83138522962798,3.195223252998574],[32.83679904167218,3.200441217184107],[32.851325297483186,3.20788948770587],[32.85482656483941,3.211841114192339],[32.85717246397695,3.213889228383323],[32.858164994597814,3.214231530067877],[32.85887954511759,3.215269290132824],[32.86101657236998,3.216555768486671],[32.87605993002927,3.22188882733866],[32.88554012230031,3.22727523789996],[32.88935671706446,3.232176422623979],[32.889764391746894,3.233330389104196],[32.89088161029605,3.233974255664464],[32.892216982617924,3.235697998007822],[32.89349880965551,3.23783437820731],[32.89355235463637,3.23914547430428],[32.8948877263573,3.240478711747926],[32.8948877263573,3.241811948331986],[32.89555541266691,3.242478565068382],[32.89555541266691,3.261143672900857],[32.89622309880849,3.26353397234152],[32.89622309880849,3.266200381653732],[32.89689078484031,3.268200183990757],[32.89689078484031,3.27086658090667],[32.897873868295676,3.271218295784536],[32.89920924050796,3.271218295411472],[32.911932782634494,3.264709427223067],[32.91836741782629,3.257886244700444],[32.922262854047176,3.256442528657715],[32.939622690872966,3.24101504527556],[32.94296112103177,3.236001203916373],[32.94469315001214,3.234554731837022],[32.94827297055542,3.228584704191803],[32.948302609285804,3.22726370773222],[32.955634518395186,3.217235019745999],[32.95564715538279,3.215906977719953],[32.95696465594244,3.215889134114434],[32.96232401578442,3.208774337878197],[32.96676512909124,3.204339124782564],[32.96789794582003,3.203657562652438],[32.981045760330346,3.183863678872967],[32.99226841750175,3.172658283603141],[32.99944411243354,3.163691937946965],[33.000584810498765,3.163021267033855],[33.00341756242335,3.160192826713683],[33.00685960467547,3.155223593275082],[33.00919762308473,3.154421539716964],[33.01136579212016,3.152923329084786],[33.014198544044746,3.150094861273487],[33.01533835539726,3.148290093441972],[33.01717077449479,3.146364079878936],[33.01780012653546,3.145223437041125],[33.018922900266375,3.144710952220862],[33.02148661573045,3.141890030723232],[33.02254542312494,3.139889981642739],[33.02375113087476,3.138427143067133],[33.0243149425379,3.137326961593772],[33.027757247065324,3.133645954794986],[33.029092618901586,3.130198125274831],[33.02976030516055,3.129531435179842],[33.030119083192005,3.128556297123509],[33.031095676932296,3.12780751547848],[33.031177890645836,3.126556222491729],[33.035651011098196,3.119889279522511],[33.03576947930321,3.118674178945696],[33.03910790960521,3.114950144079103],[33.04004824842622,3.114555694446665],[33.040443281668786,3.113616744149397],[33.05119384097429,3.107221971462195],[33.05246162985793,3.107154488147842],[33.05298154381552,3.106036117143844],[33.05637332130482,3.104555150443616],[33.05770869349436,3.104555150372562],[33.058767500947965,3.103888444047925],[33.061351344434854,3.103678955447606],[33.06249705215504,3.103221737715842],[33.06516567108139,3.103212747104578],[33.0663600643677,3.10261642628177],[33.07035166561883,3.102555030136728],[33.07274584499322,3.101888322408627],[33.07408121719965,3.101888322550337],[33.0751467408121,3.10123780496906],[33.08048151278933,3.101221614124313],[33.08114919893927,3.100554906116372],[33.08381994306626,3.100554906116372],[33.08451055976485,3.099911094383003],[33.08582300116166,3.099888197269138],[33.09144777026228,3.098294808725541],[33.0961354022167,3.096241149613604],[33.103422546403465,3.095221223578619],[33.104498864835705,3.0945967257353],[33.113828958301895,3.094554511372792],[33.11522411722592,3.095828235758859],[33.11589180322363,3.09782836908505],[33.11589180322363,3.112495894954804],[33.11532134421276,3.113694827808274],[33.1145564311941,3.117514718009204],[33.1145564311941,3.152182436389808],[33.1165594892895,3.154182461942639],[33.11676643157648,3.163430275934218],[33.12457172165597,3.176167880096557],[33.127242465797735,3.188948729596007],[33.12857783771727,3.192948634863626],[33.130193860722784,3.194363387669398],[33.130815863442194,3.19522325286357],[33.13293347834963,3.196556548110948],[33.134268850095054,3.197889841973449],[33.135604222476616,3.197889841625624],[33.136271908125764,3.198556487461246],[33.13883430210848,3.199223133406633],[33.14016967388892,3.199223133412659],[33.1414090953532,3.199628954335822],[33.1492761048458,3.203811310283072],[33.15359488891056,3.20522292476295],[33.15893637739458,3.205222924950533],[33.16133055670667,3.205889566374594],[33.166672045166024,3.205889566284839],[33.176916449056876,3.199889778930299],[33.207282593702246,3.197223195084973],[33.23371347036294,3.197889841625624],[33.24649579176514,3.202469000983967],[33.25673038669868,3.203889640979128],[33.2700841073339,3.203889640979128],[33.27264650067741,3.203222998218791],[33.2940124536031,3.203222998218791],[33.29613006885779,3.204556283181944],[33.29616703183302,3.205852661155234],[33.29679775470163,3.206556207551841],[33.297856562096115,3.2085561275793],[33.29883777571138,3.211966790517351],[33.29883777571138,3.222632929140332],[33.29817008992842,3.223299559305644],[33.29817008992842,3.224632817912266],[33.29750240389666,3.2252994465602],[33.29742481005968,3.226555231713348],[33.29677985037972,3.227276639386901],[33.2951679140632,3.230219269483086],[33.29422366342163,3.231162019446003],[33.29416397334046,3.23247058249467],[33.29216091530975,3.235251448279769],[33.2917738294571,3.236467678183942],[33.289727997245905,3.239412804638505],[33.28935428005133,3.240554314886026],[33.2862924145021,3.243220784988011],[33.28414868318714,3.249470363047692],[33.284148683261435,3.250803586798099],[33.28397158931216,3.252063572431609],[33.28348099687753,3.253193910620041],[33.28348099687753,3.25452713041625],[33.28283942728808,3.255219813337249],[33.2828133111978,3.259193383638319],[33.2821456251566,3.261702440202271],[33.2821456251566,3.272368054360697],[33.28332833867057,3.274246461744099],[33.28479039201545,3.276204801454242],[33.285484054908125,3.277109984349806],[33.28879389038599,3.279203166716059],[33.28949017151541,3.280242596448034],[33.29051700902431,3.280550625454623],[33.29157581647797,3.281217217126596],[33.29291118823511,3.281217217177073],[33.29357887454472,3.281883808681926],[33.306932595208536,3.281883808354166],[33.307600281240354,3.281217217126596],[33.308926934330316,3.281180343492167],[33.310121327145566,3.280584125908433],[33.31679026620287,3.28055062522759],[33.32526950279737,3.276551065992351],[33.32794024713752,3.276551065992351],[33.329551333378845,3.275493139566038],[33.33190498140692,3.275042867187381],[33.333124116126726,3.27455128041305],[33.342471720363676,3.274551280379683],[33.34373845236314,3.274716722113737],[33.344865900088564,3.275217876082763],[33.34620127209848,3.275217876326622],[33.34876366575219,3.27588447130853],[33.35811126998419,3.275884470933022],[33.35932155848843,3.275355474324158],[33.36062439502649,3.275217876326622],[33.38332571967305,3.275217876326622],[33.38722348543638,3.275884470933022],[33.393826784595944,3.27606177316369],[33.39935639116021,3.277884254322032],[33.40366448294645,3.281539336093658],[33.400993738819466,3.289104930276437],[33.3903107623114,3.300389458619122],[33.389283371694376,3.300907289709869],[33.38833912105298,3.301849973302353],[33.38489914736181,3.304547644899401],[33.383779875541336,3.305068489948098],[33.38211384642261,3.306547370383441],[33.38163084389839,3.307398320560253],[33.38163084389839,3.308731467498717],[33.38144616023112,3.309880237549692],[33.38096315766251,3.31073118447847],[33.38096315766251,3.31206432659036],[33.380295471834984,3.312730897551432],[33.380295471834984,3.323395965305167],[33.38048015509372,3.324544718143102],[33.38181552740599,3.325877841814986],[33.38229852993021,3.326728775354638],[33.38381858550139,3.327877524162886],[33.388363884113176,3.330238524021979],[33.392807888451216,3.331876876292881],[33.40749698158345,3.331876876681577],[33.41100902902036,3.330993183086832],[33.41297032514052,3.329918894193611],[33.41675390957897,3.329009287832889],[33.42037345583901,3.326544403048445],[33.42169200548307,3.326527609622588],[33.424362749823445,3.323470897629193],[33.44570092144613,3.313240827925995],[33.45715463332374,3.310546809252457],[33.46116074951436,3.310546809252457],[33.461828435545954,3.309880237228526],[33.463088539613466,3.309805095062302],[33.46555798677008,3.307880518851903],[33.466756756939276,3.30755128086588],[33.46843002802734,3.305967391283673],[33.47043308612257,3.304910345317182],[33.47110077173602,3.30424376930273],[33.4720728396033,3.303881068460214],[33.478311127211896,3.297881864006115],[33.4872201591607,3.293215790770773],[33.500248828648864,3.291216038803555],[33.540922569739394,3.291216038531218],[33.591054128554674,3.291216038531218],[33.61200994126432,3.28055062522759],[33.61334531349547,3.280550625454623],[33.614477094718666,3.280059919007044],[33.61932707120525,3.279075699841485],[33.63116337757015,3.271218295411472],[33.634892929150965,3.270551697080975],[33.635971502541736,3.269932739840158],[33.6587205470791,3.26988509830727],[33.71622594132481,3.317422606799028],[33.715678972785895,3.354553430965836],[33.739825221003855,3.363121714765157],[33.74251368006992,3.366700146841993],[33.74262569919756,3.375177646510849],[33.740945412281405,3.378276165619866],[33.74038087327847,3.379899937024504],[33.740222454308594,3.380058080422941],[33.74016127838706,3.380256433107832],[33.73993724013155,3.380565507649408],[33.73985869590638,3.380756678563728],[33.739700276521205,3.380914821414194],[33.73948916344625,3.381274825044102],[33.73926512536502,3.381853131013997],[33.73915310623738,3.382254108104803],[33.739142788344,3.382467456222287],[33.73219801169705,3.389308476882093],[33.73160208191405,3.390498251007728],[33.731482179236195,3.390684105160574],[33.73132376026655,3.390842246798172],[33.73131176707557,3.391060933709412],[33.731145385583886,3.391467601058082],[33.73098696661401,3.391625742567555],[33.730975709911604,3.391844733879964],[33.73078244336784,3.392246481272991],[33.73043176802963,3.393505716517438],[33.73018128564513,3.395906785903378],[33.72975103644603,3.396661474301197],[33.72572308584023,3.398116560661606],[33.72534750747417,3.398359930725235],[33.72494673526529,3.398559964006552],[33.72369446660781,3.399763207746048],[33.72369446660781,3.399986851684787],[33.72358244748,3.400098673634545],[33.72347042835236,3.400519563736168],[33.72344864900191,3.400961718913322],[33.723353011533106,3.40116343400382],[33.72313566248221,3.402031298638235],[33.722475281121376,3.405997019334052],[33.72245331207387,3.407113059468145],[33.72223821766562,3.408207316550943],[33.722126198648084,3.417803188650737]]]}},{"type":"Feature","id":"gb:47994165B96818667529958","properties":{"id":"gb:47994165B96818667529958","name":"Lamwo","parentId":"gb:17295835B80141219017784","level":"ADM2","countryCode":"UG"},"geometry":{"type":"Polygon","coordinates":[[[32.884422121532054,3.439186704774215],[32.889487044987845,3.438520220713031],[32.890545852382274,3.43785373618573],[32.89154929658628,3.437522405408515],[32.8961208428496,3.43318833325327],[32.90156458675892,3.420318222368564],[32.904907576342055,3.416521443976592],[32.90635939366729,3.414526494890652],[32.907463763656835,3.413969796420076],[32.90840801429829,3.413027221041432],[32.90990849730207,3.410862895211551],[32.91216349767677,3.409860978462348],[32.91616961386734,3.409860978462348],[32.916837299451856,3.410527482258146],[32.918172671962566,3.410527482195789],[32.92025979595195,3.412443073788552],[32.92151110182277,3.412526990621473],[32.92752027640722,3.418525490931813],[32.93454519566808,3.429189398810877],[32.9356165746824,3.432118876806328],[32.935734635963115,3.433424032388359],[32.936284260487696,3.434627491300603],[32.936284260487696,3.442625298347991],[32.936177886956216,3.443852077878205],[32.9356165746824,3.444624739514381],[32.9355102009244,3.445851516640516],[32.93287061294973,3.448592509856553],[32.93227814442639,3.44968049902235],[32.92899534823863,3.452516281761461],[32.92893971436479,3.453793696661194],[32.92783924251921,3.454281229466403],[32.92689499188293,3.455223764114066],[32.923977875592925,3.459181000590888],[32.923598225994226,3.460134981840099],[32.924265912142346,3.462134386038201],[32.924933598174164,3.462800853259182],[32.92522163442624,3.463846275983542],[32.92828014011178,3.466520234331085],[32.938287318518405,3.472435781941101],[32.97111129636778,3.486505857151599],[32.973782040635285,3.486505856851409],[32.97489040634423,3.487052884168179],[32.976176219823344,3.487172306540458],[32.99620680102811,3.487172306540458],[32.99971443373147,3.4880602642707],[33.001874412224424,3.489994731559989],[33.002385177858514,3.491116452739618],[33.00299821818811,3.491837443513191],[33.004448146667244,3.495169670403527],[33.00508271478742,3.495889600234477],[33.007726665975895,3.501184465248286],[33.01310017241002,3.517860453327955],[33.01507121246192,3.52104412198463],[33.0218173966602,3.52649201813216],[33.04111096770055,3.537154704839963],[33.07212132542793,3.545151639000892],[33.07278901172833,3.545818047491764],[33.07479206976831,3.546484455263396],[33.07545975585549,3.547150862238709],[33.08277035006461,3.549614455785786],[33.08533031865568,3.549968267028532],[33.08868867753182,3.551815698400503],[33.09118741964801,3.552496456356778],[33.091869487985434,3.553148505048114],[33.09320064800943,3.553158655088907],[33.094220857886,3.553995905405827],[33.09544142042222,3.55448130887379],[33.096704189108436,3.554656252541179],[33.09764843974983,3.555598686065139],[33.103291644976366,3.55714691164377],[33.11798073800003,3.557146911531333],[33.11909539666499,3.556615088678541],[33.120374917514255,3.556480511449763],[33.121589442064874,3.555969579066755],[33.12422341427748,3.555814110773952],[33.12913071843519,3.55448130887379],[33.13180146277551,3.55448130887379],[33.13773719766169,3.552003581754661],[33.153832883891255,3.541153180752815],[33.15516825579141,3.541153180484969],[33.15583594198648,3.540486769299321],[33.17400645707494,3.536462370908282],[33.17507602112704,3.53582187590473],[33.18952834648837,3.53496474416994],[33.1967440170676,3.532458751585068],[33.197938410110964,3.531862689850925],[33.19889915830731,3.530943077779966],[33.20117878139496,3.530000619319196],[33.202832027536886,3.528491281057711],[33.21267211384196,3.523826327333211],[33.21934897415957,3.523826327333211],[33.22472462643469,3.529904361155445],[33.22480501881245,3.531156958690474],[33.2260599984981,3.532570034519097],[33.22614039128939,3.533822628402447],[33.22739537022295,3.53562607701565],[33.22806305653279,3.538015696977652],[33.23255741773062,3.543460626444244],[33.238364692648474,3.554671838777665],[33.243812733318975,3.560204646486739],[33.24596408050223,3.563558375501941],[33.25372423993565,3.570763361470995],[33.25514061571408,3.572843374949457],[33.25902347538806,3.573140364781636],[33.2600909824115,3.573785789834801],[33.262115043951894,3.576166627656619],[33.26331485607659,3.578336158075729],[33.26411810198243,3.578946500892926],[33.26459407703078,3.579804221111658],[33.2652617632985,3.580470604431071],[33.267125411556094,3.581472894809565],[33.267655942455804,3.58246975041294],[33.2693824361599,3.583802512600869],[33.269459590562576,3.585058268572084],[33.270717808364736,3.585135271844649],[33.27272086646013,3.587134407739825],[33.27388327577256,3.587551158564111],[33.27723266071422,3.591799041342426],[33.277471822785515,3.592893097057981],[33.278139508975585,3.593559470680191],[33.278139508975585,3.594892216135349],[33.28081025310263,3.599671140694909],[33.2821456251566,3.604568749868406],[33.2821456251566,3.615230529843018],[33.28147793884699,3.617738650302101],[33.28147793884699,3.636396412332886],[33.28081025310263,3.637453086982703],[33.28081025310263,3.642783798878099],[33.28014256707081,3.643840466458187],[33.28007673229371,3.647772774115822],[33.27213033468962,3.667266032764701],[33.27213033468962,3.673929196186066],[33.272300483789195,3.675092023717582],[33.272798020414655,3.675928135584229],[33.272798020414655,3.677260758972238],[33.27346570672444,3.677927070367616],[33.273586019886864,3.679209958541435],[33.27692683466563,3.685752967595477],[33.27850283425391,3.68744814994642],[33.28081025310263,3.691044163726474],[33.2821456251566,3.692376765053723],[33.28316512293651,3.693082292668578],[33.28422393039028,3.695081188967151],[33.285484054908125,3.695156280059791],[33.28555930228799,3.696413783799699],[33.28622698848551,3.697080080762362],[33.28734476046429,3.697604320415451],[33.28882248548365,3.700991271106773],[33.290157857279155,3.702323857339081],[33.29416397334046,3.710938267065387],[33.29416397334046,3.730926622314428],[33.29483165965007,3.731983185079685],[33.2950885695376,3.733059360194432],[33.29748850582479,3.73504429740882],[33.300840833741916,3.736485400808476],[33.302843891772625,3.738484198706317],[33.30293879412119,3.739722028374956],[33.30417926421427,3.741149255677897],[33.30417926421427,3.743814304434125],[33.30351157808229,3.744480565052527],[33.30344447213389,3.747117867631346],[33.29974847337337,3.752804722553947],[33.29549934595968,3.765386152169413],[33.208673454231246,3.769650107892517],[33.176197205646304,3.77519321907198],[33.15696784793158,3.79352787290145],[33.07022207868533,3.849382203271375],[33.033045320436884,3.877947509218131],[32.99715051936943,3.874963119306756],[32.87835582059864,3.802481864898198],[32.81553991873051,3.78500017521128],[32.71640189673474,3.762401370735859],[32.47923981825352,3.746624499200095],[32.413860002023455,3.744066060761384],[32.35788120512069,3.709099988320361],[32.28181841238245,3.65579539125531],[32.19720923843789,3.602061150708096],[32.195872584417145,3.59397992768595],[32.1998982718207,3.593805242009864],[32.202778703007596,3.591359639032703],[32.20777461674061,3.59251391185137],[32.210700604532576,3.588264705930555],[32.21127521448278,3.583508679973818],[32.21530090188628,3.574743715416275],[32.21442575245072,3.566925048860128],[32.218801499628455,3.561639459236915],[32.21564299022225,3.557295204106367],[32.21145024436987,3.555184643153325],[32.21022503516008,3.548075855273396],[32.20707449719214,3.544226279857241],[32.209874975385844,3.537181182089853],[32.20379246577306,3.529693353401228],[32.20296280398043,3.523404209163289],[32.201653806447155,3.522705412733671],[32.204098989111344,3.51743075469426],[32.2039239592242,3.50991861746752],[32.19977315254306,3.489891417732451],[32.20180606311095,3.487758782475623],[32.20426629248249,3.486052670576044],[32.20490098142477,3.48583312802765],[32.20554824966359,3.485626142117667],[32.207234305262716,3.485527959859382],[32.20961968757416,3.484773084620315],[32.2155839578877,3.484754921570016],[32.21643859615256,3.482798949170672],[32.2172932342732,3.481696033457638],[32.2172932342732,3.476577655519236],[32.218239385054005,3.473256733129517],[32.21894206074393,3.472890536765988],[32.21900251017604,3.472062461244775],[32.22105361721259,3.469844453386486],[32.222412455705694,3.467293826766934],[32.21985714847273,3.457060445717673],[32.22298565092552,3.45448904384989],[32.22370302017805,3.453249075176188],[32.22498497735455,3.451719581389284],[32.22583961547963,3.446351176207941],[32.227678310288525,3.442416590576727],[32.22997890425842,3.43897415786455],[32.2305401249356,3.438579160675602],[32.2305401249356,3.437726060629359],[32.24335969669107,3.434760947410211],[32.24925377862877,3.42941092369125],[32.2503221243349,3.427616480226845],[32.25233339722001,3.425358605599342],[32.25288603886764,3.425057148601297],[32.25370397056247,3.424968690608182],[32.25441831357142,3.424630592917708],[32.256982228120705,3.424630592724839],[32.25740954716059,3.42505714843378],[32.2608280994491,3.42505714843378],[32.26303801132519,3.424204036658409],[32.2689988402019,3.418341644041902],[32.26859968817848,3.400288477396771],[32.26991598597101,3.39726822471755],[32.273256745054084,3.393064932081415],[32.27356338228151,3.392347521451143],[32.274126669083614,3.391727292889868],[32.274862336300714,3.390505509244917],[32.27839985966881,3.378988020938721],[32.27839985966881,3.378134868047141],[32.27882717896023,3.376529261568407],[32.28115761442314,3.370689534867438],[32.28181841195715,3.370359497757818],[32.281915542297384,3.369603299711912],[32.282616572954396,3.368379937912721],[32.28642576403371,3.364243735033824],[32.28752842460176,3.363476559613559],[32.28945128912852,3.360645071923045],[32.28951015546846,3.358144328933975],[32.29036479358905,3.356188097869563],[32.29036479358905,3.354481751742924],[32.2908561589021,3.352049414174076],[32.29236695992864,3.348408251359956],[32.29250138889063,3.347610659170869],[32.2930347900695,3.347209069236442],[32.293783346071564,3.345151820903311],[32.29591994137331,3.343122372279424],[32.296245186113424,3.342403679826305],[32.29745382663248,3.341197094231632],[32.298841455117326,3.340238417005708],[32.30075513413345,3.33862012653907],[32.30122690974315,3.337946429906367],[32.30197270015975,3.337539080768522],[32.30257702020765,3.336935785530386],[32.304110851334315,3.336329470420594],[32.30453817003348,3.335902874987482],[32.308593828102744,3.335195123126141],[32.30962546757365,3.334165230436213],[32.31031607555053,3.33291670536056],[32.31074339502811,3.332490109297908],[32.31173074660529,3.329813121452787],[32.31613973765474,3.323531543131651],[32.316994375951595,3.323531543131651],[32.31742169465076,3.323104942154714],[32.321694885235786,3.323104942154714],[32.3232271604806,3.323531543131651],[32.3250097530759,3.324811343162082],[32.325864391246114,3.324811342904297],[32.327472790752836,3.325237942504202],[32.33089134362365,3.325237942606918],[32.331568979989356,3.324811343162082],[32.33224206150112,3.32463009147159],[32.33340208116738,3.32365327510837],[32.3341341901442,3.323226970037467],[32.33993380445406,3.320307669539602],[32.340599189280056,3.320118733740856],[32.3439480142668,3.319950678398584],[32.344552334383934,3.319347372269817],[32.34593125520644,3.318382407931324],[32.34666553728158,3.316971813018597],[32.34731408873381,3.316474581384455],[32.34762554732765,3.315694776924829],[32.347696294147795,3.314858241552486],[32.348697717162,3.31264930795254],[32.35112298427447,3.309296125361413],[32.352753376209535,3.305892190223403],[32.35415660475246,3.303907731893105],[32.35488997150202,3.303786662672337],[32.35538064568328,3.303236193892985],[32.35614505719286,3.302854622627024],[32.35719640318058,3.301774685556893],[32.35800129726846,3.301654792721536],[32.35860561785438,3.301051475064185],[32.368104877441,3.297935190272028],[32.37568638086782,3.29025615627171],[32.37582860565442,3.289544917032117],[32.380529115012905,3.2872654480704],[32.3805322321669,3.286413505295627],[32.38152136043294,3.284214842595532],[32.3822677754992,3.283812912206486],[32.38674843738909,3.277647786160685],[32.38778805733671,3.275335477452472],[32.39027827817603,3.271990603668485],[32.390784772765755,3.269890231279192],[32.39258590268048,3.267126994405032],[32.39377600618815,3.266086561134159],[32.39536115904582,3.263502993121961],[32.399758472646,3.260022428844138],[32.40062502709503,3.25867427548684],[32.40245413142185,3.257011693981269],[32.40272439171048,3.256202222674062],[32.413546457792904,3.249186718590238],[32.41580349653191,3.248447045984449],[32.41665813465255,3.248447045984449],[32.417940091833486,3.248020413447307],[32.419624640594066,3.247915836029847],[32.422731499936845,3.246842552803628],[32.42647802130284,3.244068010136345],[32.442833368747586,3.235647991822475],[32.47333492748106,3.214665067975886],[32.473939247649184,3.214061698050443],[32.4745393085899,3.213706490735547],[32.47496662748341,3.213279843830151],[32.47539394671048,3.211999901106253],[32.47660883316274,3.210969660478327],[32.47762448099934,3.209789177675816],[32.48204070127326,3.206130688056987],[32.483629288315626,3.205511529736839],[32.48507318377443,3.204602197363727],[32.486681055775875,3.204201357817453],[32.487337839300665,3.20367065755147],[32.48818376214251,3.203649650092757],[32.488611081556485,3.203222998342028],[32.48864083753551,3.202399405060987],[32.48946571967713,3.201516391213204],[32.48977659522018,3.200809058059519],[32.48992279453131,3.200016216090205],[32.48992279453131,3.191483125384707],[32.490350113821876,3.190806539494815],[32.490350113821876,3.189953225958391],[32.49068307558724,3.189237615812999],[32.49128739624649,3.188634230867251],[32.49163207100298,3.187923463562868],[32.49205938982402,3.187496805936121],[32.49285390352918,3.187436774048081],[32.4939031531037,3.186449178850239],[32.495991769471686,3.18530348166405],[32.49682106988763,3.185242406285738],[32.49718721870573,3.184540517237167],[32.49718721870573,3.1836871983283],[32.4976145374049,3.182407219088191],[32.4976145374049,3.176433960426948],[32.49804185690789,3.174904038955162],[32.49804185690789,3.174050712250221],[32.49846917570159,3.17362404893629],[32.49862900036368,3.172930300665882],[32.499056319062845,3.172503636050067],[32.49932381399839,3.171917392356136],[32.50071878420442,3.170684138216416],[32.50144323246491,3.170370313184492],[32.50205258388047,3.169779044849804],[32.50224373553601,3.169677574958996],[32.504153779498324,3.168663651968586],[32.50458109819749,3.168236985592955],[32.50530628093338,3.168107727810707],[32.50586305578787,3.167810319731757],[32.512234924968425,3.167292254303675],[32.51448275326385,3.166530321022378],[32.51558770891103,3.165676987234065],[32.51643479921205,3.165658792115607],[32.51711998407609,3.165250319948541],[32.5222478128,3.165250319948541],[32.527922743738884,3.16949604987883],[32.531996213522234,3.170468238499495],[32.53841119808055,3.174059876223055],[32.54322231772329,3.175490281078282],[32.54493159358691,3.175490281072769],[32.54664087018023,3.176343606764078],[32.55176869892978,3.176343606593775],[32.5524463357001,3.175916943924108],[32.561807826705945,3.175821660677229],[32.56337962982349,3.175490281072769],[32.563848992198075,3.175105596736614],[32.56551622511603,3.175063618411116],[32.57385804508982,3.172930300301744],[32.57898587350661,3.172930300665882],[32.58685353069228,3.174566372575327],[32.58767888757893,3.174636954676203],[32.59195207816413,3.174636954676203],[32.59404463804151,3.173500750506491],[32.59637190165142,3.172930300665882],[32.60149973039012,3.172930300301744],[32.611062750220015,3.178476917296791],[32.6418190147495,3.178542800312243],[32.65862779997258,3.182316865051575],[32.70686734206146,3.188436754153031],[32.70906447140112,3.189746946207947],[32.713073992250486,3.19116463908108],[32.71421639237377,3.192255942724614],[32.715027173692306,3.192525783209703],[32.717009376514966,3.193769730409144],[32.71752662939838,3.194398116991067],[32.72307752974484,3.196573508615757],[32.72529458893405,3.197849400907103],[32.7285497951645,3.199992460410328],[32.73073823309403,3.200897527652273],[32.73134255317814,3.201500904633861],[32.73219076672393,3.201516391635437],[32.73292667089072,3.201802593658385],[32.73776784936763,3.205127306974589],[32.738195168811444,3.206209553971007],[32.755694946842254,3.242086844960625],[32.75600903213882,3.250553541493105],[32.75934746209197,3.254230733044551],[32.76035984184409,3.254553204402782],[32.76369827160926,3.257886244905762],[32.764021264463054,3.258896988014328],[32.76468895055166,3.259563593655969],[32.76468895055166,3.260896804462618],[32.766692008647055,3.26422982374504],[32.76899669775008,3.269885098125371],[32.77136581086927,3.27363359654214],[32.77136581086927,3.274966788659185],[32.77537192705989,3.281199250575696],[32.77537192705989,3.289198316078853],[32.77069812483751,3.295816782477573],[32.76980015183858,3.296778608472096],[32.76869506674228,3.29726431214209],[32.76864595683571,3.298548444366247],[32.75556179888963,3.312436480450117],[32.73731382285666,3.336314869737805],[32.7311085016226,3.340737898159375],[32.7306361333101,3.341875187018218],[32.729300761474065,3.343208287162099],[32.72816119295578,3.343680194760395],[32.723160271769075,3.348006043374653],[32.71665886812184,3.354496329086203],[32.71618674274481,3.35563418722387],[32.71528018420139,3.356592403833588],[32.71377695072874,3.359871888164946],[32.712686304526756,3.360461694001287],[32.71206085700169,3.361633705272993],[32.71127406801094,3.362272173934002],[32.709938695839185,3.365447504542942],[32.709294217415334,3.366514081529715],[32.70834996677388,3.367456702239167],[32.707935637808475,3.368618443543426],[32.70726795149881,3.369284975970345],[32.70718621536895,3.3705364435815],[32.70596651543434,3.37246828044124],[32.705932579756734,3.377792506629476],[32.704597207693325,3.381358226992234],[32.703929521661564,3.390532169600476],[32.71728324229679,3.401862897652791],[32.7253760041466,3.401782510119745],[32.7264681682899,3.401196387920777],[32.72913891212448,3.401196387686298],[32.734594957483296,3.399196855960156],[32.75596091048891,3.399196855790137],[32.75701971788334,3.399863367181808],[32.78105641509677,3.399863367074204],[32.78235557570986,3.400016491249914],[32.78356953993267,3.400529877727763],[32.78485061504193,3.400660730367804],[32.796011830287284,3.407194958909656],[32.80135331854132,3.407194958909656],[32.80241212599515,3.407861464490338],[32.809088985885865,3.407861464339703],[32.81014779376653,3.408527969609565],[32.814153909956985,3.408527969609565],[32.81482159565127,3.409194474670983],[32.84152903725743,3.409194474670983],[32.8440528699478,3.409815699573301],[32.85338976614321,3.409860978247252],[32.86214117928603,3.413859993930828],[32.871710112252174,3.422715525438718],[32.87485714579225,3.42608414715221],[32.875084759368406,3.427189925131643],[32.876157903887474,3.427821864966631],[32.88219028595472,3.437842350802214],[32.884422121532054,3.439186704774215]]]}},{"type":"Feature","id":"gb:47994165B56342809461630","properties":{"id":"gb:47994165B56342809461630","name":"Aruu","parentId":"gb:17295835B80141219017784","level":"ADM2","countryCode":"UG"},"geometry":{"type":"Polygon","coordinates":[[[33.103422546403465,3.095221223578619],[33.10075180224112,3.095221223353178],[33.0961354022167,3.096241149613604],[33.09144777026228,3.098294808725541],[33.08451055976485,3.099911094383003],[33.08381994306626,3.100554906116372],[33.08114919893927,3.100554906116372],[33.08048151278933,3.101221614124313],[33.0751467408121,3.10123780496906],[33.07408121719965,3.101888322550337],[33.07274584499322,3.101888322408627],[33.07035166561883,3.102555030136728],[33.0663600643677,3.10261642628177],[33.06516567108139,3.103212747104578],[33.06249705215504,3.103221737715842],[33.061351344434854,3.103678955447606],[33.058767500947965,3.103888444047925],[33.05770869349436,3.104555150372562],[33.05637332130482,3.104555150443616],[33.05298154381552,3.106036117143844],[33.05246162985793,3.107154488147842],[33.05119384097429,3.107221971462195],[33.040443281668786,3.113616744149397],[33.04004824842622,3.114555694446665],[33.03910790960521,3.114950144079103],[33.03576947930321,3.118674178945696],[33.035651011098196,3.119889279522511],[33.031177890645836,3.126556222491729],[33.031095676932296,3.12780751547848],[33.030119083192005,3.128556297123509],[33.02976030516055,3.129531435179842],[33.029092618901586,3.130198125274831],[33.027757247065324,3.133645954794986],[33.0243149425379,3.137326961593772],[33.02375113087476,3.138427143067133],[33.02254542312494,3.139889981642739],[33.02148661573045,3.141890030723232],[33.018922900266375,3.144710952220862],[33.01780012653546,3.145223437041125],[33.01717077449479,3.146364079878936],[33.01533835539726,3.148290093441972],[33.014198544044746,3.150094861273487],[33.01136579212016,3.152923329084786],[33.00919762308473,3.154421539716964],[33.00685960467547,3.155223593275082],[33.00341756242335,3.160192826713683],[33.000584810498765,3.163021267033855],[32.99944411243354,3.163691937946965],[32.99226841750175,3.172658283603141],[32.981045760330346,3.183863678872967],[32.96789794582003,3.203657562652438],[32.96676512909124,3.204339124782564],[32.96232401578442,3.208774337878197],[32.95696465594244,3.215889134114434],[32.95564715538279,3.215906977719953],[32.955634518395186,3.217235019745999],[32.948302609285804,3.22726370773222],[32.94827297055542,3.228584704191803],[32.94732871991931,3.229527455667096],[32.94696723695063,3.230711212547874],[32.94563186522947,3.232434960871331],[32.94469315001214,3.234554731837022],[32.94296112103177,3.236001203916373],[32.939622690872966,3.24101504527556],[32.922262854047176,3.256442528657715],[32.91836741782629,3.257886244700444],[32.911932782634494,3.264709427223067],[32.89920924050796,3.271218295411472],[32.897873868295676,3.271218295784536],[32.89689078484031,3.27086658090667],[32.89689078484031,3.268200183990757],[32.89622309880849,3.266200381653732],[32.89622309880849,3.26353397234152],[32.89555541266691,3.261143672900857],[32.89555541266691,3.242478565068382],[32.8948877263573,3.241811948331986],[32.8948877263573,3.240478711747926],[32.89355235463637,3.23914547430428],[32.89349880965551,3.23783437820731],[32.892216982617924,3.235697998007822],[32.89088161029605,3.233974255664464],[32.889764391746894,3.233330389104196],[32.88935671706446,3.232176422623979],[32.88554012230031,3.22727523789996],[32.87605993002927,3.22188882733866],[32.86101657236998,3.216555768486671],[32.85887954511759,3.215269290132824],[32.858164994597814,3.214231530067877],[32.85717246397695,3.213889228383323],[32.85482656483941,3.211841114192339],[32.851325297483186,3.20788948770587],[32.83679904167218,3.200441217184107],[32.83138522962798,3.195223252998574],[32.830122181270724,3.195151041168458],[32.825810240059184,3.193223306944617],[32.823416060045304,3.192556657095338],[32.81007090988379,3.192577315888627],[32.809003531847736,3.193223306944617],[32.79965592756423,3.193223306745153],[32.79726174799049,3.193889955464158],[32.79459100365017,3.193889955464158],[32.7934933159022,3.194462884463121],[32.78819070821197,3.194556604590275],[32.78071341501777,3.196109259478476],[32.77982602838142,3.196556548110948],[32.779158342327776,3.197223195155345],[32.776707298956524,3.197442554129339],[32.77474444951798,3.198516341506604],[32.77303461125143,3.199889778646934],[32.770916996344,3.201223067826618],[32.767905581548234,3.204011249727102],[32.763353578153215,3.209899631645897],[32.761856006624555,3.213546481383275],[32.75939801642545,3.217171927970298],[32.75801209023405,3.22059856003176],[32.75534134603083,3.232554862872007],[32.755694946842254,3.242086844960625],[32.738195168811444,3.206209553971007],[32.73776784936763,3.205127306974589],[32.73292667089072,3.201802593658385],[32.73219076672393,3.201516391635437],[32.73134255317814,3.201500904633861],[32.73073823309403,3.200897527652273],[32.7285497951645,3.199992460410328],[32.72529458893405,3.197849400907103],[32.72307752974484,3.196573508615757],[32.71752662939838,3.194398116991067],[32.717009376514966,3.193769730409144],[32.715027173692306,3.192525783209703],[32.71421639237377,3.192255942724614],[32.713073992250486,3.19116463908108],[32.70686734206146,3.188436754153031],[32.65862779997258,3.182316865051575],[32.6418190147495,3.178542800312243],[32.611062750220015,3.178476917296791],[32.60149973039012,3.172930300301744],[32.59637190165142,3.172930300665882],[32.59404463804151,3.173500750506491],[32.59195207816413,3.174636954676203],[32.58767888757893,3.174636954676203],[32.58685353069228,3.174566372575327],[32.57898587350661,3.172930300665882],[32.57385804508982,3.172930300301744],[32.56551622511603,3.175063618411116],[32.563848992198075,3.175105596736614],[32.56337962982349,3.175490281072769],[32.561807826705945,3.175821660677229],[32.5524463357001,3.175916943924108],[32.55176869892978,3.176343606593775],[32.54664087018023,3.176343606764078],[32.54493159358691,3.175490281072769],[32.54322231772329,3.175490281078282],[32.53841119808055,3.174059876223055],[32.531996213522234,3.170468238499495],[32.527922743738884,3.16949604987883],[32.5222478128,3.165250319948541],[32.51711998407609,3.165250319948541],[32.51643479921205,3.165658792115607],[32.51558770891103,3.165676987234065],[32.51448275326385,3.166530321022378],[32.512234924968425,3.167292254303675],[32.50586305578787,3.167810319731757],[32.50530628093338,3.168107727810707],[32.50458109819749,3.168236985592955],[32.504153779498324,3.168663651968586],[32.50224373553601,3.169677574958996],[32.50316968563163,3.15629027092865],[32.50249204886131,3.155863599998611],[32.50201199912976,3.155258422508439],[32.50006943814196,3.153675818638987],[32.49539776645838,3.150063497835617],[32.493797262388796,3.149473032670699],[32.49234829658474,3.148610167404684],[32.49150827070213,3.148548360922064],[32.48921503617362,3.147403473411259],[32.48422254744048,3.146831029666544],[32.483451658989054,3.146476795258707],[32.47197539389424,3.145988862981028],[32.466847565504054,3.141201246943353],[32.46491050151059,3.138896235381651],[32.46428365102048,3.13688597570399],[32.46442806777884,3.134385629552696],[32.46548756148621,3.132125608911849],[32.46567866449817,3.130463930941914],[32.4667585033402,3.128218544376296],[32.46796714428183,3.127011703654546],[32.46826930435799,3.126283309939424],[32.469411479865926,3.125048977571907],[32.46950547602046,3.124289466843834],[32.4700719382563,3.123823880919701],[32.47115046734331,3.12252339533012],[32.47153267268112,3.1217601181134],[32.472517714649086,3.120449304360022],[32.47321351040915,3.120066394522155],[32.47392119510522,3.118624473424745],[32.4745393085899,3.118152550608045],[32.47495712769046,3.117471987681142],[32.475807830576684,3.11660912848015],[32.47611392601635,3.11589021338915],[32.476248584479265,3.115092533783752],[32.478812499193,3.113195626243169],[32.49562393182072,3.088155852693092],[32.50146040929093,3.082431664371541],[32.50787019516861,3.069684441995037],[32.51017534405287,3.0682240821302],[32.512998024019225,3.066901764872],[32.51470730026051,3.059574508929586],[32.522752976987135,3.050080501032937],[32.52282636221656,3.049272363941611],[32.5235173885539,3.048845408868715],[32.52368100051325,3.048092954837216],[32.5245356386481,3.046739597435931],[32.52505992941781,3.045156329393592],[32.52595705561055,3.043731641184252],[32.52856028172573,3.037418419903361],[32.52901068353435,3.036815652857683],[32.53357875509471,3.034612736806139],[32.53519721291116,3.031716385261234],[32.53521861515628,3.029164908898224],[32.53665617177353,3.027699135306136],[32.53875353348161,3.026574349241685],[32.53957408883599,3.026492180934326],[32.54017840889094,3.025888703068233],[32.54242067554986,3.024929732574833],[32.54574642381937,3.02075516281576],[32.54604858396391,3.020026697335823],[32.54665290401175,3.019423215514735],[32.54695506464054,3.018694748823293],[32.54755938498187,3.018091266695762],[32.552738696312645,3.014905829102418],[32.564276311072035,2.993237226605174],[32.564276311072035,2.992383754851858],[32.56470363031872,2.991957017963898],[32.56475591944388,2.990302288285079],[32.565985587499824,2.987012928060153],[32.565985587499824,2.985305972763058],[32.57447258168105,2.976249523435911],[32.57666856400783,2.972674490687496],[32.577874038560935,2.969544724955711],[32.581369073412645,2.964648893149445],[32.58141800338046,2.959576780027248],[32.589060816757296,2.952636040697655],[32.58948813581782,2.950502279768443],[32.590901755357436,2.947923006332189],[32.592052049875406,2.946691828667326],[32.59241255637545,2.94598744876572],[32.59409415767152,2.944213705789764],[32.59769789855409,2.937295023222816],[32.602979560988786,2.931837742037658],[32.60365719775916,2.930557462091031],[32.604084516819626,2.930130701783412],[32.60487162163082,2.930063257562892],[32.606580898224195,2.927002709259398],[32.60700821692353,2.924618908041452],[32.62191183881549,2.89653815256554],[32.6228528660846,2.895221501305514],[32.62362639621023,2.894448958271198],[32.62560447877519,2.892768852699362],[32.62657839627366,2.892320128253175],[32.62738903059619,2.891598997268716],[32.627853243104084,2.891320040591552],[32.629013538565914,2.890161221641279],[32.62929957741488,2.889702441436157],[32.63040412425357,2.888621735120978],[32.63092302403663,2.888448988287394],[32.63211326974181,2.887338566055575],[32.632681546435606,2.886481106767974],[32.63404896742861,2.880989102177125],[32.63541638842173,2.878917129668025],[32.63541638842173,2.875093176751761],[32.64030372136381,2.872021509067622],[32.64050746723518,2.871580216411189],[32.64143304079113,2.870484277016658],[32.641604783729065,2.870109522228915],[32.642253493128464,2.869504851146303],[32.64962223736978,2.857013982856529],[32.650731503543795,2.854804125362023],[32.65073150352231,2.854257835806948],[32.65181961665627,2.852634172056469],[32.65182544033826,2.852090290735362],[32.65209892443784,2.851817145414373],[32.65221754697092,2.851298822287959],[32.652514316204815,2.850847750614207],[32.65330359577649,2.850221995847846],[32.65359578082439,2.849767624332458],[32.65398254588723,2.849381337505974],[32.65544206495474,2.848637114378562],[32.656238400792915,2.847910541192391],[32.657295124095924,2.845476884906702],[32.658389061007824,2.841392955078959],[32.65842549459444,2.840336751360667],[32.671218866991296,2.826976333293146],[32.67254623577492,2.826028343674466],[32.673053369013246,2.825859804823665],[32.673600337531525,2.825859804953325],[32.67397765998214,2.82569036605679],[32.67425114462418,2.825417214018216],[32.67425114462418,2.824324606533537],[32.67452462882284,2.823345141384777],[32.67454245288667,2.822255420890315],[32.675061352506646,2.820154302698484],[32.67507159689404,2.819609656871933],[32.675487387513215,2.818604591784435],[32.675677663266754,2.817547174292713],[32.677792283892074,2.813855208972939],[32.67896640809846,2.812715475723849],[32.67945475654136,2.812469745096848],[32.68123164832974,2.811196142195683],[32.690822015333765,2.806304252254222],[32.69230110168547,2.804664645713558],[32.69241599800688,2.804165866722826],[32.69284806969233,2.803251995506059],[32.69284806969233,2.800520423100636],[32.692699994609825,2.800035369086061],[32.69231322954704,2.799649065715641],[32.69153969942158,2.797783826251589],[32.69038671234205,2.796346936112798],[32.68797197901927,2.786751897126521],[32.68835874408205,2.786365589386435],[32.689292354104055,2.785978983866357],[32.68967924260488,2.785592973526093],[32.691509511646984,2.784613177989456],[32.705154858828905,2.784038026901612],[32.70512599643149,2.78242788607082],[32.703391246299304,2.780242589802072],[32.70296031950568,2.779962769254894],[32.702573554351716,2.779576460095655],[32.70214653288235,2.779366819762288],[32.70105259608289,2.778274169556596],[32.69996687067089,2.777510964058365],[32.69813017793592,2.777050445286818],[32.697663712453334,2.776774582568009],[32.69695033310876,2.776170968123893],[32.69695033310876,2.775624641540276],[32.69640336443166,2.775078314798009],[32.69684059424333,2.771965915813269],[32.69777078534702,2.77078979389978],[32.698317754101765,2.770243465018098],[32.699030157373784,2.769862377304719],[32.701218030723965,2.769862377663912],[32.70279257776036,2.768769718058991],[32.707093654685764,2.768472175347256],[32.709386635220994,2.766656298152157],[32.71703884499544,2.769042882964925],[32.72123929254184,2.767403892584753],[32.72183739518215,2.766748620007718],[32.721871885530675,2.760744556578175],[32.723751784535864,2.75235109202265],[32.73143496646475,2.752366911051354],[32.73290105473757,2.751833370898339],[32.733174538741025,2.751560202231474],[32.7333237315238,2.751013864356935],[32.709938695839185,2.73980641242423],[32.70021021219867,2.729135600185771],[32.69781603258957,2.728468670912378],[32.69649167331562,2.728422073386014],[32.69053248916947,2.726424619450768],[32.68482500119245,2.723800158855624],[32.68427720004473,2.722844126677217],[32.68203970067441,2.721799361714147],[32.681053326555684,2.720957756430039],[32.679922085766975,2.72046549537248],[32.67989282448116,2.719160855682333],[32.679225138171546,2.716769369885412],[32.679225138171546,2.704764469295867],[32.68445458627491,2.695900618748283],[32.68456662674049,2.689277487323295],[32.68323125423285,2.68570948361355],[32.68317818356246,2.684397536497102],[32.682563568645094,2.683317931608258],[32.68189588251187,2.680926374691637],[32.67952868788916,2.676386562283881],[32.67876084190698,2.675316334324123],[32.67828871658628,2.674177764750539],[32.675614281733715,2.671234109888985],[32.67521902211024,2.669993395177244],[32.674551336264074,2.668935736299943],[32.67442760697878,2.667653006843068],[32.6732159640797,2.665486490080127],[32.6732159640797,2.661484701855215],[32.67194528004222,2.659235297642283],[32.671880592137086,2.657916617240062],[32.67134808363471,2.656708253830232],[32.66745097453992,2.65401423462373],[32.665562473267585,2.652127757592268],[32.66340366802774,2.65057064261822],[32.66186998242807,2.648443892458602],[32.65970453390378,2.646943052866789],[32.658760283262154,2.645999809317402],[32.65781603262059,2.643722614990963],[32.65251769721584,2.638964504445426],[32.65251769721584,2.633628669452889],[32.654027779829335,2.630251616573958],[32.655158955223726,2.629759160329115],[32.655188440905704,2.6284546493319],[32.658668029226135,2.624949261624181],[32.66083619849974,2.623450352159523],[32.66178044914045,2.622507090839463],[32.66374836017229,2.621755340189793],[32.671049843858725,2.619754377314962],[32.67372058816994,2.619754377149206],[32.677960206046976,2.617753411141564],[32.68063095038718,2.617753411141564],[32.68196632268183,2.616419431644431],[32.718483983759654,2.610416507258378],[32.71915167006944,2.609749513625616],[32.72043076593104,2.609511371331848],[32.72155483220541,2.608817321778361],[32.727617663699846,2.606762736629605],[32.728561914335955,2.605819462742488],[32.733715963952534,2.605080550644402],[32.75775266109599,2.605080550644402],[32.760265785931836,2.604413554460621],[32.76384456764316,2.604413554523148],[32.77094876201534,2.604413554523148],[32.7729518205353,2.605080550644402],[32.77428719259888,2.606414541952233],[32.77562256438625,2.606414541950073],[32.77774017917517,2.607748531501784],[32.78575241195091,2.607748531846255],[32.78704922912334,2.607911682368297],[32.78826553633985,2.608415526195927],[32.78960090885039,2.608415526262718],[32.79216330210318,2.60908252053639],[32.79616941864106,2.609082520325558],[32.80078370888111,2.611123171773727],[32.80141168229852,2.612197311880209],[32.80141168229852,2.622869142197089],[32.80207936794346,2.62526081143983],[32.80207936794346,2.634598569789091],[32.802672210164076,2.635687226721871],[32.80397658074577,2.637095950348169],[32.804082426425566,2.638324174045124],[32.81009160071136,2.645574880377353],[32.81056731610556,2.646433620501909],[32.81075928637563,2.647575801861876],[32.81276234440634,2.649967423918554],[32.81296149551474,2.65243637163735],[32.8142385377721,2.652577041321763],[32.81518278841372,2.65352027985989],[32.816414482593984,2.653770312004212],[32.82709745910216,2.653770312004212],[32.82928519897945,2.652605486593131],[32.83055044589594,2.65243637163735],[32.83608754514347,2.647789449661786],[32.840156493927395,2.641078816001084],[32.842044995210415,2.639192319271615],[32.8441290572045,2.637777444845256],[32.84545841024408,2.637762928699658],[32.84681433245822,2.636449499588025],[32.84907835011546,2.635298160083266],[32.85295700365339,2.634605906651586],[32.855048258864144,2.633318131388478],[32.855832354489564,2.632427088971383],[32.85706154251437,2.631977760745201],[32.861245337076866,2.629092177276846],[32.8700504070938,2.627091225980791],[32.87245322740114,2.625957476497717],[32.87371811011849,2.625659191811508],[32.875977844673514,2.624423286246611],[32.876984971814466,2.623631662894468],[32.87808031296845,2.621318637160869],[32.880562623101525,2.618208480346311],[32.88371921559968,2.615853463853],[32.88602154746616,2.61451149357498],[32.889958227524005,2.61108350053712],[32.8902139245227,2.610004945773255],[32.89184061665907,2.608791502441647],[32.89235240663942,2.607748531501784],[32.89607873791391,2.607023449587473],[32.90138755645688,2.60643419167036],[32.904057211154566,2.606414541952233],[32.90578370464016,2.605080550644402],[32.90890913341195,2.604200773070772],[32.909789820830554,2.6037465579235],[32.91513130889575,2.603746557708405],[32.917589051824734,2.605684048974126],[32.91886086063039,2.605747546195289],[32.920587354150996,2.607081537076056],[32.929934958178194,2.607081537351576],[32.93211864136123,2.6059068843266],[32.933387945566665,2.605747546475072],[32.93361351614732,2.603304899219552],[32.93227814442639,2.601970904960865],[32.93227814442639,2.599302911312634],[32.932945830555354,2.598635911997292],[32.934055631598426,2.598410572923001],[32.939397119678176,2.598410573179137],[32.94179129936987,2.59907757228234],[32.946188536838065,2.601745566043576],[32.95019465289931,2.601745566043576],[32.950973353011875,2.59585347189676],[32.948970294981166,2.588831358311211],[32.950973353011875,2.584596059474052],[32.948408068127264,2.580612161117415],[32.94752510331847,2.579624740034603],[32.9453569346781,2.578125776520722],[32.944412684036536,2.577182481285377],[32.943793125868524,2.576399396919157],[32.94229343457971,2.573114048560285],[32.939622690872966,2.570607839450361],[32.93916677457145,2.569729268299568],[32.93895500482802,2.567272764092763],[32.93895500482802,2.565938731964081],[32.939622690872966,2.565271715139033],[32.94061275837066,2.564738099054239],[32.94431593109147,2.563716413500117],[32.94551032406997,2.563119814993343],[32.96686193090062,2.563059104760555],[32.97176484678795,2.558389969506152],[32.98235459690568,2.55848310350018],[32.983035177716204,2.559396941532441],[32.98782652070082,2.561725067994189],[32.99583875308201,2.561725067994189],[32.99904674754373,2.558812242288582],[33.00129479814825,2.55838996975325],[33.002385177858514,2.558634717887344],[33.00389378552575,2.559897073145919],[33.010318574166945,2.570984540575068],[33.010397410239534,2.573619971196308],[33.010790699568474,2.574791254339345],[33.01181905713554,2.577152595149528],[33.013386134911,2.579226267937486],[33.01454345864903,2.579874238521882],[33.016170294250685,2.581735474248148],[33.017221156674964,2.582451395107284],[33.01848800158274,2.582873247632961],[33.020573738564224,2.584403505115858],[33.021909110476486,2.584403504926627],[33.02520447830756,2.586404524285228],[33.02650529618552,2.586487860485363],[33.027598657702185,2.587071529997388],[33.027757247065324,2.588247112851377],[33.028784918890494,2.588765158757099],[33.02959197034835,2.589820806937553],[33.032388160114465,2.594322878944297],[33.033670518031215,2.594408569755387],[33.033766421272674,2.595646767163601],[33.03777253733392,2.600820922702496],[33.04152074258553,2.601078567816955],[33.04383036944665,2.602103368760822],[33.05506490311518,2.604413554460621],[33.056123710568784,2.605080550644402],[33.068142059112176,2.605080550984553],[33.06920086650666,2.605747546195289],[33.07053623822759,2.605747546195289],[33.074147238395994,2.609054174865889],[33.07516295532042,2.611363796737237],[33.07611122904274,2.611750493037675],[33.077640983266974,2.613558953213555],[33.07850138515454,2.614146201804658],[33.07956421601392,2.614418460082788],[33.08023190204557,2.615085450958134],[33.0826260815283,2.615752441773452],[33.08329376759457,2.616419431644431],[33.08451055976485,2.616537887915854],[33.08462913955901,2.617753411141564],[33.08687403111668,2.62011441367531],[33.0874144405974,2.621088352865058],[33.08808212662916,2.621755340189793],[33.08918436161741,2.621988232411752],[33.09114399217816,2.623089313772596],[33.09181167780372,2.623756300066873],[33.102494654718214,2.623756300030493],[33.10500777930878,2.624423286246611],[33.10634315161769,2.624423285932551],[33.10701083733932,2.625090271172894],[33.10834620971286,2.625090271478655],[33.10921494282218,2.625556420257055],[33.111885687067115,2.628453230769026],[33.1145564311941,2.632427088971383],[33.10454114045126,2.64109781765768],[33.10340132927263,2.641569440933949],[33.08808531957959,2.659988472930479],[33.0857712324584,2.661256197089358],[33.085168833008595,2.662440891252061],[33.08036312651291,2.666583840029148],[33.0781949572347,2.668082698226556],[33.072817056182714,2.673779248977667],[33.070914413691014,2.6746883691074],[33.07042287622869,2.675780124920095],[33.069755190633714,2.676447082639015],[33.0647333294682,2.679781866548979],[33.06447997881219,2.68086270421901],[33.04511708389117,2.695283390469285],[33.04177865339523,2.698618122953064],[33.029092618901586,2.719589145010445],[33.02380421346783,2.724107112716524],[33.02256972704487,2.724595374011926],[33.01996536872389,2.72513402110809],[33.01729462459684,2.72513402110809],[33.01507121246192,2.726139549759353],[33.01483151611825,2.728708095724471],[33.012747454303565,2.732790574440799],[33.009062038176125,2.737153667151517],[33.00639129404908,2.741112192948094],[33.00093811507088,2.746587184419695],[32.998774236350584,2.747809459420523],[32.99837906123412,2.748748575090929],[32.99578243237727,2.750773573457764],[32.9921235354887,2.752057030541494],[32.99104075847987,2.752808218505095],[32.98711418846955,2.753144794256684],[32.98644650280829,2.753811709377885],[32.945049968839214,2.753811709377885],[32.94384651839965,2.754369894491845],[32.94253684388559,2.754478623880345],[32.92651237924093,2.754478624174169],[32.914283688147066,2.760447812411201],[32.88954623849088,2.776921567443651],[32.87018334356986,2.787771935318062],[32.868899983515746,2.787823886041792],[32.86751259933982,2.789105726645914],[32.86622923917537,2.789157676588729],[32.8648418549995,2.790439515739308],[32.863558495405925,2.790491466182004],[32.86307113607813,2.791593190928495],[32.86083573893819,2.792554617715211],[32.85634372144477,2.796311931374305],[32.843381122419316,2.797065723390517],[32.83626568943015,2.792626321327987],[32.834985960256176,2.792492147682992],[32.8325066280384,2.79168227559893],[32.830236275396544,2.790491466520564],[32.81570480202009,2.789824571682914],[32.81201831291821,2.794492825228588],[32.81109423131409,2.795157515721314],[32.8094239146547,2.797193633698441],[32.80911043136666,2.798453499542461],[32.807545192442376,2.799827949140706],[32.79980952464649,2.801828614380383],[32.79607019385145,2.808602125948539],[32.79607019385145,2.815270946996975],[32.79661640817176,2.816378730781878],[32.79673788007614,2.817662234685031],[32.80048133961316,2.823371100468876],[32.8056699529987,2.829170697134202],[32.80633763930831,2.829837568536732],[32.80742085658437,2.830089416271562],[32.80873896811505,2.831820943084381],[32.81075928637563,2.832871316979947],[32.82020902597196,2.849227695093589],[32.82206652009563,2.850510411012635],[32.82210994914817,2.851800754417013],[32.824851821194216,2.853844705241102],[32.830122181270724,2.853773665746303],[32.833119785483575,2.850850815396086],[32.83425959683609,2.850379274286126],[32.83576391117373,2.848509829657871],[32.837490404877826,2.847176106225504],[32.83862328153515,2.846687842396136],[32.84070734352906,2.845273213373332],[32.84134049130205,2.844106172352895],[32.843642147668334,2.843509711261561],[32.844357704985555,2.842508064294918],[32.84569307704919,2.842508064294918],[32.84781069193457,2.841174334374273],[32.851782108771374,2.841321141420622],[32.85405336837346,2.842508064294918],[32.85682962287689,2.84463648988077],[32.86617722737924,2.8565109399417],[32.86884677540314,2.857845845904876],[32.868847971060745,2.859178362789805],[32.870459062663826,2.860788641203669],[32.870964390673805,2.861846973089484],[32.871632076501726,2.86251382601489],[32.876860203887475,2.862400606575363],[32.88286937817327,2.857341991059911],[32.88754318039571,2.855775066302328],[32.88821086642747,2.855108209269076],[32.89014907632247,2.850575178777319],[32.890881610554516,2.846877063864724],[32.89088161029605,2.842875884908381],[32.89154929658628,2.841818380067309],[32.89156545190781,2.837823867104646],[32.89288466832676,2.833425329809188],[32.897558470697675,2.827857141556478],[32.90126780758209,2.825836330984089],[32.91167421948052,2.826503204923426],[32.91526158213418,2.832847908116321],[32.91646257851511,2.833171923224711],[32.917069079168186,2.833986326307638],[32.91818907171489,2.834505662093932],[32.91915314151237,2.835400968871454],[32.919639000876316,2.836506267976858],[32.922181454148074,2.83909243687259],[32.924265912142346,2.84023506791965],[32.92693665626956,2.843293168183152],[32.929840342222576,2.845175519079248],[32.93043980136798,2.846006893889182],[32.931566835926674,2.846509244827416],[32.93580206550456,2.850510411012635],[32.94317328678983,2.861392021131735],[32.94710527735356,2.863847531275212],[32.950973353011875,2.863709663515522],[32.95378213767117,2.861180119584958],[32.95488151767296,2.86061109491294],[32.95788686197136,2.8580399940181],[32.95831789972317,2.856807910198768],[32.95831789972317,2.855474196389139],[32.958650217089485,2.854345610758173],[32.96094434993336,2.853222086927929],[32.96159368815336,2.852510988889151],[32.96292906034574,2.852510988757729],[32.96341953283286,2.851416828723302],[32.96465555357838,2.851177270093331],[32.96690327316662,2.849890764229542],[32.96822748601511,2.849843550648188],[32.969286293409596,2.849176689897604],[32.983975385933604,2.849176689897604],[32.995040631482425,2.853415518208351],[33.00038211976312,2.86125598341448],[33.008844060538024,2.878749622721955],[33.02261388970953,2.897387529022922],[33.02842493309714,2.907858922978562],[33.02962676794942,2.922875751668244],[33.02962676794942,2.923729277822531],[33.034110122988466,2.929487070470714],[33.037318510822956,2.941580525251254],[33.04244633970484,2.951816076531031],[33.04244633970484,2.956083589224306],[33.042873658404005,2.957721337893247],[33.042873658404005,2.959428336213932],[33.0433009778846,2.960958566160912],[33.0433009778846,2.97546792250597],[33.04201902070383,2.979281079813745],[33.04201902070383,2.980134562470369],[33.04159170140815,2.981740785817408],[33.04159170140815,2.982594266741728],[33.04073706311135,2.985480704913073],[33.04073706311135,2.987187659393214],[33.04146406425366,2.987315123723704],[33.04224195051978,2.987639806673542],[33.04307246414851,2.987741862015866],[33.04734565475184,2.987741862015866],[33.056319665831154,2.985935484974846],[33.05785069224237,2.985181429774684],[33.06724559974748,2.985196164845263],[33.06860698488242,2.986034908291344],[33.069451679727365,2.986076970412284],[33.07094682480442,2.986758669716551],[33.072530941926175,2.987060419066836],[33.07843954395179,2.989645351926242],[33.07888761940427,2.99030228870663],[33.08165674543778,2.992117212212122],[33.08859679784467,2.995792320837552],[33.089393820480836,2.995849858023632],[33.08987875546029,2.996219055837628],[33.09067577766177,2.996276592993638],[33.09110309658905,2.996703328191586],[33.09187359059132,2.997059279647601],[33.093566134737785,2.997130062434508],[33.09424377121394,2.997556796578351],[33.096780790544415,2.997491955187627],[33.097385111230665,2.996888461588185],[33.10000086808782,2.995556485238694],[33.104233096973246,2.991756767887807],[33.107728807745445,2.99030228870663],[33.11285663656855,2.990302288285079],[33.11446503646357,2.990729025415703],[33.11531967430409,2.990729025476469],[33.11660163176515,2.991155762380231],[33.11979089459567,2.995423025476725],[33.12064572780383,2.997705815972154],[33.12075124424473,3.000222572822906],[33.121500365529755,3.002473099469057],[33.121500365529755,3.013568086834312],[33.122150224593895,3.013772583257833],[33.1228026882315,3.01423998534483],[33.12356709974108,3.015766692160923],[33.1244915991191,3.02152291639652],[33.12195196209791,3.049592903519283],[33.12192768498477,3.05982394733212],[33.12278232310558,3.064552029367178],[33.113828958301895,3.094554511372792],[33.104498864835705,3.0945967257353],[33.103422546403465,3.095221223578619]]]}},{"type":"Feature","id":"gb:47994165B69868161530690","properties":{"id":"gb:47994165B69868161530690","name":"Agago","parentId":"gb:17295835B80141219017784","level":"ADM2","countryCode":"UG"},"geometry":{"type":"Polygon","coordinates":[[[33.424362749823445,3.323470897629193],[33.422176025843044,3.325394636369424],[33.42169200548307,3.326527609622588],[33.42037345583901,3.326544403048445],[33.41675390957897,3.329009287832889],[33.41297032514052,3.329918894193611],[33.41100902902036,3.330993183086832],[33.40749698158345,3.331876876681577],[33.392807888451216,3.331876876292881],[33.388363884113176,3.330238524021979],[33.38381858550139,3.327877524162886],[33.38229852993021,3.326728775354638],[33.38181552740599,3.325877841814986],[33.38048015509372,3.324544718143102],[33.380295471834984,3.323395965305167],[33.380295471834984,3.312730897551432],[33.38096315766251,3.31206432659036],[33.38096315766251,3.31073118447847],[33.38144616023112,3.309880237549692],[33.38163084389839,3.308731467498717],[33.38163084389839,3.307398320560253],[33.38211384642261,3.306547370383441],[33.383779875541336,3.305068489948098],[33.38489914736181,3.304547644899401],[33.38833912105298,3.301849973302353],[33.389283371694376,3.300907289709869],[33.3903107623114,3.300389458619122],[33.400993738819466,3.289104930276437],[33.40366448294645,3.281539336093658],[33.39935639116021,3.277884254322032],[33.393826784595944,3.27606177316369],[33.38722348543638,3.275884470933022],[33.38332571967305,3.275217876326622],[33.36062439502649,3.275217876326622],[33.35932155848843,3.275355474324158],[33.35811126998419,3.275884470933022],[33.34876366575219,3.27588447130853],[33.34620127209848,3.275217876326622],[33.344865900088564,3.275217876082763],[33.34373845236314,3.274716722113737],[33.342471720363676,3.274551280379683],[33.333124116126726,3.27455128041305],[33.33190498140692,3.275042867187381],[33.329551333378845,3.275493139566038],[33.32794024713752,3.276551065992351],[33.32526950279737,3.276551065992351],[33.31679026620287,3.28055062522759],[33.310121327145566,3.280584125908433],[33.308926934330316,3.281180343492167],[33.307600281240354,3.281217217126596],[33.306932595208536,3.281883808354166],[33.29357887454472,3.281883808681926],[33.29291118823511,3.281217217177073],[33.29157581647797,3.281217217126596],[33.29051700902431,3.280550625454623],[33.28949017151541,3.280242596448034],[33.28879389038599,3.279203166716059],[33.285484054908125,3.277109984349806],[33.28479039201545,3.276204801454242],[33.28332833867057,3.274246461744099],[33.2821456251566,3.272368054360697],[33.2821456251566,3.261702440202271],[33.2828133111978,3.259193383638319],[33.28283942728808,3.255219813337249],[33.28348099687753,3.25452713041625],[33.28348099687753,3.253193910620041],[33.28397158931216,3.252063572431609],[33.284148683261435,3.250803586798099],[33.28414868318714,3.249470363047692],[33.285484054908125,3.247746643737628],[33.2862924145021,3.243220784988011],[33.28935428005133,3.240554314886026],[33.289727997245905,3.239412804638505],[33.2917738294571,3.236467678183942],[33.29216091530975,3.235251448279769],[33.29416397334046,3.23247058249467],[33.29422366342163,3.231162019446003],[33.2951679140632,3.230219269483086],[33.29677985037972,3.227276639386901],[33.29742481005968,3.226555231713348],[33.29750240389666,3.2252994465602],[33.29817008992842,3.224632817912266],[33.29817008992842,3.223299559305644],[33.29883777571138,3.222632929140332],[33.29883777571138,3.211966790517351],[33.297856562096115,3.2085561275793],[33.29679775470163,3.206556207551841],[33.29616703183302,3.205852661155234],[33.29613006885779,3.204556283181944],[33.2940124536031,3.203222998218791],[33.27264650067741,3.203222998218791],[33.2700841073339,3.203889640979128],[33.25673038669868,3.203889640979128],[33.24649579176514,3.202469000983967],[33.23371347036294,3.197889841625624],[33.207282593702246,3.197223195084973],[33.176916449056876,3.199889778930299],[33.166672045166024,3.205889566284839],[33.16133055670667,3.205889566374594],[33.15893637739458,3.205222924950533],[33.15359488891056,3.20522292476295],[33.1492761048458,3.203811310283072],[33.1414090953532,3.199628954335822],[33.14016967388892,3.199223133412659],[33.13883430210848,3.199223133406633],[33.136271908125764,3.198556487461246],[33.135604222476616,3.197889841625624],[33.134268850095054,3.197889841973449],[33.13293347834963,3.196556548110948],[33.130815863442194,3.19522325286357],[33.130193860722784,3.194363387669398],[33.12857783771727,3.192948634863626],[33.127242465797735,3.188948729596007],[33.12457172165597,3.176167880096557],[33.11676643157648,3.163430275934218],[33.1165594892895,3.154182461942639],[33.1145564311941,3.152182436389808],[33.1145564311941,3.117514718009204],[33.11589180322363,3.112495894954804],[33.11589180322363,3.09782836908505],[33.11522411722592,3.095828235758859],[33.113828958301895,3.094554511372792],[33.12278232310558,3.064552029367178],[33.12192768498477,3.05982394733212],[33.12195196209791,3.049592903519283],[33.1244915991191,3.02152291639652],[33.12356709974108,3.015766692160923],[33.1228026882315,3.01423998534483],[33.122150224593895,3.013772583257833],[33.121500365529755,3.013568086834312],[33.121500365529755,3.002473099469057],[33.12075124424473,3.000222572822906],[33.12064572780383,2.997705815972154],[33.11979089459567,2.995423025476725],[33.11660163176515,2.991155762380231],[33.11531967430409,2.990729025476469],[33.11446503646357,2.990729025415703],[33.11285663656855,2.990302288285079],[33.107728807745445,2.99030228870663],[33.104233096973246,2.991756767887807],[33.10000086808782,2.995556485238694],[33.097385111230665,2.996888461588185],[33.096780790544415,2.997491955187627],[33.09424377121394,2.997556796578351],[33.093566134737785,2.997130062434508],[33.09187359059132,2.997059279647601],[33.09110309658905,2.996703328191586],[33.09067577766177,2.996276592993638],[33.08987875546029,2.996219055837628],[33.089393820480836,2.995849858023632],[33.08859679784467,2.995792320837552],[33.08165674543778,2.992117212212122],[33.07888761940427,2.99030228870663],[33.07843954395179,2.989645351926242],[33.072530941926175,2.987060419066836],[33.07094682480442,2.986758669716551],[33.069451679727365,2.986076970412284],[33.06860698488242,2.986034908291344],[33.06724559974748,2.985196164845263],[33.05785069224237,2.985181429774684],[33.056319665831154,2.985935484974846],[33.04734565475184,2.987741862015866],[33.04307246414851,2.987741862015866],[33.04224195051978,2.987639806673542],[33.04146406425366,2.987315123723704],[33.04073706311135,2.987187659393214],[33.04073706311135,2.985480704913073],[33.04159170140815,2.982594266741728],[33.04159170140815,2.981740785817408],[33.04201902070383,2.980134562470369],[33.04201902070383,2.979281079813745],[33.0433009778846,2.97546792250597],[33.0433009778846,2.960958566160912],[33.042873658404005,2.959428336213932],[33.042873658404005,2.957721337893247],[33.04244633970484,2.956083589224306],[33.04244633970484,2.951816076531031],[33.037318510822956,2.941580525251254],[33.034110122988466,2.929487070470714],[33.02962676794942,2.923729277822531],[33.02962676794942,2.922875751668244],[33.02842493309714,2.907858922978562],[33.02261388970953,2.897387529022922],[33.008844060538024,2.878749622721955],[33.00038211976312,2.86125598341448],[32.995040631482425,2.853415518208351],[32.983975385933604,2.849176689897604],[32.969286293409596,2.849176689897604],[32.96822748601511,2.849843550648188],[32.96690327316662,2.849890764229542],[32.96465555357838,2.851177270093331],[32.96341953283286,2.851416828723302],[32.96292906034574,2.852510988757729],[32.96159368815336,2.852510988889151],[32.96094434993336,2.853222086927929],[32.958650217089485,2.854345610758173],[32.95831789972317,2.855474196389139],[32.95831789972317,2.856807910198768],[32.95788686197136,2.8580399940181],[32.95488151767296,2.86061109491294],[32.95378213767117,2.861180119584958],[32.950973353011875,2.863709663515522],[32.94710527735356,2.863847531275212],[32.94317328678983,2.861392021131735],[32.93580206550456,2.850510411012635],[32.931566835926674,2.846509244827416],[32.93043980136798,2.846006893889182],[32.929840342222576,2.845175519079248],[32.92693665626956,2.843293168183152],[32.924265912142346,2.84023506791965],[32.922181454148074,2.83909243687259],[32.919639000876316,2.836506267976858],[32.91915314151237,2.835400968871454],[32.91818907171489,2.834505662093932],[32.917069079168186,2.833986326307638],[32.91646257851511,2.833171923224711],[32.91526158213418,2.832847908116321],[32.91167421948052,2.826503204923426],[32.90928003976609,2.825836330780135],[32.90126780758209,2.825836330984089],[32.897558470697675,2.827857141556478],[32.89288466832676,2.833425329809188],[32.89156545190781,2.837823867104646],[32.89154929658628,2.841818380067309],[32.89088161029605,2.842875884908381],[32.89014907632247,2.850575178777319],[32.88821086642747,2.855108209269076],[32.88754318039571,2.855775066302328],[32.88286937817327,2.857341991059911],[32.876860203887475,2.862400606575363],[32.871632076501726,2.86251382601489],[32.870964390673805,2.861846973089484],[32.870459062663826,2.860788641203669],[32.868847971060745,2.859178362789805],[32.86884677540314,2.857845845904876],[32.86617722737924,2.8565109399417],[32.86617615772519,2.855177886211152],[32.85682962287689,2.84463648988077],[32.85405336837346,2.842508064294918],[32.851782108771374,2.841321141420622],[32.84781069193457,2.841174334374273],[32.84569307704919,2.842508064294918],[32.844357704985555,2.842508064294918],[32.843642147668334,2.843509711261561],[32.84134049130205,2.844106172352895],[32.84070734352906,2.845273213373332],[32.83862328153515,2.846687842396136],[32.837490404877826,2.847176106225504],[32.83576391117373,2.848509829657871],[32.83425959683609,2.850379274286126],[32.833119785483575,2.850850815396086],[32.830122181270724,2.853773665746303],[32.824851821194216,2.853844705241102],[32.82321905141862,2.852284999776202],[32.82210994914817,2.851800754417013],[32.82206652009563,2.850510411012635],[32.82020902597196,2.849227695093589],[32.81075928637563,2.832871316979947],[32.80873896811505,2.831820943084381],[32.80742085658437,2.830089416271562],[32.80633763930831,2.829837568536732],[32.8056699529987,2.829170697134202],[32.80048133961316,2.823371100468876],[32.79673788007614,2.817662234685031],[32.79661640817176,2.816378730781878],[32.79607019385145,2.815270946996975],[32.79607019385145,2.808602125948539],[32.79980952464649,2.801828614380383],[32.807545192442376,2.799827949140706],[32.80911043136666,2.798453499542461],[32.8094239146547,2.797193633698441],[32.81109423131409,2.795157515721314],[32.81201831291821,2.794492825228588],[32.81570480202009,2.789824571682914],[32.830236275396544,2.790491466520564],[32.8325066280384,2.79168227559893],[32.834985960256176,2.792492147682992],[32.83626568943015,2.792626321327987],[32.843381122419316,2.797065723390517],[32.85634372144477,2.796311931374305],[32.86083573893819,2.792554617715211],[32.86307113607813,2.791593190928495],[32.863558495405925,2.790491466182004],[32.8648418549995,2.790439515739308],[32.86622923917537,2.789157676588729],[32.86751259933982,2.789105726645914],[32.868899983515746,2.787823886041792],[32.87018334356986,2.787771935318062],[32.88954623849088,2.776921567443651],[32.914283688147066,2.760447812411201],[32.92651237924093,2.754478624174169],[32.94253684388559,2.754478623880345],[32.94384651839965,2.754369894491845],[32.945049968839214,2.753811709377885],[32.98644650280829,2.753811709377885],[32.98711418846955,2.753144794256684],[32.989784932809926,2.753144794256684],[32.99104075847987,2.752808218505095],[32.9921235354887,2.752057030541494],[32.99578243237727,2.750773573457764],[32.99837906123412,2.748748575090929],[32.998774236350584,2.747809459420523],[33.00093811507088,2.746587184419695],[33.00639129404908,2.741112192948094],[33.009062038176125,2.737153667151517],[33.012747454303565,2.732790574440799],[33.01483151611825,2.728708095724471],[33.01507121246192,2.726139549759353],[33.01729462459684,2.72513402110809],[33.01996536872389,2.72513402110809],[33.02256972704487,2.724595374011926],[33.02380421346783,2.724107112716524],[33.029092618901586,2.719589145010445],[33.04177865339523,2.698618122953064],[33.04511708389117,2.695283390469285],[33.06447997881219,2.68086270421901],[33.0647333294682,2.679781866548979],[33.069755190633714,2.676447082639015],[33.07042287622869,2.675780124920095],[33.070914413691014,2.6746883691074],[33.072817056182714,2.673779248977667],[33.0781949572347,2.668082698226556],[33.08036312651291,2.666583840029148],[33.085168833008595,2.662440891252061],[33.0857712324584,2.661256197089358],[33.08808531957959,2.659988472930479],[33.10340132927263,2.641569440933949],[33.10454114045126,2.64109781765768],[33.1145564311941,2.632427088971383],[33.147429531028536,2.633494258431881],[33.148107167967964,2.633067390995905],[33.149783341329,2.632987557945739],[33.1528802457529,2.632028262264953],[33.15397661450959,2.630170756670282],[33.15490559648714,2.627833566710649],[33.15582120883204,2.626394003917255],[33.156113209808495,2.62560912292895],[33.15620341478177,2.624776653745243],[33.15739516680435,2.621611224550747],[33.15739516680435,2.619049990463338],[33.15860856797093,2.616061042398144],[33.16038640039352,2.614055810464208],[33.161725875434115,2.613316396902007],[33.162123414106645,2.612577563428147],[33.16296992811613,2.612557970474541],[33.16362633393328,2.612026467610292],[33.16440945059634,2.611723813392473],[33.16697336513408,2.611723813338642],[33.16765094992627,2.612150813811866],[33.16857895638498,2.613431312937109],[33.169286909807795,2.613785072748215],[33.17064205786221,2.615535524455026],[33.17436902364227,2.617427224117705],[33.17674798260191,2.618250254167322],[33.177431897875465,2.618743626838409],[33.18208561902611,2.620427746655139],[33.18988626853519,2.62538374518158],[33.1973001342173,2.626237485785282],[33.19931529208293,2.624914062179414],[33.199919612791234,2.624310375417281],[33.20062906560952,2.623852399797556],[33.20166322952082,2.622568586114483],[33.20438465754455,2.620703750061068],[33.2052549015375,2.619856462853193],[33.21201733099855,2.619407543230466],[33.21441102467702,2.618553797790071],[33.21526566279766,2.618553797790071],[33.21594329933316,2.618126924878482],[33.22021648991819,2.618126924878482],[33.22182489006633,2.617700051768111],[33.22353416589175,2.617700052155556],[33.22421180283993,2.617273178389723],[33.24814167045628,2.617273178538937],[33.25226137933305,2.618126924851879],[33.262515655737616,2.618125545609189],[33.28704350473657,2.611723813338642],[33.30029039554324,2.611296938490852],[33.324982565394635,2.617778296786753],[33.327895472062494,2.618987748949735],[33.32871133461316,2.620028484410909],[33.33567875319483,2.624362289233147],[33.350982873201815,2.632213654677685],[33.35269214979513,2.632213654677685],[33.35341806390318,2.631903215458465],[33.35379710544231,2.63135991781121],[33.35457486222913,2.631174505466561],[33.35658377737002,2.629652443221971],[33.360826599508584,2.627518096026051],[33.36167832816227,2.62750578320049],[33.36311263635963,2.626664355956166],[33.36482191243033,2.626664355946559],[33.36562470805376,2.626539328762931],[33.36635418749188,2.626237485785282],[33.36806346337022,2.626237486136461],[33.36849078279363,2.625810615468765],[33.38045571642647,2.625810615283342],[33.38686550230415,2.620688159956558],[33.39817006173956,2.62282251881777],[33.40512904793752,2.624956874036741],[33.406494179706385,2.627035285921295],[33.407230591823634,2.62744505999359],[33.40873039529049,2.629368664769459],[33.40973232605586,2.631578600827254],[33.41036805052232,2.631919235552118],[33.41050063975507,2.632640523016221],[33.41128198445176,2.632758989096203],[33.414871371516995,2.636186859508598],[33.41898178987134,2.639043527344938],[33.419816699302544,2.639091106099386],[33.420514064413965,2.639470393064585],[33.42307797912434,2.639470393128363],[33.42371441322496,2.638944160887434],[33.42666223393161,2.637521495724513],[33.4293362562243,2.635462604393126],[33.43086859794431,2.634778446742814],[33.43389492781347,2.632189351273951],[33.44084672659085,2.621264149428498],[33.44285253436459,2.618980670785561],[33.44357960193321,2.618673008655605],[33.44395749061994,2.618126924851879],[33.44513857145466,2.617273178538937],[33.44669586132329,2.616630026367602],[33.44829100565687,2.616207068145172],[33.45042431135647,2.614786345906452],[33.45194904883192,2.614450110408711],[33.45243747735799,2.613858187473681],[33.453271828342054,2.613772340493313],[33.45444646001772,2.612939958586821],[33.4559694071566,2.61242495404241],[33.457385028975125,2.611504441121724],[33.459045269232035,2.611296938490852],[33.45981360366329,2.610931727609398],[33.460443779941215,2.610363870353581],[33.463355614137356,2.609001873525756],[33.46388169077102,2.608472917738993],[33.46512486652341,2.607881930757685],[33.48561998896594,2.602332524097278],[33.494161747686576,2.602352084396614],[33.4949261591961,2.602733896376151],[33.4974840463089,2.602759402400636],[33.49816168307922,2.603186280559612],[33.50072559733047,2.603186280649652],[33.50328951180319,2.604040036443394],[33.50964417747241,2.607028177911843],[33.51097713092548,2.60797638335174],[33.51175321305027,2.608308807179924],[33.512180532049456,2.608735683344207],[33.513833024337146,2.608975974122416],[33.515903207180656,2.610430549509147],[33.516752605441354,2.610443187116516],[33.51868766116803,2.611400774613287],[33.521898325333495,2.613209091287843],[33.52350214600068,2.614606590193034],[33.524313103550355,2.614711936111689],[33.52531709367264,2.615992773493474],[33.52652573421142,2.617200154236059],[33.52717309164626,2.618553797455945],[33.52788079229549,2.618700582174029],[33.52802772994295,2.619407543072214],[33.52901633220131,2.620541896672933],[33.52959006820703,2.622011983231062],[33.5296206529066,2.622853071499776],[33.531299344778006,2.626503216918195],[33.53215398289859,2.632309343689769],[33.5275948559883,2.641322254783631],[33.52740375296014,2.642984648889751],[33.52663934145062,2.64451184469317],[33.52570257198397,2.650183570611944],[33.52531687762183,2.650877705526852],[33.52531687762183,2.651731428078335],[33.52509825183432,2.652494690232288],[33.524639342104194,2.653203056762493],[33.524462239812806,2.654015015096491],[33.524462239812806,2.656576176647945],[33.52360760169216,2.658859754373793],[33.52360760169216,2.66142090587249],[33.52318028232935,2.662701479486032],[33.52318028232935,2.663555194758601],[33.52275296357152,2.663982052049789],[33.52262515567429,2.664782883742305],[33.52232564451123,2.665512670044791],[33.52232396867447,2.668073412536955],[33.521898325333495,2.669680463039072],[33.521898325333495,2.675656422680333],[33.52281040190934,2.68056357340771],[33.52357481341892,2.682090722631472],[33.52403492062598,2.683613586094737],[33.524462239812806,2.684290479949311],[33.524462239812806,2.685144180022803],[33.5248895588731,2.685571029835899],[33.5324445598597,2.711551114410042],[33.532718044058356,2.711824292373308],[33.53299152825042,2.712803849511829],[33.53320916219616,2.713260159543893],[33.533538496257336,2.713510228552423],[33.533538496257336,2.714056584039668],[33.53381198085282,2.71448978467896],[33.53389320012576,2.714955011110703],[33.53416668432442,2.71522818830482],[33.53460976238648,2.71602507438655],[33.535726370081306,2.720160211268876],[33.535930260701434,2.720622203831169],[33.536273338640285,2.721026608795228],[33.53654682283894,2.722006158657962],[33.53654682283894,2.72309886067751],[33.537640759633234,2.725812992954843],[33.538068145974705,2.726095502202497],[33.538673337388275,2.7269134596566],[33.54064908573599,2.730421718591174],[33.541743022612536,2.734277190454691],[33.54365741157011,2.738042194924333],[33.544360725962235,2.738760357607077],[33.544950467188244,2.739665320469783],[33.545889703491525,2.740131421015462],[33.549345920959695,2.74336510733599],[33.55775043507225,2.744602952306138],[33.563873659272645,2.754795107933887],[33.5750518428157,2.767564685048683],[33.5767264162057,2.768747160594103],[33.57781099844783,2.768769718300746],[33.57868353443496,2.769376412258396],[33.58088563393204,2.78027692026285],[33.581545883193314,2.781482716281801],[33.58194519980793,2.782410156422486],[33.58787446704639,2.788350148520863],[33.5880678498001,2.789362782827595],[33.589452984686545,2.791689319745558],[33.58969759611898,2.792724281116193],[33.5904232099648,2.794192146090495],[33.590431431500804,2.794736525528037],[33.59067604292312,2.795225167209992],[33.590696694163455,2.797405566172699],[33.59038715165559,2.798925524633489],[33.5898762413845,2.800481661330139],[33.589868251768394,2.802119310694138],[33.58934935208964,2.803674147266008],[33.5887823044726,2.804598109141011],[33.588508820469144,2.806192720309298],[33.5898762413845,2.849896899312171],[33.58893707790793,2.866795806611833],[33.58668147013964,2.872307001398383],[33.58640229089082,2.872759689129964],[33.58602726402262,2.873154417868363],[33.58553804062052,2.874131634300056],[33.585086363868186,2.874413437114015],[33.584953525729816,2.874877722577992],[33.58412138732223,2.875845472161529],[33.58302804980036,2.875849163258067],[33.58198117023636,2.876158147982267],[33.58037081791872,2.876460651369371],[33.578821139305035,2.876995824949859],[33.569980769493554,2.882104740479974],[33.5623674737987,2.89053842789292],[33.56225433727684,2.895753692264236],[33.572881055846835,2.90967518489208],[33.57292022125375,2.917306642264919],[33.57259986209647,2.917728716336626],[33.572373252589614,2.918221549771658],[33.5723447884622,2.918756033651221],[33.56994282537124,2.922247393026339],[33.5588022212346,2.934500305763379],[33.55623215288483,2.937863077354393],[33.554596779791495,2.94062879735759],[33.55456063431592,2.941160093375117],[33.554323295748475,2.94160816183404],[33.554323295748475,2.942700656671036],[33.555770818408746,2.947212702035415],[33.55623768471031,2.947405828912565],[33.5658287275042,2.965704613442711],[33.553309614814964,3.02508915210268],[33.55122309565661,3.114680700534279],[33.54816269500782,3.153533311823367],[33.54392027999347,3.207389507698451],[33.540922569739394,3.291216038531218],[33.500248828648864,3.291216038803555],[33.4872201591607,3.293215790770773],[33.478311127211896,3.297881864006115],[33.4720728396033,3.303881068460214],[33.47110077173602,3.30424376930273],[33.47043308612257,3.304910345317182],[33.46843002802734,3.305967391283673],[33.466756756939276,3.30755128086588],[33.46555798677008,3.307880518851903],[33.463088539613466,3.309805095062302],[33.461828435545954,3.309880237228526],[33.46116074951436,3.310546809252457],[33.45715463332374,3.310546809252457],[33.44570092144613,3.313240827925995],[33.424362749823445,3.323470897629193]]]}},{"type":"Feature","id":"gb:47994165B3911985594780","properties":{"id":"gb:47994165B3911985594780","name":"Jie","parentId":"gb:17295835B80141219017784","level":"ADM2","countryCode":"UG"},"geometry":{"type":"Polygon","coordinates":[[[33.739825221003855,3.363121714765157],[33.715678972785895,3.354553430965836],[33.71622594132481,3.317422606799028],[33.6587205470791,3.26988509830727],[33.635971502541736,3.269932739840158],[33.634892929150965,3.270551697080975],[33.63116337757015,3.271218295411472],[33.61932707120525,3.279075699841485],[33.614477094718666,3.280059919007044],[33.61334531349547,3.280550625454623],[33.61200994126432,3.28055062522759],[33.591054128554674,3.291216038531218],[33.540922569739394,3.291216038531218],[33.54392027999347,3.207389507698451],[33.54816269500782,3.153533311823367],[33.569638410758955,3.151955286498037],[33.59671334653285,3.13884782075786],[33.62160040823835,3.139120894293569],[33.64484656548814,3.144582357132549],[33.68614267947805,3.144582357132549],[33.6761182697432,3.128659690205893],[33.67383589054077,3.118371865349502],[33.66863969076701,3.112044026464787],[33.66859741893887,3.110993911707681],[33.66836620656852,3.110678621149759],[33.66836620656852,3.107401641180445],[33.66822499626164,3.106888763097345],[33.66311846017203,3.094830529251738],[33.659942449416974,3.090020627920296],[33.655722054617854,3.0878515255975],[33.648948828342554,3.079821705459949],[33.648128375433885,3.076449124867736],[33.64914594379326,3.074006740563505],[33.64949579686436,3.073751652155011],[33.64959851507257,3.073308040998654],[33.65045009194699,3.072148852149553],[33.651310143435694,3.071496302364153],[33.6518156727405,3.07139640325687],[33.651957154651996,3.07099149915814],[33.65268546211843,3.070488063002642],[33.653629508793244,3.070151789567262],[33.654356831879966,3.069484762120965],[33.65484176461251,3.069335208975474],[33.655228529675355,3.068948998668873],[33.656318144002114,3.068938578274924],[33.657210548506725,3.068335282091425],[33.658721422944154,3.067870453897342],[33.65921481195028,3.0676362349692],[33.65963357807976,3.067300024939584],[33.66017855452151,3.067291600049487],[33.66115700132565,3.066803077407201],[33.661692329861296,3.066753840395052],[33.66267298562269,3.06648074801825],[33.66321995428416,3.066480747640242],[33.66491225911233,3.065474322038369],[33.665438909162276,3.065388376916587],[33.66592633747723,3.065192009414773],[33.667209715713796,3.064190690278394],[33.66811571353742,3.063601792298925],[33.66874832203405,3.062822061776842],[33.6696364040709,3.062208341684652],[33.669916749443814,3.061745535737657],[33.67031253978104,3.061501272969451],[33.67056094750387,3.061018881361008],[33.67110104855465,3.061012023671822],[33.67135180291257,3.06062058920088],[33.67180060425477,3.060320323745714],[33.67201318903318,3.059880726432482],[33.673967684788806,3.058287938090189],[33.67499706072158,3.058014843359558],[33.675864435651135,3.057468653323951],[33.67934873833025,3.056563163599321],[33.68262376229427,3.05413702115186],[33.68589289959806,3.050617588238765],[33.68706502669659,3.049472559500941],[33.687940176132145,3.048817126651272],[33.693388049491716,3.047160250801937],[33.69833938989018,3.038844787608184],[33.70178580736638,3.035593613743117],[33.70276425417052,3.035105076694435],[33.704017418253386,3.034157208172985],[33.70448428498338,3.033964096716431],[33.70487104965025,3.033577874122045],[33.70508569939233,3.033162932499863],[33.705531299307495,3.032918549449676],[33.70583354147658,3.032497364581388],[33.70646503276765,3.031986123467391],[33.70764090242085,3.030705020056644],[33.71034603067682,3.00139739966653],[33.710773350115346,3.000970666678938],[33.71162798823599,2.998687762590976],[33.71433621681638,2.993427946104248],[33.71973858879443,2.986043357950848],[33.722155870001814,2.983629355450717],[33.74007088067299,2.971286178501032],[33.74075132608749,2.969753157610171],[33.74261811582579,2.967035381220285],[33.743328441698054,2.966578749312532],[33.75264521711796,2.957021676149054],[33.75302940774003,2.956259710901008],[33.76326709021197,2.94762774071387],[33.76761359680182,2.941226416569521],[33.76834108124143,2.940919844134839],[33.76869140709613,2.940258063675969],[33.77010702869637,2.939337806024412],[33.77102533762144,2.938360584179975],[33.77444389010395,2.933392472438925],[33.779571718827924,2.921123680558196],[33.7817083141295,2.893536683218542],[33.78410297762878,2.886769336006353],[33.78631609964742,2.884466413596783],[33.78794493845527,2.883272551150355],[33.78841372504917,2.882595578132452],[33.79284552501116,2.880398577458607],[33.795297436853616,2.879800176204924],[33.79880107654259,2.878150340293075],[33.7995699968954,2.878064730648191],[33.81076601023176,2.87073043444974],[33.81119332902506,2.870382664042609],[33.82187630548799,2.862273759196512],[33.83426855854424,2.841026193156267],[33.8510865046797,2.824990463675761],[33.8559610787201,2.82497969609534],[33.857771106762414,2.823449205683289],[33.86473857803969,2.821171369842773],[33.86542432351695,2.820680616079812],[33.867710323608776,2.819910429920697],[33.868314644019165,2.81930684112416],[33.86911152446737,2.819167570533921],[33.87046679800807,2.818313966435028],[33.87128940128548,2.818178428788315],[33.874420363660704,2.816828241249823],[33.87597641513008,2.81532634716001],[33.876573145522116,2.81336153585687],[33.876573145522116,2.811654318525257],[33.87614582609888,2.811227514237714],[33.87614582609888,2.810373904147013],[33.87553613909756,2.810022547292306],[33.874863869103024,2.808593454160473],[33.87336718915401,2.80657578453156],[33.87272727381037,2.806236932611569],[33.871922974407255,2.805083022914516],[33.87016335961721,2.803426071886236],[33.86953606144522,2.802948985784042],[33.868003786519466,2.802522178202025],[33.86674480713452,2.801822401084905],[33.86451191733079,2.801241752847318],[33.86137405156978,2.799107709056557],[33.859237456268204,2.798680899753833],[33.85881013684764,2.798254090634771],[33.84599056509222,2.798254090634771],[33.84520707875578,2.798425660752514],[33.84460275849102,2.79902926026972],[33.83869427103741,2.80236983840507],[33.836464415696014,2.803346197661483],[33.830723873806676,2.808497474105422],[33.82443855220663,2.811911915314511],[33.82016536162138,2.811911915314511],[33.81863308703879,2.81148511112201],[33.818153959140204,2.810878254108104],[33.81461188177474,2.808901634650113],[33.81320822146125,2.807095499373759],[33.81119332902506,2.80358499185013],[33.8089069780566,2.801380368960565],[33.80749135645641,2.800459999462248],[33.80708102221587,2.799961326989546],[33.805700100519914,2.799169554770174],[33.805298429620564,2.798680899732346],[33.803938982151635,2.797837345773189],[33.802219629025274,2.79641182146446],[33.80208443858743,2.795693230283632],[33.80093767184434,2.793777728214479],[33.800844424338436,2.792946091662827],[33.800083033723695,2.791744427080232],[33.800083033723695,2.790890802963418],[33.79965571426567,2.790463990927947],[33.799548084212006,2.788010616731867],[33.79880107654259,2.785869802380319],[33.79683472848632,2.785022920128142],[33.79643454879459,2.784481275279177],[33.795739990281504,2.784029750621528],[33.79244497790404,2.777820678420937],[33.78897273780274,2.769160059716626],[33.78892274085126,2.766619821714642],[33.78854541909487,2.765922289151206],[33.78854541909487,2.759946776747711],[33.7902546953361,2.750302628356224],[33.789400057215516,2.732729366590775],[33.79016086846201,2.731336813339396],[33.7908190173585,2.725557394758368],[33.79655458311379,2.713535496469945],[33.79887897068386,2.705632802040441],[33.79971079431232,2.70472409839266],[33.800617274539036,2.702538096229148],[33.80133920022712,2.70221805581383],[33.80179230955815,2.700713246300381],[33.802219629025274,2.700286401371784],[33.802871475192035,2.700083834573206],[33.80370240902488,2.699129845062885],[33.804479874852234,2.698803299981989],[33.80566095553314,2.69794960930011],[33.8064928196286,2.697926860262783],[33.808047868933386,2.696669072550037],[33.8100074628847,2.695815380546037],[33.8108339566694,2.695747509301896],[33.81231269095463,2.695042895260315],[33.814002775791494,2.694961687943021],[33.81468041256181,2.694534841417067],[33.81553505028671,2.694534841478514],[33.81624445774531,2.694184610233776],[33.818742940083325,2.69396555895662],[33.81953036320829,2.693681147801499],[33.82036198936231,2.693583775721891],[33.82113876348416,2.693254300941078],[33.82283567746521,2.693201991740921],[33.8498869994562,2.678741414943602],[33.857475057551824,2.677034005265398],[33.86002511339814,2.676975363716565],[33.8615133109335,2.676283853944255],[33.86659819888257,2.676180299852945],[33.8746964820088,2.674472886287901],[33.876506627246215,2.673258771008818],[33.878087474398285,2.67276547028041],[33.879619749396,2.671484907388901],[33.88045816975563,2.67144579756598],[33.881478467001045,2.670204342777424],[33.884366015432875,2.66892377683115],[33.88478265825023,2.668451744968479],[33.8855470225339,2.668069888676825],[33.88597416484936,2.667392912872742],[33.88665205209827,2.667216353494041],[33.88803762090623,2.666435700995464],[33.890029569089336,2.664872764492429],[33.8932099749793,2.664029219835186],[33.89463926096113,2.663256055648446],[33.895243581371744,2.662652387829098],[33.89665714135742,2.662029935313456],[33.900887202896854,2.657527871398713],[33.90236897597708,2.656815245345797],[33.90297329610189,2.656211574227882],[33.90543502837522,2.653094366357209],[33.90678019188414,2.652408762781533],[33.90740290134431,2.651849437219994],[33.90976506321931,2.650995713785846],[33.91087001904998,2.650141990005295],[33.913934568832076,2.649288265635846],[33.91528984237294,2.648434540677727],[33.91715240145072,2.646743126672277],[33.917454561588386,2.646014424997475],[33.91845041325104,2.644719025932659],[33.92018030707851,2.64330188076076],[33.92094471909627,2.642920081445368],[33.9221679381082,2.641732930322746],[33.922898349176194,2.641304007596943],[33.92391155483244,2.639991165469155],[33.9257148374254,2.638176122336631],[33.92656947558032,2.636996292397839],[33.927159923858824,2.636482329566775],[33.927841623682696,2.636065261456622],[33.936397813888334,2.636055462887896],[33.944944195058554,2.655691183734007],[33.94513529806767,2.65649983920315],[33.94595833280317,2.65798481073216],[33.95819705618459,2.668505866718419],[33.959776841748464,2.670507811409664],[33.96117721986309,2.671481511347963],[33.96178230567722,2.672084241549555],[33.96435975728048,2.675419594166726],[33.965076179889195,2.675849319382849],[33.96636653750852,2.677944038140254],[33.96817949874014,2.67975501816079],[33.969554481006526,2.680759654866677],[33.971115726020855,2.68140747829392],[33.9731076745864,2.682970394061783],[33.974316315578335,2.684177709058929],[33.985189737345365,2.701791211986347],[33.98680298321119,2.703480127691421],[33.987105143393364,2.704208794589817],[33.98767610090982,2.704826245809727],[33.98801162403237,2.705541108477462],[33.98982458526399,2.707352047475183],[33.99197727379169,2.709957123262768],[33.99235947932186,2.710720679488134],[33.99310675985993,2.711119569906089],[33.99447268054263,2.71323498625344],[33.9970771203769,2.716259011952957],[34.00944344715566,2.72692295665928],[34.018614478147015,2.731542115261163],[34.020278641264895,2.731733000693794],[34.0271089443882,2.734777110981895],[34.0317762683182,2.739352904950863],[34.0356898185608,2.740633396221767],[34.03703342783302,2.741558853123081],[34.038623235387945,2.742175329595796],[34.04146784533202,2.743997634440234],[34.04230158328181,2.744048034061279],[34.0493003488391,2.748574830831046],[34.05082988871379,2.749080641958415],[34.05164748228492,2.749169971708454],[34.05762994946326,2.749169971708454],[34.07258527299325,2.753161236883329],[34.08092152974075,2.759930374692885],[34.082918350263014,2.760694251881944],[34.0835372865979,2.76126262648927],[34.0842667655221,2.761564435612001],[34.085573571715315,2.762635633501532],[34.09236369080952,2.765810545494389],[34.09663457002938,2.765816118431133],[34.09731220697756,2.766242939272047],[34.14688121822678,2.76624293969428],[34.14766485106577,2.766071717994691],[34.1483614727191,2.765596013226173],[34.14916725463229,2.765389297436968],[34.15227933736372,2.764023533574232],[34.15288365772636,2.763419916503608],[34.1536699836372,2.763255188367566],[34.161334536976426,2.757836546598355],[34.17442213659382,2.752576988271187],[34.17502645709982,2.751973364518619],[34.17578056078776,2.751730932814382],[34.17662632292502,2.751693377359288],[34.178155145944174,2.750929846996257],[34.178997360540336,2.750877279841859],[34.18474770574443,2.747889489453826],[34.18874301866617,2.747035833555117],[34.19594951408118,2.743621204756948],[34.20278661937965,2.743621204903661],[34.20316443030367,2.744167420041322],[34.20611756274843,2.745582599404145],[34.20878627330279,2.747648666022542],[34.210316936969946,2.748331511299398],[34.21415520282051,2.752714876690447],[34.214404641517035,2.753509711927165],[34.214905588531906,2.754187755729276],[34.21513500877563,2.754968759764722],[34.21662978796422,2.757954858419112],[34.217162428218444,2.758608054207627],[34.21743268876605,2.759417895646834],[34.2178626407279,2.760129155674463],[34.218295727509485,2.761709695873435],[34.219665943083726,2.764829407627587],[34.22135466891825,2.767458520351227],[34.22317788961908,2.772669703608244],[34.225992222470836,2.777276354777712],[34.22767653128926,2.782857558140847],[34.2295386893519,2.787614510168339],[34.23166957840783,2.796524053108385],[34.23167528465365,2.79908420967314],[34.232046968642976,2.799850189886627],[34.23210260345763,2.801544306354913],[34.23242917430122,2.802320922567674],[34.23252992277423,2.803150782965304],[34.23252992277423,2.808272464767867],[34.233420377872164,2.812410267900191],[34.23380258338619,2.813173758951905],[34.235093837046975,2.824775219715718],[34.235153147012454,2.83837349683904],[34.23594847525675,2.840080674873207],[34.24150362292471,2.881478966020154],[34.24150362292471,2.884039635470117],[34.240648984628024,2.885469220508242],[34.24054331391869,2.887986166570272],[34.240221665860076,2.888706657246473],[34.240221665860076,2.896388600501837],[34.24892307112327,2.917909405258797],[34.25272010254656,2.923087842498319],[34.260029349874344,2.933971538692731],[34.261160024976334,2.935038298253232],[34.26215605659655,2.936246264633496],[34.26700039043334,2.943123151478005],[34.269567386761025,2.945354860240343],[34.27536025910888,2.954127327744914],[34.277339964535486,2.955706840947471],[34.27764801571101,2.95648381050853],[34.278118358322445,2.957016282276015],[34.27881124283772,2.957277657016675],[34.28038965753086,2.959237967404135],[34.28910238243725,2.971857930531257],[34.290654023615446,2.973668107833703],[34.292002260288314,2.974705070430389],[34.293077350571764,2.975940647999039],[34.29379878398328,2.976381887535808],[34.295030980600586,2.977556259056939],[34.295790732548824,2.977944404748143],[34.29709781264228,2.979015020921281],[34.29876437712477,2.980633846593207],[34.30078132760127,2.983295248454567],[34.3086521586099,2.9899942756727],[34.318656092261335,3.00047992824824],[34.332745066158225,3.017092938462838],[34.33432829654072,3.019085915133644],[34.335098052817955,3.020607903570806],[34.336368454094384,3.021635850777272],[34.33756261873748,3.023838666746201],[34.34025894159686,3.027090178911294],[34.340641147012775,3.027853523671524],[34.34064164467941,3.028706851020218],[34.34140506085572,3.029089136875598],[34.34183287801767,3.029806933236841],[34.342754348347796,3.032074017152638],[34.343494867930644,3.032479546350032],[34.34662411185792,3.039545059326485],[34.347471082135485,3.040656117154128],[34.34747875000221,3.041509551703655],[34.360181426614645,3.087440652856344],[34.340043398141404,3.086143233987457],[34.321446472434445,3.091058798950712],[34.271125379874036,3.11590936116886],[34.23748682387378,3.132294026364093],[34.19564374148655,3.157416681341772],[34.19017405737168,3.171616174161727],[34.168568805824236,3.1784427843603],[34.164466542845105,3.198649284836506],[34.164466542845105,3.206294884003796],[34.14641658538454,3.221039806986653],[34.12234997601638,3.23250793241607],[34.113598481618965,3.234965371078545],[34.084335672592545,3.249982921985008],[34.05561983157281,3.251075098016599],[34.03921077969005,3.249436832629101],[34.013503265212876,3.251894230268249],[34.003384349864405,3.249709877237535],[33.99189801352276,3.251894230268249],[33.94185040517738,3.256262922131782],[33.922159542686074,3.25899334513133],[33.909305785542585,3.257355091720171],[33.9002808069888,3.25162118639804],[33.902468680577556,3.262269842494845],[33.90164822798175,3.29776454605377],[33.901101259152085,3.30923179575683],[33.888794470647156,3.318787735415754],[33.88523917606523,3.316330502548112],[33.877855102692195,3.315784450000933],[33.875667228868394,3.312781155784933],[33.87238541873063,3.314419317206728],[33.869650576301694,3.311142990646829],[33.86418089264009,3.3054093940234],[33.85953166098892,3.301040916354168],[33.84366957787665,3.304317276264669],[33.81358631602973,3.318241684195357],[33.778853822489964,3.339810477389847],[33.742206939981486,3.362197837735494],[33.739825221003855,3.363121714765157]]]}},{"type":"Feature","id":"gb:47994165B64132571931325","properties":{"id":"gb:47994165B64132571931325","name":"Labwor","parentId":"gb:17295835B80141219017784","level":"ADM2","countryCode":"UG"},"geometry":{"type":"Polygon","coordinates":[[[33.524313103550355,2.614711936111689],[33.557899956058066,2.566394191329437],[33.559903014088604,2.56156185130726],[33.57261012305884,2.544361409055398],[33.57325673489191,2.543294923823908],[33.57355437369489,2.542084031156719],[33.574586177638366,2.539725106854405],[33.575914220098525,2.539713259681207],[33.583272025045005,2.52985007539894],[33.58661045564912,2.527339397353899],[33.58697807595365,2.526372586831599],[33.58794582741592,2.526005323833829],[33.58887183416704,2.525242996539703],[33.60027410385595,2.512364733134689],[33.601299548219174,2.512055103589773],[33.60478589815875,2.509029507517766],[33.61141530761324,2.504360177723868],[33.61865938508356,2.501477160876732],[33.619542096631164,2.501024931966754],[33.62299508377765,2.498356729059424],[33.62423392338724,2.498123900599978],[33.62531317656652,2.497367675119165],[33.62656701606733,2.497022625626755],[33.63802227997866,2.488975241481569],[33.64136071025348,2.484858449307183],[33.64136071025348,2.483524332201341],[33.642028396039734,2.482857272698027],[33.64213964699792,2.48156919247657],[33.64308389763414,2.480625827020731],[33.64355602312361,2.478152960695354],[33.64432796179392,2.477085513412419],[33.644699140412285,2.475838930061229],[33.64482606214104,2.475637847105767],[33.64536682644405,2.474781110553863],[33.64670219841082,2.473446983558858],[33.647598711370506,2.473008532887889],[33.65158066934276,2.472906294026757],[33.6527825801586,2.472341468369223],[33.66878618889018,2.472391772996161],[33.669865852549435,2.473008532887889],[33.67387196874006,2.473008532887889],[33.67493077615228,2.473675597301735],[33.68144177341628,2.474362543986501],[33.688199637602054,2.476444661068797],[33.68930024180395,2.477010911978937],[33.69102673528937,2.478345035655934],[33.70034954453752,2.481912584409542],[33.70212013875562,2.483457351040443],[33.703231134674866,2.483681516980994],[33.70451970560606,2.485213701587554],[33.70860789175748,2.487494934209394],[33.70919724681363,2.488350920325729],[33.71092373993116,2.48968503242719],[33.71398560584822,2.491019143425433],[33.71598866394345,2.49302030720321],[33.728035444147736,2.499023780440837],[33.72937081643323,2.499023780267692],[33.731963454312734,2.501489618484129],[33.74029968008938,2.50514854676095],[33.74219103150358,2.507028368303111],[33.76177718643754,2.515032907375542],[33.780628915926286,2.520230286534797],[33.793949802430404,2.520369239561091],[33.79713061288396,2.519035158926727],[33.821167310149974,2.519035158926727],[33.85147511587161,2.511697688785546],[33.94361578797589,2.511697688785546],[33.95122082321586,2.513085519695267],[33.96874593077547,2.521036279814382],[33.97942890723823,2.521036279814382],[33.98194203228053,2.521703318828258],[33.985930151453715,2.521746725824471],[33.999768873437745,2.525705549704924],[34.00295252412798,2.529414039144001],[34.00240074336307,2.536556040173537],[33.996229561371365,2.545389272407704],[33.99523430708649,2.545920750217931],[33.99456662105473,2.546587777031618],[33.99436218611106,2.547717596945517],[33.98491245174506,2.553360055063479],[33.98121792458437,2.557722949436538],[33.97787447026087,2.56567475181896],[33.97787447026087,2.567008784565303],[33.97696732483206,2.567967441947758],[33.976539097936154,2.569124272515467],[33.976477016265164,2.573064336557081],[33.975871412165475,2.573793368649149],[33.97580933055576,2.576399396919157],[33.97119760994326,2.590306729068686],[33.960844855287746,2.603416676988843],[33.95917926107177,2.605004746017471],[33.95517314501046,2.607748531501784],[33.936397813888334,2.636055462887896],[33.927841623682696,2.636065261456622],[33.927159923858824,2.636482329566775],[33.92656947558032,2.636996292397839],[33.9257148374254,2.638176122336631],[33.92391155483244,2.639991165469155],[33.922898349176194,2.641304007596943],[33.9221679381082,2.641732930322746],[33.92094471909627,2.642920081445368],[33.92018030707851,2.64330188076076],[33.91845041325104,2.644719025932659],[33.917454561588386,2.646014424997475],[33.91715240145072,2.646743126672277],[33.91528984237294,2.648434540677727],[33.913934568832076,2.649288265635846],[33.91087001904998,2.650141990005295],[33.90976506321931,2.650995713785846],[33.90740290134431,2.651849437219994],[33.90678019188414,2.652408762781533],[33.90543502837522,2.653094366357209],[33.90297329610189,2.656211574227882],[33.90236897597708,2.656815245345797],[33.900887202896854,2.657527871398713],[33.89665714135742,2.662029935313456],[33.895243581371744,2.662652387829098],[33.89463926096113,2.663256055648446],[33.8932099749793,2.664029219835186],[33.890029569089336,2.664872764492429],[33.88597416484936,2.667392912872742],[33.8855470225339,2.668069888676825],[33.88478265825023,2.668451744968479],[33.884366015432875,2.66892377683115],[33.881478467001045,2.670204342777424],[33.88045816975563,2.67144579756598],[33.879619749396,2.671484907388901],[33.878087474398285,2.67276547028041],[33.876506627246215,2.673258771008818],[33.8746964820088,2.674472886287901],[33.86659819888257,2.676180299852945],[33.8615133109335,2.676283853944255],[33.86002511339814,2.676975363716565],[33.857475057551824,2.677034005265398],[33.8498869994562,2.678741414943602],[33.82283567746521,2.693201991740921],[33.82113876348416,2.693254300941078],[33.82036198936231,2.693583775721891],[33.81953036320829,2.693681147801499],[33.818742940083325,2.69396555895662],[33.81624445774531,2.694184610233776],[33.81553505028671,2.694534841478514],[33.81468041256181,2.694534841417067],[33.814002775791494,2.694961687943021],[33.81231269095463,2.695042895260315],[33.8108339566694,2.695747509301896],[33.8100074628847,2.695815380546037],[33.808047868933386,2.696669072550037],[33.8064928196286,2.697926860262783],[33.80566095553314,2.69794960930011],[33.804479874852234,2.698803299981989],[33.80370240902488,2.699129845062885],[33.802871475192035,2.700083834573206],[33.802219629025274,2.700286401371784],[33.80179230955815,2.700713246300381],[33.80133920022712,2.70221805581383],[33.800617274539036,2.702538096229148],[33.79971079431232,2.70472409839266],[33.79887897068386,2.705632802040441],[33.7908190173585,2.725557394758368],[33.79016086846201,2.731336813339396],[33.789400057215516,2.732729366590775],[33.7902546953361,2.750302628356224],[33.78854541909487,2.759946776747711],[33.78854541909487,2.765922289151206],[33.78897273780274,2.769160059716626],[33.79244497790404,2.777820678420937],[33.795739990281504,2.784029750621528],[33.79643454879459,2.784481275279177],[33.79683472848632,2.785022920128142],[33.79880107654259,2.785869802380319],[33.799548084212006,2.788010616731867],[33.79965571426567,2.790463990927947],[33.800083033723695,2.790890802963418],[33.800083033723695,2.791744427080232],[33.800844424338436,2.792946091662827],[33.80093767184434,2.793777728214479],[33.80208443858743,2.795693230283632],[33.802219629025274,2.79641182146446],[33.803938982151635,2.797837345773189],[33.805298429620564,2.798680899732346],[33.805700100519914,2.799169554770174],[33.80708102221587,2.799961326989546],[33.80749135645641,2.800459999462248],[33.8089069780566,2.801380368960565],[33.81119332902506,2.80358499185013],[33.81320822146125,2.807095499373759],[33.81461188177474,2.808901634650113],[33.818153959140204,2.810878254108104],[33.81863308703879,2.81148511112201],[33.82016536162138,2.811911915314511],[33.82443855220663,2.811911915314511],[33.830723873806676,2.808497474105422],[33.836464415696014,2.803346197661483],[33.83869427103741,2.80236983840507],[33.84460275849102,2.79902926026972],[33.84520707875578,2.798425660752514],[33.84599056509222,2.798254090634771],[33.85881013684764,2.798254090634771],[33.859237456268204,2.798680899753833],[33.86137405156978,2.799107709056557],[33.86451191733079,2.801241752847318],[33.86674480713452,2.801822401084905],[33.868003786519466,2.802522178202025],[33.86953606144522,2.802948985784042],[33.87016335961721,2.803426071886236],[33.871922974407255,2.805083022914516],[33.87272727381037,2.806236932611569],[33.87336718915401,2.80657578453156],[33.874863869103024,2.808593454160473],[33.87553613909756,2.810022547292306],[33.87614582609888,2.810373904147013],[33.87614582609888,2.811227514237714],[33.876573145522116,2.811654318525257],[33.876573145522116,2.81336153585687],[33.87597641513008,2.81532634716001],[33.874420363660704,2.816828241249823],[33.87128940128548,2.818178428788315],[33.87046679800807,2.818313966435028],[33.86911152446737,2.819167570533921],[33.868314644019165,2.81930684112416],[33.867710323608776,2.819910429920697],[33.86542432351695,2.820680616079812],[33.86473857803969,2.821171369842773],[33.857771106762414,2.823449205683289],[33.8559610787201,2.82497969609534],[33.8510865046797,2.824990463675761],[33.83426855854424,2.841026193156267],[33.82187630548799,2.862273759196512],[33.81119332902506,2.870382664042609],[33.81076601023176,2.87073043444974],[33.7995699968954,2.878064730648191],[33.79880107654259,2.878150340293075],[33.795297436853616,2.879800176204924],[33.79284552501116,2.880398577458607],[33.78841372504917,2.882595578132452],[33.78794493845527,2.883272551150355],[33.78631609964742,2.884466413596783],[33.78410297762878,2.886769336006353],[33.7817083141295,2.893536683218542],[33.779571718827924,2.921123680558196],[33.77444389010395,2.933392472438925],[33.77102533762144,2.938360584179975],[33.77010702869637,2.939337806024412],[33.76869140709613,2.940258063675969],[33.76834108124143,2.940919844134839],[33.76761359680182,2.941226416569521],[33.76326709021197,2.94762774071387],[33.75302940774003,2.956259710901008],[33.75264521711796,2.957021676149054],[33.743328441698054,2.966578749312532],[33.74261811582579,2.967035381220285],[33.74075132608749,2.969753157610171],[33.74007088067299,2.971286178501032],[33.73711663732246,2.972956215431793],[33.73651231637626,2.973559722873176],[33.73357721940744,2.975288509834058],[33.73104916436512,2.977308537624253],[33.72951408098686,2.977988064020451],[33.722155870001814,2.983629355450717],[33.71973858879443,2.986043357950848],[33.71433621681638,2.993427946104248],[33.71162798823599,2.998687762590976],[33.710773350115346,3.000970666678938],[33.71034603067682,3.00139739966653],[33.70764090242085,3.030705020056644],[33.70646503276765,3.031986123467391],[33.70583354147658,3.032497364581388],[33.705531299307495,3.032918549449676],[33.70508569939233,3.033162932499863],[33.70487104965025,3.033577874122045],[33.70448428498338,3.033964096716431],[33.704017418253386,3.034157208172985],[33.70276425417052,3.035105076694435],[33.70178580736638,3.035593613743117],[33.69833938989018,3.038844787608184],[33.693388049491716,3.047160250801937],[33.687940176132145,3.048817126651272],[33.68706502669659,3.049472559500941],[33.68589289959806,3.050617588238765],[33.68262376229427,3.05413702115186],[33.67934873833025,3.056563163599321],[33.675864435651135,3.057468653323951],[33.67499706072158,3.058014843359558],[33.673967684788806,3.058287938090189],[33.67201318903318,3.059880726432482],[33.67180060425477,3.060320323745714],[33.67135180291257,3.06062058920088],[33.67110104855465,3.061012023671822],[33.67056094750387,3.061018881361008],[33.67031253978104,3.061501272969451],[33.669916749443814,3.061745535737657],[33.6696364040709,3.062208341684652],[33.66874832203405,3.062822061776842],[33.66811571353742,3.063601792298925],[33.667209715713796,3.064190690278394],[33.66592633747723,3.065192009414773],[33.665438909162276,3.065388376916587],[33.66491225911233,3.065474322038369],[33.66321995428416,3.066480747640242],[33.66267298562269,3.06648074801825],[33.661692329861296,3.066753840395052],[33.66115700132565,3.066803077407201],[33.66017855452151,3.067291600049487],[33.65963357807976,3.067300024939584],[33.65921481195028,3.0676362349692],[33.658721422944154,3.067870453897342],[33.657210548506725,3.068335282091425],[33.656318144002114,3.068938578274924],[33.655228529675355,3.068948998668873],[33.65484176461251,3.069335208975474],[33.654356831879966,3.069484762120965],[33.653629508793244,3.070151789567262],[33.65268546211843,3.070488063002642],[33.651957154651996,3.07099149915814],[33.6518156727405,3.07139640325687],[33.651310143435694,3.071496302364153],[33.65045009194699,3.072148852149553],[33.64959851507257,3.073308040998654],[33.64949579686436,3.073751652155011],[33.64914594379326,3.074006740563505],[33.648128375433885,3.076449124867736],[33.648948828342554,3.079821705459949],[33.655722054617854,3.0878515255975],[33.659942449416974,3.090020627920296],[33.66311846017203,3.094830529251738],[33.666280865942156,3.103006210597755],[33.667635254997606,3.105984096913915],[33.66822499626164,3.106888763097345],[33.66836620656852,3.107401641180445],[33.66836620656852,3.110678621149759],[33.66859741893887,3.110993911707681],[33.66863969076701,3.112044026464787],[33.67383589054077,3.118371865349502],[33.6761182697432,3.128659690205893],[33.68614267947805,3.144582357132549],[33.64484656548814,3.144582357132549],[33.62160040823835,3.139120894293569],[33.59671334653285,3.13884782075786],[33.569638410758955,3.151955286498037],[33.54816269500782,3.153533311823367],[33.55122309565661,3.114680700534279],[33.553309614814964,3.02508915210268],[33.5658287275042,2.965704613442711],[33.55623768471031,2.947405828912565],[33.555770818408746,2.947212702035415],[33.554323295748475,2.942700656671036],[33.554323295748475,2.94160816183404],[33.55456063431592,2.941160093375117],[33.554596779791495,2.94062879735759],[33.55623215288483,2.937863077354393],[33.5588022212346,2.934500305763379],[33.56994282537124,2.922247393026339],[33.5723447884622,2.918756033651221],[33.572373252589614,2.918221549771658],[33.57259986209647,2.917728716336626],[33.57292022125375,2.917306642264919],[33.572881055846835,2.90967518489208],[33.56225433727684,2.895753692264236],[33.5623674737987,2.89053842789292],[33.569980769493554,2.882104740479974],[33.578821139305035,2.876995824949859],[33.58037081791872,2.876460651369371],[33.58198117023636,2.876158147982267],[33.58302804980036,2.875849163258067],[33.58412138732223,2.875845472161529],[33.584953525729816,2.874877722577992],[33.585086363868186,2.874413437114015],[33.58553804062052,2.874131634300056],[33.58602726402262,2.873154417868363],[33.58640229089082,2.872759689129964],[33.58668147013964,2.872307001398383],[33.58893707790793,2.866795806611833],[33.5898762413845,2.849896899312171],[33.588508820469144,2.806192720309298],[33.5887823044726,2.804598109141011],[33.58934935208964,2.803674147266008],[33.589868251768394,2.802119310694138],[33.5898762413845,2.800481661330139],[33.59038715165559,2.798925524633489],[33.590696694163455,2.797405566172699],[33.59067604292312,2.795225167209992],[33.590431431500804,2.794736525528037],[33.5904232099648,2.794192146090495],[33.58969759611898,2.792724281116193],[33.589452984686545,2.791689319745558],[33.5880678498001,2.789362782827595],[33.58787446704639,2.788350148520863],[33.58194519980793,2.782410156422486],[33.581545883193314,2.781482716281801],[33.58088563393204,2.78027692026285],[33.57868353443496,2.769376412258396],[33.57781099844783,2.768769718300746],[33.5767264162057,2.768747160594103],[33.5750518428157,2.767564685048683],[33.563873659272645,2.754795107933887],[33.55775043507225,2.744602952306138],[33.549345920959695,2.74336510733599],[33.545889703491525,2.740131421015462],[33.544950467188244,2.739665320469783],[33.544360725962235,2.738760357607077],[33.54365741157011,2.738042194924333],[33.541743022612536,2.734277190454691],[33.54064908573599,2.730421718591174],[33.538673337388275,2.7269134596566],[33.538068145974705,2.726095502202497],[33.537640759633234,2.725812992954843],[33.53654682283894,2.72309886067751],[33.53654682283894,2.722006158657962],[33.536273338640285,2.721026608795228],[33.535930260701434,2.720622203831169],[33.535726370081306,2.720160211268876],[33.53460976238648,2.71602507438655],[33.53416668432442,2.71522818830482],[33.53389320012576,2.714955011110703],[33.53381198085282,2.71448978467896],[33.533538496257336,2.714056584039668],[33.533538496257336,2.713510228552423],[33.53320916219616,2.713260159543893],[33.53299152825042,2.712803849511829],[33.532718044058356,2.711824292373308],[33.5324445598597,2.711551114410042],[33.5248895588731,2.685571029835899],[33.524462239812806,2.685144180022803],[33.524462239812806,2.684290479949311],[33.52403492062598,2.683613586094737],[33.52357481341892,2.682090722631472],[33.52281040190934,2.68056357340771],[33.521898325333495,2.675656422680333],[33.521898325333495,2.669680463039072],[33.52232396867447,2.668073412536955],[33.52232564451123,2.665512670044791],[33.52262515567429,2.664782883742305],[33.52275296357152,2.663982052049789],[33.52318028232935,2.663555194758601],[33.52318028232935,2.662701479486032],[33.52360760169216,2.66142090587249],[33.52360760169216,2.658859754373793],[33.524462239812806,2.656576176647945],[33.524462239812806,2.654015015096491],[33.524639342104194,2.653203056762493],[33.52509825183432,2.652494690232288],[33.52531687762183,2.651731428078335],[33.52531687762183,2.650877705526852],[33.52570257198397,2.650183570611944],[33.52663934145062,2.64451184469317],[33.52740375296014,2.642984648889751],[33.5275948559883,2.641322254783631],[33.53215398289859,2.632309343689769],[33.531299344778006,2.626503216918195],[33.5296206529066,2.622853071499776],[33.52959006820703,2.622011983231062],[33.52901633220131,2.620541896672933],[33.52802772994295,2.619407543072214],[33.52788079229549,2.618700582174029],[33.52717309164626,2.618553797455945],[33.52652573421142,2.617200154236059],[33.52531709367264,2.615992773493474],[33.524313103550355,2.614711936111689]]]}},{"type":"Feature","id":"gb:47994165B54104585672972","properties":{"id":"gb:47994165B54104585672972","name":"Matheniko","parentId":"gb:17295835B80141219017784","level":"ADM2","countryCode":"UG"},"geometry":{"type":"Polygon","coordinates":[[[34.511868050443354,3.092151143728699],[34.496815480362784,3.09215114373211],[34.48841404538649,3.097743930639467],[34.44369390962504,3.07931602302591],[34.402397795634954,3.091331885342242],[34.360181426614645,3.087440652856344],[34.34747875000221,3.041509551703655],[34.347471082135485,3.040656117154128],[34.34662411185792,3.039545059326485],[34.343494867930644,3.032479546350032],[34.342754348347796,3.032074017152638],[34.34183287801767,3.029806933236841],[34.34140506085572,3.029089136875598],[34.34064164467941,3.028706851020218],[34.340641147012775,3.027853523671524],[34.34025894159686,3.027090178911294],[34.33756261873748,3.023838666746201],[34.336368454094384,3.021635850777272],[34.335098052817955,3.020607903570806],[34.33432829654072,3.019085915133644],[34.332745066158225,3.017092938462838],[34.318656092261335,3.00047992824824],[34.3086521586099,2.9899942756727],[34.30078132760127,2.983295248454567],[34.29876437712477,2.980633846593207],[34.29709781264228,2.979015020921281],[34.295790732548824,2.977944404748143],[34.295030980600586,2.977556259056939],[34.29379878398328,2.976381887535808],[34.293077350571764,2.975940647999039],[34.292002260288314,2.974705070430389],[34.290654023615446,2.973668107833703],[34.28910238243725,2.971857930531257],[34.28038965753086,2.959237967404135],[34.27881124283772,2.957277657016675],[34.278118358322445,2.957016282276015],[34.27764801571101,2.95648381050853],[34.277339964535486,2.955706840947471],[34.27536025910888,2.954127327744914],[34.269567386761025,2.945354860240343],[34.26700039043334,2.943123151478005],[34.26215605659655,2.936246264633496],[34.261160024976334,2.935038298253232],[34.260029349874344,2.933971538692731],[34.25272010254656,2.923087842498319],[34.28862836866875,2.888409832446371],[34.320079051519144,2.855086660691427],[34.3285570619131,2.834873773704146],[34.33785552431743,2.799363794503449],[34.34496611379609,2.781062076818102],[34.344419145530196,2.741179739194422],[34.33703507216785,2.731618706692529],[34.34715398751632,2.712769591334393],[34.39036449070181,2.656766871407115],[34.43603635206438,2.593385121626966],[34.43713028852312,2.592642418065736],[34.438015652598665,2.591633212917486],[34.43852517065221,2.591445258791623],[34.43929870034634,2.590672519774671],[34.44049322395796,2.589944584539921],[34.44079008787253,2.589508059385594],[34.441269518430204,2.58925012469831],[34.44444374059958,2.586352344885029],[34.44598903457893,2.585188972476487],[34.44680948748737,2.584915765881021],[34.447518425178146,2.584373613252978],[34.448063627252225,2.584369354308649],[34.45051267816007,2.583282635486739],[34.45100295061701,2.583040801494235],[34.451419725033986,2.582696022807227],[34.45331388561948,2.581814537045489],[34.4535821756719,2.58136408466271],[34.45492457850668,2.580526664909485],[34.45735749567217,2.578364113373766],[34.46372521778795,2.57207502311968],[34.47574998997305,2.567313725641441],[34.4800674091112,2.560600105482933],[34.480955491595864,2.55998612128576],[34.481342256658706,2.559599742153694],[34.48273165566985,2.558758151750112],[34.483896086821005,2.557712096634532],[34.493200473842876,2.547200954897619],[34.49899129447283,2.535464537106748],[34.50617612530817,2.525564859872361],[34.511577869453674,2.52122729307041],[34.51299001465304,2.520402710525218],[34.51350891403962,2.520229911015633],[34.51546581124103,2.518406078787052],[34.516105906356074,2.517524010077068],[34.51814730085414,2.515749051804846],[34.51951685204983,2.514871508720944],[34.52018748803249,2.514025942626972],[34.52155280368021,2.513116607943516],[34.52272572766941,2.5119728189037],[34.52321683124535,2.51099666529683],[34.52397953865085,2.510292379189536],[34.52446876205295,2.509314870966932],[34.52478151582318,2.508894193049684],[34.52523147002063,2.508610584222993],[34.525482123658605,2.508126180177726],[34.52586888872139,2.507739785569186],[34.52674435433943,2.50636304639977],[34.52749349920896,2.505570284062003],[34.52979801118772,2.501945236063705],[34.53054630781929,2.501154272938493],[34.53142861123331,2.499780037400683],[34.53186410849338,2.499481983538544],[34.53347678923916,2.497326920922717],[34.534189365267025,2.495998051964364],[34.53667853673221,2.493418246207113],[34.5440840934242,2.481629050324102],[34.545969039164675,2.479735139032471],[34.547460851593996,2.477463811451912],[34.548275696320275,2.476773463145207],[34.54884340822372,2.475841436582414],[34.549805778685766,2.47453584217493],[34.56810892214867,2.4616683931701],[34.56860668763068,2.4616683931701],[34.570111980179206,2.458388353132136],[34.57196133351903,2.456485387361056],[34.57243345863884,2.455346622899981],[34.57678884058089,2.450631376028809],[34.57711458138107,2.449498359736822],[34.579966323629094,2.447153575848517],[34.58043844854353,2.446014803097626],[34.58229383660023,2.444991542241439],[34.584296894695626,2.442990306159913],[34.585468759013054,2.442826947189303],[34.59250735121651,2.438626420311664],[34.5937159931089,2.438320743747624],[34.599057481727755,2.438320743709767],[34.5997251677594,2.437653662035984],[34.60483165390815,2.437418872457272],[34.605734342045366,2.436986580031771],[34.60773740014059,2.434985332035978],[34.608837769969455,2.434750542676454],[34.61146695172141,2.431649912105343],[34.611508514309776,2.43035726708888],[34.6128438860307,2.428241555431271],[34.612916880435705,2.426980310158285],[34.61403531246344,2.426457040079413],[34.61503449522468,2.424311958842338],[34.616591499778224,2.422568964336847],[34.61818537471123,2.419497972697513],[34.61891767773761,2.418846122152104],[34.61951487414518,2.417652793013474],[34.61952074643216,2.416319993247271],[34.62148407018128,2.413011107744069],[34.621523804462925,2.411693362906362],[34.62285917694146,2.409458782237436],[34.62552992106845,2.398318613627964],[34.627013876905266,2.381469174565495],[34.62780186661058,2.380413209810911],[34.62839906315236,2.377885625314036],[34.63009894968843,2.374384091813511],[34.63043605687204,2.373148025924081],[34.631875854151474,2.370938012961574],[34.63413755044718,2.368942495213219],[34.63420983948146,2.367680491062231],[34.634877525266006,2.367013375019837],[34.634877525266006,2.365679141133967],[34.63544239310312,2.36447814105361],[34.635545211544866,2.363168156288339],[34.635545211544866,2.353828470207418],[34.637558302493574,2.340913340981444],[34.63821595567208,2.339851264441847],[34.638883641327254,2.337459079113614],[34.63955132763692,2.336791948197799],[34.64088669935785,2.332398360841239],[34.64222207186248,2.331064094197245],[34.64274193869403,2.330249263567964],[34.642889757894295,2.329062692230082],[34.64340962472568,2.328247860442957],[34.64355744369817,2.327061287240269],[34.64439717060861,2.326074555591674],[34.64489281598969,2.32494541726021],[34.64489281598969,2.323611143807057],[34.64591836089363,2.321576496093655],[34.6475095898756,2.319629006394905],[34.648670625549244,2.317362761626498],[34.64926782195698,2.314835063707108],[34.65003843094371,2.313766531150293],[34.650510556293,2.312627648542161],[34.65207491251414,2.310902247885849],[34.65223736213039,2.309730279071914],[34.656586706495375,2.306232238814459],[34.65725439280499,2.305565094055851],[34.6575788505931,2.304554997166122],[34.658489235760555,2.303988299010712],[34.658980886456334,2.302896508982371],[34.66010117243394,2.302377664517905],[34.6606590499527,2.301357651741284],[34.66188513263626,2.300895067506019],[34.66255281874601,2.300227919343342],[34.66388819066697,2.300227919350277],[34.66522356287305,2.298893622651349],[34.666282370326826,2.298226473837644],[34.67330988648604,2.295851068828938],[34.677592567044485,2.292906123224611],[34.67997976139867,2.292222120494444],[34.68064744716992,2.291554968554692],[34.68435043123026,2.290823727588588],[34.68896009388982,2.288404913394345],[34.69211266670084,2.2875520505944],[34.69430158233996,2.284954676170742],[34.69630464043519,2.283505899404304],[34.704984558848025,2.272140181216685],[34.70744603787591,2.270205943247959],[34.70765530297518,2.269080719694728],[34.710944921904115,2.267228097712291],[34.71219572293785,2.266870129479287],[34.71317904033873,2.26602085921968],[34.715458662819515,2.265077346672285],[34.72077679170951,2.261315253720113],[34.72301208130898,2.260536667907729],[34.72373243662338,2.259531312142371],[34.725996632968986,2.25855058176262],[34.7276858836799,2.256971896528341],[34.72891191695618,2.256862642000954],[34.73035662802022,2.255246741125632],[34.73102431408665,2.253245233025552],[34.73700094653765,2.248539275021301],[34.738253667913,2.2468550858149],[34.738759532069935,2.245797541105162],[34.743433148369604,2.2415176944059],[34.744727580058225,2.239484786953199],[34.745045720753694,2.2382254797418],[34.745713406785455,2.237558302947093],[34.745713406785455,2.236223948447105],[34.746822318681836,2.235739393335564],[34.74704877857499,2.234498769181357],[34.7483841509125,2.232773587054453],[34.7483841509125,2.230104868147805],[34.74890638049652,2.228986657872667],[34.7490518366057,2.225043772110041],[34.74971952291531,2.223042222943491],[34.74971952291531,2.204360965630656],[34.75172258094585,2.196631002245169],[34.752575682225256,2.194814694633124],[34.754800998319354,2.192405729904294],[34.755493761168225,2.191281040575063],[34.75744129267548,2.189767365930038],[34.759715158610845,2.186141118680553],[34.75973481306846,2.184826358337489],[34.76173787109917,2.181652241909092],[34.76173787109917,2.180317837529742],[34.76440861543932,2.177420076252588],[34.76444216841361,2.176099555936389],[34.76696480298949,2.17346426389031],[34.76774704583352,2.152895222204393],[34.769750103928914,2.146108583779665],[34.770417789531336,2.145441366144723],[34.78636961048261,2.13104433530134],[34.7866430946811,2.131337346988403],[34.786936309185535,2.132684104757573],[34.788510855585116,2.13432387230506],[34.78855748407142,2.135370454258634],[34.79179511324719,2.137300675073789],[34.792817170368096,2.13768205951834],[34.793792692537636,2.138175978237598],[34.79812134331178,2.141421430577736],[34.799122706138746,2.142695386578339],[34.79931608881628,2.143708512516298],[34.79977033621435,2.144662345574375],[34.799871750737395,2.146278176550084],[34.800858495609305,2.147569936962668],[34.80140183262574,2.148516314989081],[34.80257029826538,2.14966082366999],[34.80305797732109,2.14990740489651],[34.80428717280944,2.151682317600432],[34.805550818546465,2.157864304654652],[34.80934090954486,2.165751042168381],[34.80934228306887,2.1679367824579],[34.80906879896702,2.168965421342932],[34.80906879896702,2.171698301516983],[34.80991292496793,2.174794575302258],[34.811256672556,2.177503788614615],[34.81426499872373,2.179143508201605],[34.814538482727016,2.179291144569788],[34.81472686123874,2.179793279747116],[34.815085451336586,2.180046489460608],[34.822021134236934,2.194223438847303],[34.82248994112575,2.19448827266757],[34.82358529108757,2.196371360848786],[34.82477947725533,2.197377939681019],[34.825232401448375,2.198301449787436],[34.826807212041786,2.199620833711492],[34.82684527186376,2.200143894448445],[34.82835165676374,2.20155726827619],[34.82892613266847,2.202485555589703],[34.829637127605906,2.203306463548529],[34.82985359769805,2.203801963536421],[34.82987349692877,2.204345300515058],[34.83012708225999,2.205397306644556],[34.83012708225999,2.20922324451044],[34.82985359769805,2.210251854641911],[34.82880567676085,2.210297836235725],[34.83178120315216,2.218236161923926],[34.83619709322426,2.224561684238722],[34.838067225818975,2.226421310965122],[34.83942554500396,2.227023848883334],[34.839755053338365,2.227787698991847],[34.84020551084251,2.228020521598921],[34.84079296591926,2.228550318943235],[34.841282678004916,2.228607531558509],[34.841339934402924,2.229096873259323],[34.84161341860164,2.229370150485067],[34.84210313065955,2.229427363486138],[34.842313282791,2.229853420826316],[34.8427000479449,2.230239893062958],[34.84294734565293,2.230726811683212],[34.84358813028416,2.23140057912417],[34.84380129175344,2.231858904941078],[34.84489522866551,2.232725622218084],[34.84868751868299,2.238682297336766],[34.85793713614851,2.245465360463186],[34.858710666593936,2.246238296589695],[34.85932526412961,2.247125695619161],[34.86203261987151,2.249830966953368],[34.86677396487363,2.259432926593945],[34.86720217942758,2.259642156271809],[34.867426474381034,2.260034088911539],[34.869328649536044,2.261037165961568],[34.87013991011531,2.261757786227463],[34.871542715601265,2.262416607742296],[34.87591193538174,2.266046048861142],[34.876965070803124,2.266218751082192],[34.87779861938259,2.266908469677503],[34.87920718898488,2.267685669939908],[34.88023656491765,2.267958939939035],[34.88109245400187,2.267363782582208],[34.88158634751926,2.267139129786642],[34.8985423678331,2.267139129786642],[34.89908706618871,2.267153107463287],[34.9001388922519,2.267412399888826],[34.90342070298777,2.267412399888826],[34.90447254394718,2.26767160057733],[34.906658133039684,2.267685669939908],[34.9071380407907,2.267847441864433],[34.90791227312013,2.268232210198789],[34.908425360116496,2.268313942849829],[34.90987112236064,2.268995391564204],[34.910389218514354,2.26911760129309],[34.912992794024206,2.270691637442894],[34.919050578651195,2.285480029726955],[34.9066164556512,2.312902621800163],[34.879430813585316,2.393887092095156],[34.87873069403685,2.40368017673984],[34.883806560763105,2.417320427486345],[34.89798398161889,2.435332343314883],[34.92353834513693,2.45054610409727],[34.94804252933227,2.453868626591714],[34.951543127074615,2.455792188473424],[34.95364348571985,2.468732441763677],[34.94734240978397,2.469956513264719],[34.93211480960531,2.514022331687158],[34.913911701346024,2.51384747025179],[34.9051602069905,2.543748433810833],[34.89709482979242,2.584524535382513],[34.8938462750877,2.590679305365427],[34.880179941502206,2.586650732027067],[34.87827561633031,2.569417246314799],[34.868081875705,2.567626740926755],[34.852847274331,2.580831659063108],[34.83873286423449,2.60052687508562],[34.830947534855966,2.618934909826578],[34.799557534877636,2.651880698807076],[34.79034060104635,2.681178908874926],[34.77563809052924,2.695165891268175],[34.78438958488459,2.739398661207247],[34.78123904691665,2.765797679813431],[34.76804616917582,2.818757840644594],[34.76230300100491,2.825859804953325],[34.74944924367031,2.823947741909421],[34.73632200213706,2.853994081625046],[34.713271441154234,2.861122925088864],[34.710582982088226,2.870520763771765],[34.70285366227324,2.87566716650457],[34.69254790252029,2.860116009227625],[34.68549069747206,2.861570442965501],[34.67003205784249,2.860339768384222],[34.654125341701956,2.864031788163402],[34.6405150176804,2.904950873625069],[34.60008311375793,2.922955641737587],[34.589602324117834,2.979597099537727],[34.58747396069049,3.000851754946211],[34.57492781838249,3.02971267740844],[34.57279945495526,3.042912378202686],[34.5722393593166,3.060698159928108],[34.566302345545694,3.090228616377544],[34.55902110224196,3.103427570307701],[34.55666870055927,3.102868295938492],[34.554575343109036,3.105259191794516],[34.545298759092134,3.093724118066859],[34.52394511251407,3.087781758768017],[34.511868050443354,3.092151143728699]]]}},{"type":"Feature","id":"gb:47994165B53659181203636","properties":{"id":"gb:47994165B53659181203636","name":"Bokora","parentId":"gb:17295835B80141219017784","level":"ADM2","countryCode":"UG"},"geometry":{"type":"Polygon","coordinates":[[[33.936397813888334,2.636055462887896],[33.95517314501046,2.607748531501784],[33.95917926107177,2.605004746017471],[33.960844855287746,2.603416676988843],[33.97119760994326,2.590306729068686],[33.97580933055576,2.576399396919157],[33.975871412165475,2.573793368649149],[33.976477016265164,2.573064336557081],[33.976539097936154,2.569124272515467],[33.97696732483206,2.567967441947758],[33.97787447026087,2.567008784565303],[33.97787447026087,2.56567475181896],[33.98121792458437,2.557722949436538],[33.98491245174506,2.553360055063479],[33.99436218611106,2.547717596945517],[33.99456662105473,2.546587777031618],[33.99523430708649,2.545920750217931],[33.996229561371365,2.545389272407704],[34.00240074336307,2.536556040173537],[34.00324653954249,2.534628646082808],[34.00295252412798,2.529414039144001],[33.999768873437745,2.525705549704924],[33.985930151453715,2.521746725824471],[33.98194203228053,2.521703318828258],[33.97942890723823,2.521036279814382],[33.96874593077547,2.521036279814382],[33.95122082321586,2.513085519695267],[33.94361578797589,2.511697688785546],[33.85147511587161,2.511697688785546],[33.821167310149974,2.519035158926727],[33.79713061288396,2.519035158926727],[33.793949802430404,2.520369239561091],[33.780628915926286,2.520230286534797],[33.76177718643754,2.515032907375542],[33.74219103150358,2.507028368303111],[33.74029968008938,2.50514854676095],[33.731963454312734,2.501489618484129],[33.72937081643323,2.499023780267692],[33.728035444147736,2.499023780440837],[33.71598866394345,2.49302030720321],[33.71398560584822,2.491019143425433],[33.71092373993116,2.48968503242719],[33.70919724681363,2.488350920325729],[33.70860789175748,2.487494934209394],[33.70451970560606,2.485213701587554],[33.703231134674866,2.483681516980994],[33.70212013875562,2.483457351040443],[33.70034954453752,2.481912584409542],[33.69102673528937,2.478345035655934],[33.68930024180395,2.477010911978937],[33.688199637602054,2.476444661068797],[33.68144177341628,2.474362543986501],[33.67493077615228,2.473675597301735],[33.67387196874006,2.473008532887889],[33.669865852549435,2.473008532887889],[33.66878618889018,2.472391772996161],[33.6527825801586,2.472341468369223],[33.65158066934276,2.472906294026757],[33.647598711370506,2.473008532887889],[33.64670219841082,2.473446983558858],[33.64536682644405,2.474781110553863],[33.64482606214104,2.475637847105767],[33.64240230046312,2.455051043687149],[33.64496621482499,2.452364904384012],[33.645356544190065,2.451672580453192],[33.645393533603226,2.450834031889656],[33.647046332216405,2.449130480290648],[33.64710281012674,2.448299995236027],[33.64795281318629,2.44694403955873],[33.64795744824738,2.445238239357877],[33.64881208636797,2.443030338103199],[33.650094043548904,2.416661163299125],[33.64923940542832,2.414099526839209],[33.647564244129,2.412357681808317],[33.64634561126047,2.410320331324442],[33.646248171899856,2.409506774504848],[33.6458208529458,2.40907983279476],[33.64553133337108,2.40851521352522],[33.64496621482499,2.407975853097241],[33.64453889576464,2.406444930358418],[33.643256938583704,2.404914005900821],[33.643071104446335,2.40424579081315],[33.64197498131466,2.403383079598314],[33.64128851184512,2.402111074635457],[33.64112034301803,2.401425207996226],[33.64020761694246,2.400345262040958],[33.63950591924396,2.399122466381925],[33.639411067040896,2.398363346227995],[33.63883506396951,2.397971470093069],[33.63809050949419,2.395668339467136],[33.637486188773266,2.395064546758476],[33.63567322773133,2.39154538241138],[33.63385591884361,2.385112621059534],[33.63385591884361,2.378281421779661],[33.63483136886805,2.376373513793226],[33.63801927676889,2.372651651953504],[33.6450030143896,2.368382118339753],[33.65367862895346,2.370682777527009],[33.66218354303169,2.379055928076639],[33.66303818132832,2.379055928076639],[33.664997775272354,2.379909829471217],[33.66585241349475,2.380763729841362],[33.66670705161539,2.380763729841362],[33.66713437056484,2.381190680122359],[33.667879207784495,2.38145553416291],[33.66823932621219,2.382044580194247],[33.6688960818214,2.382242290980287],[33.66946332526737,2.382611332678835],[33.671230131797586,2.384064494409301],[33.67357238130893,2.387143778588268],[33.674868387717424,2.388230262034028],[33.67658782528929,2.390845156980106],[33.677132240588094,2.391244485387972],[33.67912090760797,2.393968317769122],[33.679785773922504,2.394426068790779],[33.68075686790996,2.39645674007329],[33.68214489916238,2.398269539322087],[33.68290931113074,2.398651410464993],[33.684003844552876,2.399549410818167],[33.68499108268094,2.400687245457675],[33.685720562072106,2.400989140235311],[33.687533523303784,2.40280050868023],[33.688921151486454,2.403759973144361],[33.68983471604787,2.404589472151997],[33.69110958892941,2.406373426171001],[33.691303295882676,2.407180361592907],[33.692069898405634,2.408613712996555],[33.69581718300401,2.412866044227655],[33.696671821124596,2.41482389939614],[33.69889839629491,2.417143917461431],[33.699235735486525,2.417858188840739],[33.69980487663776,2.418476529958809],[33.70051769251074,2.419889288046363],[33.70144083679213,2.420964907021755],[33.7017996495066,2.421670289814983],[33.705638718450984,2.423458086099686],[33.705645521391375,2.424305162468045],[33.70607284009179,2.424732099058645],[33.707339430095885,2.426842868902554],[33.70950278645074,2.429435188715559],[33.7106077422585,2.43028905833097],[33.712140017172544,2.430715993046817],[33.71284468548987,2.431077726364038],[33.71794548243486,2.431142927655912],[33.72039650481315,2.430642014544162],[33.72275035170071,2.429642627647922],[33.72355597611869,2.429435188466016],[33.724874879025776,2.428544980636616],[33.7249112496761,2.427727447717928],[33.72530219772494,2.427264174431855],[33.72533472899312,2.426430389723578],[33.72609914056682,2.426048526565921],[33.726413384020475,2.425336450538794],[33.72701147431832,2.424730093121582],[33.727697921761546,2.423458085785455],[33.7291480696108,2.422095220876372],[33.72950830212466,2.421390426379673],[33.73507233045058,2.417539110083169],[33.735902859406735,2.417480956465795],[33.73667596123431,2.417135870539369],[33.73980519517522,2.414945149635514],[33.74022180603572,2.414492381743685],[33.740899442983846,2.413211562257857],[33.742394960579475,2.411894016479948],[33.742394960579475,2.411503800821265],[33.89947927903945,2.315469427048497],[33.92956070900266,2.297078977148544],[34.202884662584836,2.12675914790708],[34.20001948866468,2.088136417852184],[34.20063810217107,2.087446617444641],[34.20197783409094,2.08453955316736],[34.20275136421657,2.083766534739425],[34.207677046166566,2.071248959492152],[34.209317951085325,2.03281441123238],[34.21287324582465,2.009595863554068],[34.21013840399377,1.953392586300367],[34.21223226732661,1.881868478315482],[34.2135676390476,1.880533826305964],[34.22425061598051,1.88053382592085],[34.225390427333025,1.881005696901866],[34.22636823088794,1.88186847827285],[34.227589046139315,1.88198297329609],[34.22825673217113,1.882535804065697],[34.30103450963287,1.919238326756442],[34.42589179748188,2.016662979481055],[34.479974366105694,2.100069874186943],[34.500004947097636,2.143439710634254],[34.5846408284836,2.420469524420184],[34.58730020648511,2.441408334485345],[34.585468759013054,2.442826947189303],[34.584296894695626,2.442990306159913],[34.58229383660023,2.444991542241439],[34.58043844854353,2.446014803097626],[34.57711458138107,2.449498359736822],[34.57678884058089,2.450631376028809],[34.57243345863884,2.455346622899981],[34.57196133351903,2.456485387361056],[34.570111980179206,2.458388353132136],[34.56860668763068,2.4616683931701],[34.56810892214867,2.4616683931701],[34.549805778685766,2.47453584217493],[34.54884340822372,2.475841436582414],[34.548275696320275,2.476773463145207],[34.547460851593996,2.477463811451912],[34.545969039164675,2.479735139032471],[34.5440840934242,2.481629050324102],[34.53667853673221,2.493418246207113],[34.534189365267025,2.495998051964364],[34.53347678923916,2.497326920922717],[34.53186410849338,2.499481983538544],[34.53142861123331,2.499780037400683],[34.53054630781929,2.501154272938493],[34.52979801118772,2.501945236063705],[34.52749349920896,2.505570284062003],[34.52674435433943,2.50636304639977],[34.52586888872139,2.507739785569186],[34.525482123658605,2.508126180177726],[34.52523147002063,2.508610584222993],[34.52478151582318,2.508894193049684],[34.52446876205295,2.509314870966932],[34.52397953865085,2.510292379189536],[34.52321683124535,2.51099666529683],[34.52272572766941,2.5119728189037],[34.52155280368021,2.513116607943516],[34.52018748803249,2.514025942626972],[34.51951685204983,2.514871508720944],[34.51814730085414,2.515749051804846],[34.516105906356074,2.517524010077068],[34.51546581124103,2.518406078787052],[34.51350891403962,2.520229911015633],[34.51299001465304,2.520402710525218],[34.511577869453674,2.52122729307041],[34.50617612530817,2.525564859872361],[34.49899129447283,2.535464537106748],[34.493200473842876,2.547200954897619],[34.483896086821005,2.557712096634532],[34.48273165566985,2.558758151750112],[34.481342256658706,2.559599742153694],[34.480955491595864,2.55998612128576],[34.4800674091112,2.560600105482933],[34.47574998997305,2.567313725641441],[34.46372521778795,2.57207502311968],[34.45735749567217,2.578364113373766],[34.45492457850668,2.580526664909485],[34.4535821756719,2.58136408466271],[34.45331388561948,2.581814537045489],[34.451419725033986,2.582696022807227],[34.45100295061701,2.583040801494235],[34.45051267816007,2.583282635486739],[34.448063627252225,2.584369354308649],[34.447518425178146,2.584373613252978],[34.44680948748737,2.584915765881021],[34.44598903457893,2.585188972476487],[34.44444374059958,2.586352344885029],[34.441269518430204,2.58925012469831],[34.44079008787253,2.589508059385594],[34.44049322395796,2.589944584539921],[34.43929870034634,2.590672519774671],[34.43852517065221,2.591445258791623],[34.438015652598665,2.591633212917486],[34.43713028852312,2.592642418065736],[34.43603635206438,2.593385121626966],[34.39036449070181,2.656766871407115],[34.34715398751632,2.712769591334393],[34.33703507216785,2.731618706692529],[34.344419145530196,2.741179739194422],[34.34496611379609,2.781062076818102],[34.33785552431743,2.799363794503449],[34.3285570619131,2.834873773704146],[34.320079051519144,2.855086660691427],[34.28862836866875,2.888409832446371],[34.25272010254656,2.923087842498319],[34.24892307112327,2.917909405258797],[34.240221665860076,2.896388600501837],[34.240221665860076,2.888706657246473],[34.24054331391869,2.887986166570272],[34.240648984628024,2.885469220508242],[34.24150362292471,2.884039635470117],[34.24150362292471,2.881478966020154],[34.23594847525675,2.840080674873207],[34.235153147012454,2.83837349683904],[34.235093837046975,2.824775219715718],[34.23380258338619,2.813173758951905],[34.233420377872164,2.812410267900191],[34.23252992277423,2.808272464767867],[34.23252992277423,2.803150782965304],[34.23242917430122,2.802320922567674],[34.23210260345763,2.801544306354913],[34.232046968642976,2.799850189886627],[34.23167528465365,2.79908420967314],[34.23166957840783,2.796524053108385],[34.2295386893519,2.787614510168339],[34.22767653128926,2.782857558140847],[34.225992222470836,2.777276354777712],[34.22317788961908,2.772669703608244],[34.22135466891825,2.767458520351227],[34.219665943083726,2.764829407627587],[34.218295727509485,2.761709695873435],[34.2178626407279,2.760129155674463],[34.21743268876605,2.759417895646834],[34.217162428218444,2.758608054207627],[34.21662978796422,2.757954858419112],[34.21513500877563,2.754968759764722],[34.214905588531906,2.754187755729276],[34.214404641517035,2.753509711927165],[34.21415520282051,2.752714876690447],[34.210316936969946,2.748331511299398],[34.20878627330279,2.747648666022542],[34.20611756274843,2.745582599404145],[34.20316443030367,2.744167420041322],[34.20278661937965,2.743621204903661],[34.19594951408118,2.743621204756948],[34.18874301866617,2.747035833555117],[34.18474770574443,2.747889489453826],[34.178997360540336,2.750877279841859],[34.178155145944174,2.750929846996257],[34.17662632292502,2.751693377359288],[34.17578056078776,2.751730932814382],[34.17502645709982,2.751973364518619],[34.17442213659382,2.752576988271187],[34.161334536976426,2.757836546598355],[34.1536699836372,2.763255188367566],[34.15288365772636,2.763419916503608],[34.15227933736372,2.764023533574232],[34.14916725463229,2.765389297436968],[34.1483614727191,2.765596013226173],[34.14766485106577,2.766071717994691],[34.14688121822678,2.76624293969428],[34.09731220697756,2.766242939272047],[34.09663457002938,2.765816118431133],[34.09236369080952,2.765810545494389],[34.085573571715315,2.762635633501532],[34.0842667655221,2.761564435612001],[34.0835372865979,2.76126262648927],[34.082918350263014,2.760694251881944],[34.08092152974075,2.759930374692885],[34.07258527299325,2.753161236883329],[34.05762994946326,2.749169971708454],[34.05164748228492,2.749169971708454],[34.05082988871379,2.749080641958415],[34.0493003488391,2.748574830831046],[34.04230158328181,2.744048034061279],[34.04146784533202,2.743997634440234],[34.038623235387945,2.742175329595796],[34.03703342783302,2.741558853123081],[34.0356898185608,2.740633396221767],[34.0317762683182,2.739352904950863],[34.0271089443882,2.734777110981895],[34.020278641264895,2.731733000693794],[34.018614478147015,2.731542115261163],[34.00944344715566,2.72692295665928],[33.9970771203769,2.716259011952957],[33.99447268054263,2.71323498625344],[33.99310675985993,2.711119569906089],[33.99235947932186,2.710720679488134],[33.99197727379169,2.709957123262768],[33.98982458526399,2.707352047475183],[33.98801162403237,2.705541108477462],[33.98767610090982,2.704826245809727],[33.987105143393364,2.704208794589817],[33.98680298321119,2.703480127691421],[33.985189737345365,2.701791211986347],[33.974316315578335,2.684177709058929],[33.9731076745864,2.682970394061783],[33.971115726020855,2.68140747829392],[33.969554481006526,2.680759654866677],[33.96817949874014,2.67975501816079],[33.96636653750852,2.677944038140254],[33.965076179889195,2.675849319382849],[33.96435975728048,2.675419594166726],[33.96178230567722,2.672084241549555],[33.96117721986309,2.671481511347963],[33.959776841748464,2.670507811409664],[33.95819705618459,2.668505866718419],[33.94595833280317,2.65798481073216],[33.94513529806767,2.65649983920315],[33.944944195058554,2.655691183734007],[33.936397813888334,2.636055462887896]]]}},{"type":"Feature","id":"gb:47994165B22240361323581","properties":{"id":"gb:47994165B22240361323581","name":"Pian","parentId":"gb:17295835B80141219017784","level":"ADM2","countryCode":"UG"},"geometry":{"type":"Polygon","coordinates":[[[34.745713406785455,2.236223948447105],[34.743433148369604,2.2415176944059],[34.738759532069935,2.245797541105162],[34.738253667913,2.2468550858149],[34.73700094653765,2.248539275021301],[34.73102431408665,2.253245233025552],[34.73035662802022,2.255246741125632],[34.72891191695618,2.256862642000954],[34.7276858836799,2.256971896528341],[34.725996632968986,2.25855058176262],[34.72373243662338,2.259531312142371],[34.72301208130898,2.260536667907729],[34.72077679170951,2.261315253720113],[34.715458662819515,2.265077346672285],[34.71317904033873,2.26602085921968],[34.71219572293785,2.266870129479287],[34.710944921904115,2.267228097712291],[34.70765530297518,2.269080719694728],[34.70744603787591,2.270205943247959],[34.704984558848025,2.272140181216685],[34.69630464043519,2.283505899404304],[34.69430158233996,2.284954676170742],[34.69211266670084,2.2875520505944],[34.68896009388982,2.288404913394345],[34.68435043123026,2.290823727588588],[34.68064744716992,2.291554968554692],[34.67997976139867,2.292222120494444],[34.677592567044485,2.292906123224611],[34.67330988648604,2.295851068828938],[34.666282370326826,2.298226473837644],[34.66522356287305,2.298893622651349],[34.66388819066697,2.300227919350277],[34.66255281874601,2.300227919343342],[34.66188513263626,2.300895067506019],[34.6606590499527,2.301357651741284],[34.66010117243394,2.302377664517905],[34.658980886456334,2.302896508982371],[34.658489235760555,2.303988299010712],[34.6575788505931,2.304554997166122],[34.65725439280499,2.305565094055851],[34.656586706495375,2.306232238814459],[34.655575792780326,2.30655643398012],[34.65223736213039,2.309730279071914],[34.65207491251414,2.310902247885849],[34.650510556293,2.312627648542161],[34.65003843094371,2.313766531150293],[34.64926782195698,2.314835063707108],[34.648670625549244,2.317362761626498],[34.6475095898756,2.319629006394905],[34.64591836089363,2.321576496093655],[34.64489281598969,2.323611143807057],[34.64489281598969,2.32494541726021],[34.64439717060861,2.326074555591674],[34.64355744369817,2.327061287240269],[34.64340962472568,2.328247860442957],[34.642889757894295,2.329062692230082],[34.64274193869403,2.330249263567964],[34.64222207186248,2.331064094197245],[34.64088669935785,2.332398360841239],[34.63955132763692,2.336791948197799],[34.638883641327254,2.337459079113614],[34.63821595567208,2.339851264441847],[34.637558302493574,2.340913340981444],[34.635545211544866,2.353828470207418],[34.635545211544866,2.363168156288339],[34.63544239310312,2.36447814105361],[34.634877525266006,2.365679141133967],[34.634877525266006,2.367013375019837],[34.63420983948146,2.367680491062231],[34.63413755044718,2.368942495213219],[34.631875854151474,2.370938012961574],[34.63043605687204,2.373148025924081],[34.63009894968843,2.374384091813511],[34.62839906315236,2.377885625314036],[34.62780186661058,2.380413209810911],[34.627013876905266,2.381469174565495],[34.62552992106845,2.398318613627964],[34.62285917694146,2.409458782237436],[34.621523804462925,2.411693362906362],[34.62148407018128,2.413011107744069],[34.61952074643216,2.416319993247271],[34.61951487414518,2.417652793013474],[34.61891767773761,2.418846122152104],[34.61818537471123,2.419497972697513],[34.616591499778224,2.422568964336847],[34.61503449522468,2.424311958842338],[34.61403531246344,2.426457040079413],[34.612916880435705,2.426980310158285],[34.6128438860307,2.428241555431271],[34.611508514309776,2.43035726708888],[34.61146695172141,2.431649912105343],[34.608837769969455,2.434750542676454],[34.60773740014059,2.434985332035978],[34.605734342045366,2.436986580031771],[34.60483165390815,2.437418872457272],[34.5997251677594,2.437653662035984],[34.599057481727755,2.438320743709767],[34.5937159931089,2.438320743747624],[34.59250735121651,2.438626420311664],[34.590263006599,2.439654905760449],[34.58730020648511,2.441408334485345],[34.5846408284836,2.420469524420184],[34.500004947097636,2.143439710634254],[34.479974366105694,2.100069874186943],[34.42589179748188,2.016662979481055],[34.30103450963287,1.919238326756442],[34.22825673217113,1.882535804065697],[34.227589046139315,1.88198297329609],[34.22636823088794,1.88186847827285],[34.225390427333025,1.881005696901866],[34.22425061598051,1.88053382592085],[34.2135676390476,1.880533826305964],[34.2135676390476,1.645619769440714],[34.217332136145274,1.646287180262448],[34.228735329518656,1.646287180262448],[34.23736271731093,1.646287180398645],[34.25012024606201,1.650291638701731],[34.25145561831124,1.651626456699375],[34.25384979779665,1.652293864899036],[34.25451748386041,1.652961273534572],[34.25585285582736,1.652961273482219],[34.25652054195564,1.653628681615942],[34.259637975549026,1.655298910088106],[34.26121061928586,1.656535484104609],[34.261700022350965,1.657633125482732],[34.26230871988918,1.658359495435889],[34.26631483595048,1.661811033570871],[34.26648838144666,1.662972371145031],[34.269749378934364,1.664116736281187],[34.2715031678913,1.665899144735306],[34.27497821280497,1.66764419910902],[34.276704706366786,1.668979005354799],[34.279375450493774,1.668979005354799],[34.28176962996497,1.669646407732955],[34.2828807333471,1.670187610680841],[34.28683455342059,1.670313810453763],[34.28922873317259,1.670981212683955],[34.289834158274516,1.671798861879608],[34.29428195001509,1.67424255337977],[34.2969213384651,1.676987822415015],[34.29798014591893,1.678990021565141],[34.29836376533905,1.679941365191553],[34.30236988140035,1.69485310207898],[34.30387256613966,1.697844353679557],[34.3063759974616,1.700421259240102],[34.3064506052408,1.701681467582773],[34.30771136995048,1.703090825404161],[34.30879248321713,1.706766447233292],[34.31038211407747,1.709721681394512],[34.31041365926069,1.711024927384358],[34.326768919501205,1.726889576943051],[34.33369494377564,1.73766411837596],[34.33508649709853,1.738975615487561],[34.34309872922108,1.762871962504505],[34.346847146475,1.770831349860771],[34.347772531592,1.771782960011649],[34.348263522754735,1.77291441542917],[34.34910790391973,1.773899561282633],[34.34924914068796,1.77509312392192],[34.35303424153369,1.780939924687232],[34.357838545636696,1.784436218991971],[34.359173917700105,1.784436218991971],[34.36029887254085,1.784943964687045],[34.361568096852466,1.785103581284886],[34.36824495725392,1.785103581284886],[34.3947863551615,1.798450772862793],[34.41454113470934,1.798726437743596],[34.41721187904966,1.800452079915829],[34.418546487708795,1.800452842831078],[34.42282939213726,1.803398154516856],[34.42333484633184,1.804456976995766],[34.42455642550868,1.80457071371535],[34.42667327690225,1.806459040553364],[34.4377194997906,1.812703618911087],[34.448593122651914,1.816486743395672],[34.44861054854664,1.817804026777594],[34.44974525620461,1.818288230121539],[34.45059618074731,1.819270642521303],[34.450728163335555,1.820473424197701],[34.45230144307976,1.822177825619463],[34.45259923884254,1.823389233749197],[34.45485763066171,1.82606741286321],[34.465611265827306,1.84348897196486],[34.46662064530244,1.844014851853842],[34.469709349693346,1.849836541736352],[34.47460440172887,1.855785651615918],[34.475727664143335,1.856269450365289],[34.476671914779445,1.857213205235439],[34.47730362176537,1.858286351330605],[34.47930667979608,1.86028835479658],[34.480091349213524,1.862632840926608],[34.48103559984963,1.863576592392917],[34.48130973782662,1.864797765915228],[34.48976296909183,1.874968640486202],[34.5005811624676,1.88053382592085],[34.501916534387135,1.881868478315482],[34.502933382373044,1.882383582615148],[34.503717780971385,1.883390230341718],[34.504863287776345,1.884054893590644],[34.50580753841774,1.884998633518421],[34.508206106441435,1.88606125381898],[34.51012541284945,1.887874401205011],[34.51825220199618,1.885872429110066],[34.52266608551582,1.89117085132176],[34.53939842297149,1.893547088339972],[34.54236816390784,1.896031682432749],[34.550224996274096,1.900958921834103],[34.55194609640972,1.902819975171155],[34.554158004937904,1.904258977709446],[34.554755201345586,1.905224728320263],[34.55045530365737,1.912752046901858],[34.55045530365737,1.915062146338585],[34.550280509658876,1.915741611352814],[34.54933139258293,1.916706935882985],[34.54909942897797,1.917449930828752],[34.54852186773576,1.917897999335992],[34.548318708355794,1.918704225949682],[34.541868984056066,1.92393594770607],[34.5410542843303,1.925375961592692],[34.540885464887026,1.926160229407117],[34.54028114477131,1.926764208177417],[34.539978984566005,1.928347429198197],[34.53937466386907,1.928951407151715],[34.53804086419996,1.932419832024721],[34.536509127045974,1.934222510093946],[34.536273833120276,1.934960112931037],[34.53585495387506,1.935422918518668],[34.53509054230136,1.935804906224348],[34.534002650435184,1.937097225838158],[34.53279251194954,1.938092266610056],[34.532069483598946,1.938398900702566],[34.531687277812296,1.939162874685508],[34.53122594594271,1.939581924240201],[34.530550245650375,1.939906174516238],[34.528737284093495,1.941718095647616],[34.527992807996725,1.942127724691147],[34.52724530637414,1.943568944175013],[34.52652543603125,1.943978442588843],[34.52488537193551,1.946779837540248],[34.52396152191716,1.947617652801512],[34.52353420244191,1.949149041694341],[34.52353420244191,1.953419754421986],[34.526321212136224,1.958244992049742],[34.52856149245747,1.960483962159344],[34.53312404393154,1.963881811590511],[34.54249691225107,1.964000990129193],[34.55363117087154,1.96177338554412],[34.562803891593944,1.95802202662145],[34.571350272764164,1.95802202662145],[34.5889140190867,1.972052908217904],[34.598315038414,1.977171140936264],[34.60383683576492,1.982342594148065],[34.60517832365775,1.984508851243561],[34.60598910498891,1.984778949533563],[34.607146114728664,1.985781317864678],[34.60771605774107,1.986065841748768],[34.60800075299744,1.986635442141562],[34.609533027888574,1.987062504302514],[34.61637013284684,1.987062504493451],[34.61706806902538,1.986684420826691],[34.61790240774474,1.986635442141562],[34.62300664811255,1.984073066882786],[34.623440205610166,1.983392151784244],[34.62484880418293,1.982751917638723],[34.62523613908695,1.982058134156489],[34.625970321940656,1.981937751089959],[34.630215952557364,1.978521240133318],[34.631925228798764,1.978521240133318],[34.63345750349913,1.978948304254459],[34.633884822750076,1.979375368532828],[34.63463715854181,1.979477609817422],[34.636846092481164,1.981582983377336],[34.638055710842195,1.983644621733902],[34.638055710842195,1.984498747666748],[34.638483030084785,1.984925810562515],[34.638483030084785,1.986634060311303],[34.639212779176546,1.988094062435664],[34.63976498726572,1.990526151497704],[34.63979834996695,1.991366462389124],[34.641046944431594,1.993519547217602],[34.64108311599472,1.996066933542068],[34.64147426313076,1.996759133077262],[34.64235249567844,1.99987431780437],[34.64457566880134,2.002229819964953],[34.645604498516434,2.004570412241037],[34.64693859732478,2.006616485985091],[34.64754291804536,2.007220435691124],[34.65426500313606,2.009041648518973],[34.66107327017079,2.013084269119588],[34.674638644730294,2.025331242195932],[34.67608710739353,2.025939529788161],[34.67717891261913,2.026897308916318],[34.67951726054133,2.027852225412801],[34.68169729386943,2.029155084017816],[34.68250185606672,2.029351027034636],[34.68288406178465,2.030114959258071],[34.69048737629828,2.034401463590541],[34.715093793202186,2.053682834415099],[34.734302672840215,2.06499504093631],[34.73685451616939,2.067053229163093],[34.73924400958441,2.070505738835209],[34.74052494169041,2.071531319279586],[34.742344672012734,2.073326763914508],[34.74306738235373,2.073645056655664],[34.74369994543406,2.074180842491614],[34.74626385991547,2.074180842310966],[34.748065822393585,2.075412898310958],[34.76631843103854,2.089741158041988],[34.77066858119224,2.092401831699021],[34.77227072109457,2.092988850324559],[34.77370646609086,2.093824517525775],[34.77437049086757,2.094015003768902],[34.77493259415024,2.094386245273654],[34.77712103165612,2.095292120112958],[34.777875971868866,2.095532651878329],[34.77873060962605,2.095532651968199],[34.78018216761774,2.09630138012966],[34.782552307674564,2.097261688180197],[34.78419563372614,2.097667816951855],[34.78496038300233,2.098048338725221],[34.78558419825117,2.098625224108957],[34.78630466943184,2.09894891446794],[34.7873453166568,2.099958128797255],[34.787659942601806,2.10065704321164],[34.789268342867786,2.101938138110256],[34.78968278423008,2.102649911403319],[34.791454373029296,2.10449145058584],[34.79146325368157,2.108758077152686],[34.79103593450884,2.10918510677044],[34.79103593450884,2.110893224402105],[34.78774250384714,2.115415532815916],[34.786953846911445,2.116929252788054],[34.786762743923646,2.117738225117137],[34.78636961048261,2.13104433530134],[34.770417789531336,2.145441366144723],[34.769750103928914,2.146108583779665],[34.76774704583352,2.152895222204393],[34.76696480298949,2.17346426389031],[34.76444216841361,2.176099555936389],[34.76440861543932,2.177420076252588],[34.76173787109917,2.180317837529742],[34.76173787109917,2.181652241909092],[34.75973481306846,2.184826358337489],[34.759715158610845,2.186141118680553],[34.75744129267548,2.189767365930038],[34.755493761168225,2.191281040575063],[34.754800998319354,2.192405729904294],[34.752575682225256,2.194814694633124],[34.75172258094585,2.196631002245169],[34.74971952291531,2.204360965630656],[34.74971952291531,2.223042222943491],[34.7490518366057,2.225043772110041],[34.74890638049652,2.228986657872667],[34.7483841509125,2.230104868147805],[34.7483841509125,2.232773587054453],[34.74704877857499,2.234498769181357],[34.746822318681836,2.235739393335564],[34.745713406785455,2.236223948447105]]]}},{"type":"Feature","id":"gb:47994165B56208747589297","properties":{"id":"gb:47994165B56208747589297","name":"Chekwii","parentId":"gb:17295835B80141219017784","level":"ADM2","countryCode":"UG"},"geometry":{"type":"Polygon","coordinates":[[[34.554158004937904,1.904258977709446],[34.550224996274096,1.900958921834103],[34.54236816390784,1.896031682432749],[34.53939842297149,1.893547088339972],[34.52266608551582,1.89117085132176],[34.51825220199618,1.885872429110066],[34.51012541284945,1.887874401205011],[34.508206106441435,1.88606125381898],[34.50580753841774,1.884998633518421],[34.504863287776345,1.884054893590644],[34.503717780971385,1.883390230341718],[34.502933382373044,1.882383582615148],[34.501916534387135,1.881868478315482],[34.5005811624676,1.88053382592085],[34.48976296909183,1.874968640486202],[34.48130973782662,1.864797765915228],[34.48103559984963,1.863576592392917],[34.480091349213524,1.862632840926608],[34.47930667979608,1.86028835479658],[34.47730362176537,1.858286351330605],[34.476671914779445,1.857213205235439],[34.475727664143335,1.856269450365289],[34.47460440172887,1.855785651615918],[34.469709349693346,1.849836541736352],[34.46662064530244,1.844014851853842],[34.465611265827306,1.84348897196486],[34.45485763066171,1.82606741286321],[34.45259923884254,1.823389233749197],[34.45230144307976,1.822177825619463],[34.450728163335555,1.820473424197701],[34.45059618074731,1.819270642521303],[34.44974525620461,1.818288230121539],[34.44861054854664,1.817804026777594],[34.448593122651914,1.816486743395672],[34.4377194997906,1.812703618911087],[34.42455642550868,1.80457071371535],[34.42333484633184,1.804456976995766],[34.42282939213726,1.803398154516856],[34.418546487708795,1.800452842831078],[34.41721187904966,1.800452079915829],[34.41454113470934,1.798726437743596],[34.3947863551615,1.798450772862793],[34.36824495725392,1.785103581284886],[34.361568096852466,1.785103581284886],[34.36029887254085,1.784943964687045],[34.359173917700105,1.784436218991971],[34.357838545636696,1.784436218991971],[34.35303424153369,1.780939924687232],[34.34924914068796,1.77509312392192],[34.34910790391973,1.773899561282633],[34.348263522754735,1.77291441542917],[34.347772531592,1.771782960011649],[34.346847146475,1.770831349860771],[34.34309872922108,1.762871962504505],[34.33508649709853,1.738975615487561],[34.33369494377564,1.73766411837596],[34.329801187259136,1.731158777189535],[34.326768919501205,1.726889576943051],[34.31041365926069,1.711024927384358],[34.31038211407747,1.709721681394512],[34.30771136995048,1.703090825404161],[34.3064506052408,1.701681467582773],[34.3063759974616,1.700421259240102],[34.30387256613966,1.697844353679557],[34.30236988140035,1.69485310207898],[34.29836376533905,1.679941365191553],[34.29798014591893,1.678990021565141],[34.2969213384651,1.676987822415015],[34.29428195001509,1.67424255337977],[34.28922873317259,1.670981212683955],[34.28683455342059,1.670313810453763],[34.2828807333471,1.670187610680841],[34.28176962996497,1.669646407732955],[34.279375450493774,1.668979005354799],[34.276704706366786,1.668979005354799],[34.27497821280497,1.66764419910902],[34.2715031678913,1.665899144735306],[34.269749378934364,1.664116736281187],[34.26648838144666,1.662972371145031],[34.26631483595048,1.661811033570871],[34.26230871988918,1.658359495435889],[34.261700022350965,1.657633125482732],[34.26121061928586,1.656535484104609],[34.259637975549026,1.655298910088106],[34.25652054195564,1.653628681615942],[34.25585285582736,1.652961273482219],[34.25451748386041,1.652961273534572],[34.25384979779665,1.652293864899036],[34.25145561831124,1.651626456699375],[34.25012024606201,1.650291638701731],[34.23736271731093,1.646287180398645],[34.228735329518656,1.646287180262448],[34.22950266652173,1.569532632847273],[34.22953868935207,1.565929371141237],[34.22955578171087,1.565929370784716],[34.24534488999552,1.565929371141237],[34.24791340880239,1.567279535063051],[34.250192032232974,1.571482437282953],[34.25604325424638,1.575754015979555],[34.25998965246703,1.570944010567644],[34.26071339527937,1.570628120088543],[34.261323452143245,1.57003787045943],[34.26201493755366,1.569720092101477],[34.2629233067824,1.568919485138906],[34.26548722130292,1.568919485328422],[34.26693044242262,1.568277412141811],[34.27568914760576,1.55744546049101],[34.29544272880088,1.559094808453551],[34.298079959687925,1.56208493234783],[34.326242786145656,1.558667647906816],[34.33872185598409,1.560080424181422],[34.34646132545049,1.566322358137995],[34.35083707267461,1.566322357821093],[34.3524335974904,1.566048975790807],[34.35407450256764,1.56604897540501],[34.35509835741266,1.565762270206903],[34.35645330611857,1.564954591034677],[34.35722683642666,1.564181350003992],[34.35775472381573,1.564135300580858],[34.35809335546077,1.564343559695715],[34.35857517641159,1.564408682860517],[34.3594478894496,1.564942565115757],[34.3615556613712,1.565135875508872],[34.36202252810119,1.565329185884195],[34.362810223389374,1.566082781434943],[34.36330061433716,1.566322357821093],[34.36622674105121,1.567415886019717],[34.36896158288192,1.567415886019717],[34.369487189622475,1.567325428432696],[34.37207908187099,1.565464192950685],[34.372465847024955,1.565077572115968],[34.37308044522007,1.564189821422076],[34.37349154072132,1.563861918542614],[34.376217613065364,1.563899054675915],[34.37871882208839,1.564682064796443],[34.38308871171682,1.564718149705755],[34.38517350197708,1.565228829486159],[34.39173712274379,1.565228829486159],[34.39675368325942,1.563041771105702],[34.39702716745791,1.562768388647896],[34.398854420428336,1.56166294351317],[34.399241185097026,1.561276321650098],[34.39970805212664,1.561083011304959],[34.4004815823468,1.560309768149239],[34.404063607991986,1.558394264487788],[34.40570451318359,1.558394264487788],[34.40616408477382,1.558605180992458],[34.4066851690219,1.558667647906816],[34.41044938674361,1.558941030702499],[34.410883074498145,1.559214413462826],[34.41197701136031,1.559214413460495],[34.41403576319169,1.559761178876897],[34.41677060502241,1.559761178876897],[34.41730979239361,1.559809111508855],[34.41782869196811,1.559982014298498],[34.41891409842492,1.560034562113856],[34.42036338722869,1.560496993480683],[34.42176398741867,1.561623691154637],[34.42272344127139,1.561948240908123],[34.426552220014,1.561948240908123],[34.42699336638924,1.562203623197661],[34.427618598313416,1.562888856631389],[34.427831826106,1.563385303964253],[34.42854476595909,1.565941503389695],[34.42893392063189,1.566322358137995],[34.43431043894083,1.568151054940472],[34.43734626687353,1.571315194370072],[34.43890594702265,1.571823666877719],[34.44210432672645,1.572554614860223],[34.4474538927023,1.572336753451339],[34.44840777595732,1.572674745269296],[34.44861662475125,1.573135032062908],[34.4493506435598,1.573703659571322],[34.44984899204849,1.573909538624321],[34.45154496236165,1.575167274953287],[34.45247262225814,1.575644533572074],[34.45271888817956,1.576089326994406],[34.45307778691125,1.576437468094014],[34.45664832246774,1.577530990677985],[34.45735549422568,1.5780777513055],[34.458384870116504,1.578351131565228],[34.45873554054896,1.578547355417868],[34.46311128771197,1.585007609792171],[34.46396257422418,1.585459010946863],[34.466150447812936,1.585459010946863],[34.46756479083575,1.58600576961328],[34.467838275474946,1.586279149285417],[34.468307487370055,1.58635687630084],[34.46855585178304,1.586800798090451],[34.47003103634347,1.587277282907053],[34.470281994871016,1.587646045794145],[34.47076884519731,1.587706141031333],[34.47151287483132,1.588291297077831],[34.472519889752334,1.588576280210532],[34.47296584128122,1.58888081132767],[34.47348160600137,1.589012941398835],[34.474590970118754,1.589966441756587],[34.4748711079435,1.590340131698383],[34.475565391956366,1.591767868119916],[34.4759650448554,1.592718372280785],[34.4759650448554,1.593265129794872],[34.47623852885886,1.593698648937959],[34.47651201345843,1.594727626785073],[34.47662256812731,1.596341807479575],[34.476914648513684,1.596796640754292],[34.47839100546736,1.597469981822542],[34.479310270362134,1.598059785661349],[34.48434739455314,1.600173639388288],[34.48504327538626,1.600768206152793],[34.485263507813954,1.601094814716475],[34.48503247044994,1.601545908096],[34.48425894014207,1.602319136087146],[34.48298403492123,1.604050045429062],[34.482255181425444,1.605495259330837],[34.482255181425444,1.60658876650615],[34.48654620267058,1.609242890377232],[34.48873407649455,1.609242890377232],[34.48922575858569,1.609109470431576],[34.49243447789837,1.603501978862141],[34.50232733127166,1.601314960627178],[34.509437920750315,1.601314960627178],[34.52493550601321,1.596120783645688],[34.54136772867918,1.587762762991474],[34.55674940288583,1.584945631792891],[34.56330971749617,1.584912251873845],[34.56541954315611,1.584365492667189],[34.56596651166302,1.584365492656559],[34.57709983823054,1.579171273027043],[34.580659799619696,1.580103266526464],[34.58111424753861,1.580396015055896],[34.58150101269257,1.58078263215441],[34.58175625879272,1.581264008050709],[34.582883789087305,1.582351659323763],[34.58489837359292,1.583998715342432],[34.59771588923519,1.583015679791856],[34.60908719169964,1.578654972874517],[34.62347366686299,1.566409706804563],[34.62430627043324,1.566356530572307],[34.62516090855388,1.566356530572307],[34.62779813927568,1.567638008342556],[34.62908201075754,1.568917571745374],[34.63513587966111,1.571055278560323],[34.65479255617572,1.571055278361541],[34.66917151972103,1.578665663258903],[34.67170292547928,1.578744115681957],[34.67238056242729,1.579171273027043],[34.67408268913954,1.579215315182921],[34.67572977083762,1.579598429621569],[34.67914473188807,1.579620551871699],[34.6799555126359,1.579890709100766],[34.681394284604266,1.58075596115674],[34.68269670465736,1.581834079725695],[34.68416457574193,1.582703190933046],[34.68623376959533,1.584215432557244],[34.68778150927949,1.584881030693168],[34.68901226246493,1.586058541281375],[34.69114247361745,1.58746839527123],[34.69263953220815,1.588028570749998],[34.69616656415195,1.590272782206682],[34.69701932227474,1.59027731874761],[34.69762552309976,1.590876869678311],[34.698349234679654,1.591287852602591],[34.70059128858344,1.592413090290165],[34.70143040784927,1.592478803324127],[34.70262700753864,1.593267398175556],[34.703838357818825,1.596635668196143],[34.7084123442001,1.600378048009134],[34.70892611946334,1.601979489246901],[34.71025447444367,1.603909915562213],[34.71108666833294,1.603946216627492],[34.71454582267563,1.6107829763979],[34.7154004609435,1.613922407662187],[34.716657203950035,1.615479278277007],[34.71733484072041,1.615906427447953],[34.7181894784012,1.616760725307643],[34.71989875499452,1.616760725307643],[34.72153868698632,1.617187874422257],[34.722393325106964,1.617187874422257],[34.7319159542331,1.620102969486993],[34.738516643786795,1.621073148059509],[34.74018496618646,1.622695052161873],[34.74103960448315,1.624049782107875],[34.74105908434848,1.62489601120518],[34.74232155664146,1.627012264094049],[34.74292587408661,1.627616342912972],[34.75606328153435,1.63305980281558],[34.756667601769095,1.633663878087305],[34.75855147402285,1.634700901593646],[34.76030931533694,1.63726377138795],[34.76114164666865,1.637299849164094],[34.76152385276828,1.638063948738591],[34.76226119724424,1.638473053589053],[34.763097789188976,1.639929101014786],[34.76370780616685,1.640314630247133],[34.7644133331392,1.641833589257999],[34.76514361880152,1.642262965246289],[34.76615694988294,1.643576489639713],[34.76689633305136,1.643993249051562],[34.767278538736036,1.64461141669733],[34.77816168948857,1.650895918117612],[34.779005291982,1.650932351232598],[34.78120956634808,1.652213776572296],[34.782063115511335,1.652215537798327],[34.790608615560984,1.662360889719537],[34.7924363519291,1.665882254005055],[34.794221673120035,1.667474449016424],[34.794720285713424,1.668976455550364],[34.79564175597227,1.670391475422093],[34.79649320974124,1.672618626828353],[34.798610316982035,1.675589103924437],[34.798727677382374,1.682374681699685],[34.79999794549991,1.685945974459003],[34.80000963488823,1.687649670160681],[34.799719163979375,1.688383672627481],[34.79898968450965,1.688685701346856],[34.798727677382374,1.689431489095341],[34.798727677382374,1.698582161674835],[34.799688644693276,1.699411333962473],[34.80010642515521,1.700149779483922],[34.804282825491555,1.70304294634235],[34.804282825491555,1.703897206765646],[34.814538482727016,1.719273829660267],[34.814538482727016,1.719554442055482],[34.81524654100906,1.719700956054282],[34.81559163343019,1.720326505969979],[34.81702913361022,1.720982335411918],[34.822657545085576,1.726580757582042],[34.822657545085576,1.730852003309963],[34.822322992823445,1.731567738877516],[34.82223022560072,1.733237825428887],[34.820093630308065,1.738485126817977],[34.81691370185098,1.744474137053658],[34.81399722351392,1.745015144936758],[34.813392903466024,1.745619185528369],[34.8127243565703,1.74596510264962],[34.8119745685774,1.747420576078298],[34.80983797327582,1.757368949578222],[34.81019759591146,1.758074295080633],[34.81026529214199,1.759754738618881],[34.8104997560244,1.760511900836264],[34.81111993043862,1.760859172816652],[34.811274510735984,1.76155890010665],[34.816991753021796,1.765719474267939],[34.82431890026436,1.776032927001381],[34.824875778043804,1.777525362399729],[34.826544600874286,1.780475450634583],[34.828561581854956,1.786096350885089],[34.82957453479605,1.78742528701315],[34.829844795099746,1.788235673243435],[34.830958043596866,1.789502651992052],[34.831283514407744,1.790175524892561],[34.833847429071966,1.790175525302516],[34.8346224786568,1.791109295922126],[34.83465807170512,1.792809337876633],[34.83504027758397,1.793573374937978],[34.8350497978351,1.795279566644979],[34.843596179041526,1.808379368599276],[34.845732774343105,1.814154387256735],[34.84647127233228,1.817083288297852],[34.84658741211558,1.818675622787396],[34.8461600934034,1.819102726353606],[34.8460209299559,1.822486717343224],[34.84497974755055,1.823815382432997],[34.844677587345245,1.825398696637023],[34.84367276888747,1.826753555750429],[34.84316885982702,1.828266980428452],[34.8430898023758,1.82989636823379],[34.84003554124166,1.83430938708193],[34.83943122055996,1.834913397791468],[34.83665795047705,1.844091721634072],[34.83568810923009,1.845271943261537],[34.834195159714454,1.849405308526173],[34.83334052159364,1.850509688445754],[34.83187260621486,1.857230632375547],[34.828985057885916,1.858511915279848],[34.82864001193019,1.859021239306344],[34.82745278272739,1.859793197650163],[34.82682071732347,1.861184439392787],[34.826216396912855,1.861788440889427],[34.82466891955346,1.865345410426983],[34.81575314782333,1.872178879350315],[34.809529191936804,1.879320936370789],[34.806307128726644,1.879978730989933],[34.804919500543974,1.881792700377616],[34.80431518013336,1.883250871484847],[34.804282825491555,1.88665417967087],[34.8025735492501,1.890571238613688],[34.80255406121654,1.897396540556826],[34.801718910971545,1.905668558645289],[34.801718910971545,1.92018931015798],[34.80184406964702,1.920991654799877],[34.802146230189805,1.921720723651617],[34.802146230189805,1.927699815329163],[34.813444545815116,1.951479308768228],[34.813617779629396,1.952025959457387],[34.81414063219472,1.952870672694871],[34.81426499872373,1.953387981518745],[34.81563241963909,1.955123519142262],[34.816999840554445,1.95931717910446],[34.82350069032543,1.968698731972893],[34.82390584052365,1.970134199418396],[34.82452043819666,1.971021755898107],[34.82490720335079,1.971408292177728],[34.82646230618309,1.97421966730542],[34.83012708225999,1.985329485204659],[34.84434826058771,2.003090659552811],[34.84462174466205,2.004070715858973],[34.84462174466205,2.01063030860746],[34.84380129175344,2.015991553541653],[34.84380995510611,2.021995813010278],[34.84462174466205,2.022277784664482],[34.84462174466205,2.022824411917497],[34.84434826058771,2.023853146100976],[34.84434826058771,2.024399773213304],[34.84384703728614,2.025958366944337],[34.84374367967331,2.027030608842438],[34.84328898344529,2.027974070201253],[34.84325432374669,2.029052973703813],[34.84278702103427,2.03058260330863],[34.8427073553961,2.03165705801058],[34.83302461093194,2.045884675523837],[34.82856941353674,2.060996046485684],[34.82474614328487,2.064816838904676],[34.82326975155581,2.067112190322234],[34.822128118547994,2.068287018792319],[34.82087161086997,2.070055379792848],[34.8096157670725,2.093875761819561],[34.78630466943184,2.09894891446794],[34.78558419825117,2.098625224108957],[34.78496038300233,2.098048338725221],[34.78419563372614,2.097667816951855],[34.782552307674564,2.097261688180197],[34.78018216761774,2.09630138012966],[34.77873060962605,2.095532651968199],[34.777875971868866,2.095532651878329],[34.77712103165612,2.095292120112958],[34.77493259415024,2.094386245273654],[34.77437049086757,2.094015003768902],[34.77370646609086,2.093824517525775],[34.77227072109457,2.092988850324559],[34.77066858119224,2.092401831699021],[34.76631843103854,2.089741158041988],[34.748065822393585,2.075412898310958],[34.74626385991547,2.074180842310966],[34.74369994543406,2.074180842491614],[34.74306738235373,2.073645056655664],[34.742344672012734,2.073326763914508],[34.74052494169041,2.071531319279586],[34.73924400958441,2.070505738835209],[34.73685451616939,2.067053229163093],[34.734302672840215,2.06499504093631],[34.715093793202186,2.053682834415099],[34.69048737629828,2.034401463590541],[34.68288406178465,2.030114959258071],[34.68250185606672,2.029351027034636],[34.68169729386943,2.029155084017816],[34.67951726054133,2.027852225412801],[34.67717891261913,2.026897308916318],[34.67608710739353,2.025939529788161],[34.674638644730294,2.025331242195932],[34.66107327017079,2.013084269119588],[34.65426500313606,2.009041648518973],[34.64754291804536,2.007220435691124],[34.64693859732478,2.006616485985091],[34.645604498516434,2.004570412241037],[34.64457566880134,2.002229819964953],[34.64235249567844,1.99987431780437],[34.64147426313076,1.996759133077262],[34.64108311599472,1.996066933542068],[34.641046944431594,1.993519547217602],[34.63979834996695,1.991366462389124],[34.63976498726572,1.990526151497704],[34.639212779176546,1.988094062435664],[34.638483030084785,1.986634060311303],[34.638483030084785,1.984925810562515],[34.638055710842195,1.984498747666748],[34.638055710842195,1.983644621733902],[34.636846092481164,1.981582983377336],[34.63463715854181,1.979477609817422],[34.633884822750076,1.979375368532828],[34.63345750349913,1.978948304254459],[34.631925228798764,1.978521240133318],[34.630215952557364,1.978521240133318],[34.625970321940656,1.981937751089959],[34.62523613908695,1.982058134156489],[34.62484880418293,1.982751917638723],[34.623440205610166,1.983392151784244],[34.62300664811255,1.984073066882786],[34.61790240774474,1.986635442141562],[34.61706806902538,1.986684420826691],[34.61637013284684,1.987062504493451],[34.609533027888574,1.987062504302514],[34.60800075299744,1.986635442141562],[34.60771605774107,1.986065841748768],[34.607146114728664,1.985781317864678],[34.60598910498891,1.984778949533563],[34.60517832365775,1.984508851243561],[34.60383683576492,1.982342594148065],[34.598315038414,1.977171140936264],[34.5889140190867,1.972052908217904],[34.571350272764164,1.95802202662145],[34.562803891593944,1.95802202662145],[34.55363117087154,1.96177338554412],[34.54249691225107,1.964000990129193],[34.53312404393154,1.963881811590511],[34.52856149245747,1.960483962159344],[34.526321212136224,1.958244992049742],[34.52353420244191,1.953419754421986],[34.52353420244191,1.949149041694341],[34.52396152191716,1.947617652801512],[34.52488537193551,1.946779837540248],[34.52652543603125,1.943978442588843],[34.52724530637414,1.943568944175013],[34.527992807996725,1.942127724691147],[34.528737284093495,1.941718095647616],[34.530550245650375,1.939906174516238],[34.53122594594271,1.939581924240201],[34.531687277812296,1.939162874685508],[34.532069483598946,1.938398900702566],[34.53279251194954,1.938092266610056],[34.534002650435184,1.937097225838158],[34.53509054230136,1.935804906224348],[34.53585495387506,1.935422918518668],[34.536273833120276,1.934960112931037],[34.536509127045974,1.934222510093946],[34.53804086419996,1.932419832024721],[34.53937466386907,1.928951407151715],[34.539978984566005,1.928347429198197],[34.54028114477131,1.926764208177417],[34.540885464887026,1.926160229407117],[34.5410542843303,1.925375961592692],[34.541868984056066,1.92393594770607],[34.548318708355794,1.918704225949682],[34.54852186773576,1.917897999335992],[34.54909942897797,1.917449930828752],[34.54933139258293,1.916706935882985],[34.550280509658876,1.915741611352814],[34.55045530365737,1.915062146338585],[34.55045530365737,1.912752046901858],[34.554755201345586,1.905224728320263],[34.554158004937904,1.904258977709446]]]}},{"type":"Feature","id":"gb:47994165B62865726932923","properties":{"id":"gb:47994165B62865726932923","name":"Pokot","parentId":"gb:17295835B80141219017784","level":"ADM2","countryCode":"UG"},"geometry":{"type":"Polygon","coordinates":[[[34.86677396487363,2.259432926593945],[34.86553327671646,2.256188279926846],[34.86203261987151,2.249830966953368],[34.85932526412961,2.247125695619161],[34.858710666593936,2.246238296589695],[34.85793713614851,2.245465360463186],[34.84868751868299,2.238682297336766],[34.84489522866551,2.232725622218084],[34.84380129175344,2.231858904941078],[34.84358813028416,2.23140057912417],[34.84294734565293,2.230726811683212],[34.8427000479449,2.230239893062958],[34.842313282791,2.229853420826316],[34.84210313065955,2.229427363486138],[34.84161341860164,2.229370150485067],[34.841339934402924,2.229096873259323],[34.841282678004916,2.228607531558509],[34.84079296591926,2.228550318943235],[34.84020551084251,2.228020521598921],[34.839755053338365,2.227787698991847],[34.83942554500396,2.227023848883334],[34.838067225818975,2.226421310965122],[34.83619709322426,2.224561684238722],[34.83178120315216,2.218236161923926],[34.82880567676085,2.210297836235725],[34.82985359769805,2.210251854641911],[34.83012708225999,2.20922324451044],[34.83012708225999,2.205397306644556],[34.82987349692877,2.204345300515058],[34.82985359769805,2.203801963536421],[34.829637127605906,2.203306463548529],[34.82892613266847,2.202485555589703],[34.82835165676374,2.20155726827619],[34.82684527186376,2.200143894448445],[34.826807212041786,2.199620833711492],[34.825232401448375,2.198301449787436],[34.82477947725533,2.197377939681019],[34.82358529108757,2.196371360848786],[34.82248994112575,2.19448827266757],[34.822021134236934,2.194223438847303],[34.815085451336586,2.180046489460608],[34.81472686123874,2.179793279747116],[34.814538482727016,2.179291144569788],[34.81426499872373,2.179143508201605],[34.811256672556,2.177503788614615],[34.81125667288944,2.176410641664063],[34.80991292496793,2.174794575302258],[34.80906879896702,2.171698301516983],[34.80906879896702,2.168965421342932],[34.80934228306887,2.1679367824579],[34.80934090954486,2.165751042168381],[34.805550818546465,2.157864304654652],[34.80428717280944,2.151682317600432],[34.80305797732109,2.14990740489651],[34.80257029826538,2.14966082366999],[34.80140183262574,2.148516314989081],[34.800858495609305,2.147569936962668],[34.799871750737395,2.146278176550084],[34.79977033621435,2.144662345574375],[34.79931608881628,2.143708512516298],[34.799122706138746,2.142695386578339],[34.79812134331178,2.141421430577736],[34.793792692537636,2.138175978237598],[34.792817170368096,2.13768205951834],[34.79179511324719,2.137300675073789],[34.78855748407142,2.135370454258634],[34.788510855585116,2.13432387230506],[34.786936309185535,2.132684104757573],[34.7866430946811,2.131337346988403],[34.78636961048261,2.13104433530134],[34.786762743923646,2.117738225117137],[34.786953846911445,2.116929252788054],[34.78774250384714,2.115415532815916],[34.79103593450884,2.110893224402105],[34.79103593450884,2.10918510677044],[34.79146325368157,2.108758077152686],[34.791454373029296,2.10449145058584],[34.78968278423008,2.102649911403319],[34.789268342867786,2.101938138110256],[34.787659942601806,2.10065704321164],[34.7873453166568,2.099958128797255],[34.78630466943184,2.09894891446794],[34.8096157670725,2.093875761819561],[34.82087161086997,2.070055379792848],[34.822128118547994,2.068287018792319],[34.82326975155581,2.067112190322234],[34.82474614328487,2.064816838904676],[34.82856941353674,2.060996046485684],[34.83302461093194,2.045884675523837],[34.8427073553961,2.03165705801058],[34.84278702103427,2.03058260330863],[34.84325432374669,2.029052973703813],[34.84328898344529,2.027974070201253],[34.84374367967331,2.027030608842438],[34.84384703728614,2.025958366944337],[34.84434826058771,2.024399773213304],[34.84434826058771,2.023853146100976],[34.84462174466205,2.022824411917497],[34.84462174466205,2.022277784664482],[34.84380995510611,2.021995813010278],[34.84380129175344,2.015991553541653],[34.84462174466205,2.01063030860746],[34.84462174466205,2.004070715858973],[34.84434826058771,2.003090659552811],[34.83012708225999,1.985329485204659],[34.82646230618309,1.97421966730542],[34.82490720335079,1.971408292177728],[34.82452043819666,1.971021755898107],[34.82390584052365,1.970134199418396],[34.82350069032543,1.968698731972893],[34.816999840554445,1.95931717910446],[34.81563241963909,1.955123519142262],[34.81426499872373,1.953387981518745],[34.81414063219472,1.952870672694871],[34.813617779629396,1.952025959457387],[34.813444545815116,1.951479308768228],[34.802146230189805,1.927699815329163],[34.802146230189805,1.921720723651617],[34.80184406964702,1.920991654799877],[34.801718910971545,1.92018931015798],[34.801718910971545,1.905668558645289],[34.80255406121654,1.897396540556826],[34.8025735492501,1.890571238613688],[34.804282825491555,1.88665417967087],[34.80431518013336,1.883250871484847],[34.806307128726644,1.879978730989933],[34.809529191936804,1.879320936370789],[34.81575314782333,1.872178879350315],[34.82466891955346,1.865345410426983],[34.826216396912855,1.861788440889427],[34.82682071732347,1.861184439392787],[34.82745278272739,1.859793197650163],[34.82864001193019,1.859021239306344],[34.828985057885916,1.858511915279848],[34.83187260621486,1.857230632375547],[34.833260871638004,1.853039288870889],[34.83334052159364,1.850509688445754],[34.834195159714454,1.849405308526173],[34.83568810923009,1.845271943261537],[34.83665795047705,1.844091721634072],[34.83943122055996,1.834913397791468],[34.84003554124166,1.83430938708193],[34.8430898023758,1.82989636823379],[34.84316885982702,1.828266980428452],[34.84367276888747,1.826753555750429],[34.844677587345245,1.825398696637023],[34.84497974755055,1.823815382432997],[34.8460209299559,1.822486717343224],[34.8461600934034,1.819102726353606],[34.84658741211558,1.818675622787396],[34.84647127233228,1.817083288297852],[34.845732774343105,1.814154387256735],[34.843596179041526,1.808379368599276],[34.8350497978351,1.795279566644979],[34.83504027758397,1.793573374937978],[34.83465807170512,1.792809337876633],[34.8346224786568,1.791109295922126],[34.833847429071966,1.790175525302516],[34.831283514407744,1.790175524892561],[34.830958043596866,1.789502651992052],[34.829844795099746,1.788235673243435],[34.82957453479605,1.78742528701315],[34.828561581854956,1.786096350885089],[34.826544600874286,1.780475450634583],[34.824875778043804,1.777525362399729],[34.82431890026436,1.776032927001381],[34.816991753021796,1.765719474267939],[34.811274510735984,1.76155890010665],[34.81111993043862,1.760859172816652],[34.8104997560244,1.760511900836264],[34.81026529214199,1.759754738618881],[34.81019759591146,1.758074295080633],[34.80983797327582,1.757368949578222],[34.8119745685774,1.747420576078298],[34.8127243565703,1.74596510264962],[34.813392903466024,1.745619185528369],[34.81399722351392,1.745015144936758],[34.81691370185098,1.744474137053658],[34.820093630308065,1.738485126817977],[34.82223022560072,1.733237825428887],[34.822322992823445,1.731567738877516],[34.822657545085576,1.730852003309963],[34.822657545085576,1.726580757582042],[34.81702913361022,1.720982335411918],[34.81559163343019,1.720326505969979],[34.81524654100906,1.719700956054282],[34.814538482727016,1.719554442055482],[34.814538482727016,1.719273829660267],[34.804282825491555,1.703897206765646],[34.804282825491555,1.70304294634235],[34.80010642515521,1.700149779483922],[34.799688644693276,1.699411333962473],[34.798727677382374,1.698582161674835],[34.798727677382374,1.689431489095341],[34.79898968450965,1.688685701346856],[34.799719163979375,1.688383672627481],[34.80000963488823,1.687649670160681],[34.79999794549991,1.685945974459003],[34.798727677382374,1.682374681699685],[34.798610316982035,1.675589103924437],[34.79649320974124,1.672618626828353],[34.79564175597227,1.670391475422093],[34.794720285713424,1.668976455550364],[34.794221673120035,1.667474449016424],[34.7924363519291,1.665882254005055],[34.790608615560984,1.662360889719537],[34.782063115511335,1.652215537798327],[34.78120956634808,1.652213776572296],[34.779005291982,1.650932351232598],[34.77816168948857,1.650895918117612],[34.767278538736036,1.64461141669733],[34.76689633305136,1.643993249051562],[34.76615694988294,1.643576489639713],[34.76514361880152,1.642262965246289],[34.7644133331392,1.641833589257999],[34.76370780616685,1.640314630247133],[34.763097789188976,1.639929101014786],[34.76226119724424,1.638473053589053],[34.76152385276828,1.638063948738591],[34.76114164666865,1.637299849164094],[34.76030931533694,1.63726377138795],[34.75855147402285,1.634700901593646],[34.756667601769095,1.633663878087305],[34.75606328153435,1.63305980281558],[34.74292587408661,1.627616342912972],[34.74232155664146,1.627012264094049],[34.74105908434848,1.62489601120518],[34.74103960448315,1.624049782107875],[34.74018496618646,1.622695052161873],[34.738516643786795,1.621073148059509],[34.7319159542331,1.620102969486993],[34.722393325106964,1.617187874422257],[34.72153868698632,1.617187874422257],[34.71989875499452,1.616760725307643],[34.7181894784012,1.616760725307643],[34.71733484072041,1.615906427447953],[34.716657203950035,1.615479278277007],[34.7154004609435,1.613922407662187],[34.71454582267563,1.6107829763979],[34.71108666833294,1.603946216627492],[34.71025447444367,1.603909915562213],[34.70892611946334,1.601979489246901],[34.7084123442001,1.600378048009134],[34.703838357818825,1.596635668196143],[34.70262700753864,1.593267398175556],[34.70143040784927,1.592478803324127],[34.70059128858344,1.592413090290165],[34.698349234679654,1.591287852602591],[34.69762552309976,1.590876869678311],[34.69701932227474,1.59027731874761],[34.69616656415195,1.590272782206682],[34.69263953220815,1.588028570749998],[34.69114247361745,1.58746839527123],[34.68901226246493,1.586058541281375],[34.68778150927949,1.584881030693168],[34.68623376959533,1.584215432557244],[34.68416457574193,1.582703190933046],[34.68269670465736,1.581834079725695],[34.681394284604266,1.58075596115674],[34.6799555126359,1.579890709100766],[34.67914473188807,1.579620551871699],[34.67572977083762,1.579598429621569],[34.67408268913954,1.579215315182921],[34.67238056242729,1.579171273027043],[34.67170292547928,1.578744115681957],[34.66917151972103,1.578665663258903],[34.65479255617572,1.571055278361541],[34.63513587966111,1.571055278560323],[34.62908201075754,1.568917571745374],[34.62779813927568,1.567638008342556],[34.62516090855388,1.566356530572307],[34.631645924964516,1.544998453112214],[34.63203841487763,1.544998452841185],[34.63207324417988,1.544178941899588],[34.63289305299821,1.543289797306613],[34.64180421930263,1.540134728526482],[34.65209226779365,1.534319333262147],[34.6592035608972,1.532506098633178],[34.65984898310103,1.532050516337392],[34.66301848301691,1.528160799902594],[34.664831444173046,1.526348482298488],[34.664976811825,1.525554339538587],[34.66562586914756,1.525348831598706],[34.67809143825673,1.526203166705329],[34.67950565969767,1.526748345754982],[34.68115598794384,1.527911836243277],[34.682010626159695,1.527911835899772],[34.69164118387704,1.524921663918235],[34.692622858578204,1.522915470198143],[34.69275255074615,1.522114835461139],[34.69275255074615,1.519551824262123],[34.69317986974994,1.518020087939306],[34.69317986974994,1.517165749415426],[34.69468613754418,1.515726891021075],[34.694951855038255,1.514971409868735],[34.69574378374165,1.513525712637829],[34.69574378374165,1.50669098175365],[34.696598422038335,1.504405734598606],[34.69661020763766,1.502708828260495],[34.698065714053655,1.501242040465797],[34.70187260983613,1.492310364371974],[34.706575814964594,1.489039278401322],[34.70921304585653,1.486903403572001],[34.710851218998584,1.485043485362496],[34.71839169436589,1.474859813821411],[34.719246332486534,1.472900868192937],[34.719246332486534,1.471192156051757],[34.720156090580076,1.468107616229588],[34.7205672653742,1.467641474479535],[34.721810246848406,1.466947920930693],[34.722237565549165,1.466270506097317],[34.721810246848406,1.461849317956251],[34.720854732238365,1.459991204805419],[34.72005585733365,1.459901007275278],[34.71967365154683,1.459136843699639],[34.71967365154683,1.45828248254162],[34.72032864620252,1.451388610003221],[34.719348180710426,1.448308474148064],[34.719320474052665,1.44786707930416],[34.71920845449597,1.447445581869886],[34.71920845449597,1.445877813695404],[34.71930436672045,1.445693562329211],[34.719320474052665,1.44547626476475],[34.71954451230812,1.444868921289697],[34.719566570578934,1.444658583280443],[34.719766956821275,1.444558421781608],[34.71976855056363,1.44433543939158],[34.719817850169306,1.444123106667178],[34.72011438092886,1.44352046355931],[34.720272415096304,1.443102281795461],[34.72077337986502,1.442100669821968],[34.720970422670575,1.441997166392696],[34.72100076057427,1.441791943895225],[34.721170808831744,1.441673038258216],[34.72144883748001,1.441172912953505],[34.72158606851258,1.441086133188264],[34.721784894596,1.440771363002341],[34.72346518165676,1.43908757438038],[34.723644280571705,1.438779399430643],[34.72394752832889,1.438588231274537],[34.727292055752116,1.438205810509942],[34.72933421766618,1.437054716519356],[34.72955825570136,1.437054716519356],[34.7296702747189,1.436942732731211],[34.7309507242104,1.436672639306607],[34.732426711999494,1.435563102107608],[34.73715982714231,1.429439798948692],[34.73730629238139,1.429314322227924],[34.737660121723025,1.429135325611128],[34.738304948297355,1.428517312077247],[34.738701881788245,1.428313661275979],[34.73998034164265,1.426607968454846],[34.74034038281536,1.426343912381867],[34.74081564005252,1.425868802239165],[34.74346444130248,1.424004711752559],[34.74408627849846,1.423363916752919],[34.74441275861193,1.422537531165744],[34.7450848734353,1.419744407884991],[34.745303183971885,1.419366918735932],[34.74645080746518,1.418683859669727],[34.74900494954579,1.417905538761374],[34.749582768596156,1.41756943595783],[34.749993558117694,1.417411534070709],[34.7501598391047,1.417277277284938],[34.75028231080506,1.417099224604215],[34.750478318157604,1.41699298947583],[34.750573810695016,1.416808562053689],[34.750461791567375,1.415511128772891],[34.75211710890727,1.413032022467746],[34.75247133841327,1.412760877784876],[34.75395207012366,1.411397000912075],[34.7544773024938,1.410979492720514],[34.75539063311794,1.409844721836123],[34.76384187910645,1.404151945389629],[34.76705383415077,1.401641117389545],[34.767155412948284,1.40144217673236],[34.767355798970016,1.401342014121155],[34.76750760437824,1.401181791692409],[34.767611911341135,1.400984430018013],[34.76787395378449,1.400635071602608],[34.76806898971074,1.400527488277589],[34.7683207290944,1.400163838515539],[34.76862702675845,1.39983949981513],[34.768733530896554,1.399645482948927],[34.76893391641238,1.399545320192431],[34.769094645678024,1.399390152880358],[34.76956391300598,1.398638201539313],[34.77017715781608,1.397031053120031],[34.77028824348423,1.396853080602568],[34.770688768133425,1.39665241169422],[34.77081320366477,1.396476320559486],[34.77107331085534,1.396260860759298],[34.77110467733007,1.396068246398556],[34.771297348890585,1.39603688923421],[34.77140936845666,1.395924903365824],[34.77300951864572,1.393532626451474],[34.77326179909079,1.392588454153781],[34.773390059684914,1.39240835142499],[34.77398580800832,1.388499005299025],[34.77398580800832,1.387379142876682],[34.77390610857793,1.387173979309864],[34.77376647169723,1.387002073233816],[34.77359078073289,1.386661414108175],[34.773537731883835,1.386490474769573],[34.773537731883835,1.38357882837164],[34.77407166718655,1.382010289526534],[34.774373302527465,1.381682588979288],[34.77558190406239,1.380712221301735],[34.776354056354705,1.380262343568802],[34.7768293134792,1.379787224148686],[34.77702054209169,1.379708037629655],[34.777178961061566,1.379549664583465],[34.77726803191359,1.37938229193918],[34.777640627771575,1.37920011832199],[34.77773532749518,1.379046331480936],[34.77947474526127,1.37882235832609],[34.78440358727562,1.367959624614457],[34.793925212906686,1.358776656263899],[34.79482136615644,1.36168833312621],[34.80423097288741,1.370311354700505],[34.80411895375971,1.374006925883407],[34.78966848627988,1.407154822064399],[34.78899637151335,1.414321873194751],[34.793678771053294,1.419934554662461],[34.841382293070126,1.450179191236998],[34.85468574768515,1.448530797211276],[34.859730101111154,1.451276998263097],[34.86175279498718,1.456266872412868],[34.860352555890245,1.511907703707095],[34.86560345250359,1.524505431648834],[34.876980395165674,1.529754463236145],[34.883981590650194,1.537103085873468],[34.887165454308615,1.551373898705037],[34.889531298286784,1.552735551565547],[34.90021344230905,1.550657238952851],[34.90408482336409,1.551947226332175],[34.91175589323228,1.561765437774966],[34.92164942259535,1.560977115918263],[34.9427342010373,1.575326858470021],[34.988884659552696,1.663746560582069],[35.00170423136245,1.835875774247484],[35.02676222105987,1.922233218045164],[34.994491085624134,1.960772352738672],[34.9832782334812,1.977991680304797],[34.9824577808854,2.003137043515096],[34.96440782377721,2.060259307087335],[34.99257669623387,2.090869441415407],[34.97972293889927,2.146348782134396],[34.96714266576316,2.183516084424468],[34.9458108982717,2.22642131133],[34.93241017253979,2.246916999440771],[34.919050578651195,2.285480029726955],[34.912992794024206,2.270691637442894],[34.910389218514354,2.26911760129309],[34.90987112236064,2.268995391564204],[34.908425360116496,2.268313942849829],[34.90791227312013,2.268232210198789],[34.9071380407907,2.267847441864433],[34.906658133039684,2.267685669939908],[34.90447254394718,2.26767160057733],[34.90342070298777,2.267412399888826],[34.9001388922519,2.267412399888826],[34.89908706618871,2.267153107463287],[34.8985423678331,2.267139129786642],[34.88158634751926,2.267139129786642],[34.88109245400187,2.267363782582208],[34.88023656491765,2.267958939939035],[34.87920718898488,2.267685669939908],[34.87779861938259,2.266908469677503],[34.876965070803124,2.266218751082192],[34.87591193538174,2.266046048861142],[34.871542715601265,2.262416607742296],[34.87013991011531,2.261757786227463],[34.869328649536044,2.261037165961568],[34.867426474381034,2.260034088911539],[34.86720217942758,2.259642156271809],[34.86677396487363,2.259432926593945]]]}},{"type":"Feature","id":"gb:47994165B21646999801356","properties":{"id":"gb:47994165B21646999801356","name":"Usuk","parentId":"gb:17295835B57878138064711","level":"ADM2","countryCode":"UG"},"geometry":{"type":"Polygon","coordinates":[[[34.207677046166566,2.071248959492152],[34.20001948866468,2.088136417852184],[34.202884662584836,2.12675914790708],[33.92956070900266,2.297078977148544],[33.89947927903945,2.315469427048497],[33.894093226736175,2.304764518855734],[33.89323858843932,2.304764518855734],[33.892383950754265,2.302806508663195],[33.891036417427415,2.301315965972151],[33.89027200585389,2.300934068393531],[33.88984759637884,2.300494778532141],[33.88982003615098,2.299668367011577],[33.88859551743434,2.298047712923676],[33.888538079155126,2.297207309978205],[33.88811076015094,2.296530217921145],[33.88811076015094,2.295676265970542],[33.88688392294296,2.294090144236691],[33.88656561847125,2.293400193929642],[33.886401483862414,2.292614172897572],[33.885546845565784,2.291510100377593],[33.88553397899608,2.290661470700115],[33.88511952672877,2.289979050251475],[33.884200179324296,2.288901758492557],[33.88383756954761,2.28819788012413],[33.88165575248854,2.287213317182591],[33.88053206565513,2.285550587242369],[33.88041901668407,2.284809587369182],[33.878990421326705,2.282976123616436],[33.87834227142423,2.281400394133357],[33.877855102692195,2.2809875311778],[33.878709740823865,2.278425645966081],[33.87747057177006,2.27662675208478],[33.876573145522116,2.273506262342266],[33.876573145522116,2.271798330555328],[33.87608294358739,2.27139737376757],[33.87571850739971,2.270694243204332],[33.874863869103024,2.269840275725073],[33.87409730253512,2.269752273096231],[33.87229995491896,2.267882217720398],[33.87187263551368,2.266601263641235],[33.87187263551368,2.259769492180908],[33.87175791048901,2.258963002369399],[33.869308721496566,2.253895270277496],[33.869308721496566,2.241939544073944],[33.868454083225345,2.239127463484749],[33.868454083225345,2.230587582895055],[33.86888140243627,2.230160587496584],[33.86888140243627,2.21735066994853],[33.871445316798315,2.212934149400667],[33.87147350935078,2.212108319945003],[33.87187263551368,2.211653147320249],[33.87187263551368,2.210799146305646],[33.87229995491896,2.210372144928954],[33.872319890064034,2.209526393723706],[33.87272727381037,2.208841009668106],[33.874287741422904,2.206984303729769],[33.87875612976313,2.203568283105881],[33.879991697984906,2.200886645621722],[33.88170097424603,2.200032637586219],[33.8818206795454,2.19929824630708],[33.88255561197661,2.198324619874086],[33.885546845565784,2.189940387126342],[33.885546845565784,2.182254241398141],[33.8843638665943,2.1810358553941],[33.88426488856993,2.180222804432105],[33.88426488856993,2.175098678830921],[33.8845464078052,2.174302398843395],[33.887867716764276,2.166477281483822],[33.88868678357227,2.164988915291929],[33.88971065728197,2.16364805896302],[33.89025309418645,2.162148413391037],[33.89665714135742,2.155743177028],[33.90274216477661,2.14334256356392],[33.90410958576956,2.13758148361768],[33.904078792094595,2.131802675523602],[33.90312213346954,2.129344090636437],[33.90253239218049,2.128438718289601],[33.90192171206053,2.126445102220544],[33.90164822798209,2.126171805980164],[33.90148795333914,2.125691556590766],[33.90110121423618,2.12530503868453],[33.900252916248746,2.123924711700283],[33.899763692846705,2.123680268475653],[33.89950415422214,2.123206297857166],[33.898813895606565,2.122373321054965],[33.89809293331774,2.120952306396873],[33.89781944920168,2.119972322355409],[33.89781944920168,2.117239349793692],[33.89094536446896,2.107814081035542],[33.889306356957036,2.107802394918565],[33.88878745686793,2.107629545492046],[33.88833283657061,2.107352759778223],[33.88388504763009,2.103454572159308],[33.88348161423602,2.102446521622767],[33.88317821094381,2.101991722533171],[33.88305130235034,2.101483521170564],[33.883031313623576,2.100941636334539],[33.88278670178681,2.100452741994104],[33.88277781827816,2.099908236459214],[33.88250433407944,2.098928238778683],[33.88141039728498,2.0965993620527],[33.881403736423636,2.095508914600373],[33.88040237359667,2.093688316122211],[33.88004297629203,2.09212841892429],[33.879769492093374,2.088893143592202],[33.879769492093374,2.08452029811059],[33.88129339635731,2.079858404341962],[33.88168388143498,2.077708983535103],[33.88168388143498,2.07661576542688],[33.88166513000169,2.076073580530078],[33.88117590659965,2.075095775667251],[33.88113691308649,2.074558364699271],[33.880811802347125,2.074146331183158],[33.88058994452308,2.073691558016662],[33.88058994452308,2.073144947219475],[33.88002159772077,2.07222069387592],[33.879848631126436,2.071702133346321],[33.879779878451416,2.070077584253568],[33.88593036659654,2.063812299453787],[33.8876002883041,2.058532898540875],[33.88797401800497,2.058217111947386],[33.88894484695305,2.056952363948994],[33.88933153319766,2.05664045470121],[33.88986217073108,2.056507880542085],[33.89033019928229,2.056264799459882],[33.89071911140985,2.055881260203535],[33.89120833481189,2.055636805488064],[33.89160504665551,2.055264080812776],[33.89246930873986,2.054827524573057],[33.892825995822704,2.054519841385172],[33.89289673362663,2.052950682182427],[33.892525537207916,2.051962414120339],[33.89213877205384,2.051575896926977],[33.89158532809222,2.050041531060288],[33.89091827199758,2.049198910706139],[33.89065320435634,2.048724734468692],[33.88910614409633,2.047178662415888],[33.88821806206835,2.0465644566832],[33.887831297005505,2.046177938278049],[33.88586212151279,2.045265293091745],[33.88523439174702,2.044397836131452],[33.88498978027286,2.0439089244461],[33.88496569186691,2.041728124211147],[33.8844016433186,2.040803155176945],[33.88422867658255,2.040284584745564],[33.88200129934398,2.037618536988589],[33.87752024480767,2.028276471381787],[33.87708523122234,2.027289868529579],[33.87703464978375,2.025275576131094],[33.87913705968805,2.011404864452118],[33.87845942274009,2.010977808087318],[33.876894793580675,2.010445146464747],[33.876573145522116,2.008870070589353],[33.87697290459596,2.008415471042326],[33.88002884691508,2.007097174126784],[33.88202079548063,2.005533504316816],[33.88255561197661,2.004900781850552],[33.88265390563498,2.003290784306046],[33.88298293142702,2.002765493048798],[33.88298293142702,2.001911376768703],[33.88431490469378,1.999824332045705],[33.886080868621775,1.99811276220538],[33.886841829360435,1.997726003896616],[33.88744614977105,1.99712205067425],[33.888151786514925,1.996802900253499],[33.88853399262331,1.996038952349409],[33.888538079155126,1.992623434460654],[33.889383579443404,1.992614302335198],[33.88982003615098,1.992196374100786],[33.89073741997356,1.982239398183424],[33.89113939719857,1.981498226839392],[33.892739397330956,1.980906006491239],[33.893448264070855,1.98044701036747],[33.89465690489186,1.979239091052989],[33.89494786503286,1.978505410708067],[33.89494786503286,1.976797152221764],[33.89215297621524,1.972934785729194],[33.89110199314683,1.9672038119121],[33.88780203464552,1.964973650211618],[33.886996519821764,1.964855126156351],[33.886401483862414,1.964595676433134],[33.8819837027354,1.957023381457873],[33.88124617458948,1.956740817853529],[33.88039958522603,1.956721397507351],[33.87971389937303,1.956313748054129],[33.8788592615777,1.956313747912191],[33.87800462345706,1.955459607703119],[33.877231350288184,1.955263289242794],[33.87614582609888,1.954254556490355],[33.87579471148524,1.953751325595022],[33.87571850739971,1.950410917970714],[33.87684207875333,1.949559761154035],[33.877250702694425,1.949053542283821],[33.88064169539865,1.947345254060792],[33.882250094948404,1.946918181735043],[33.883923696558725,1.946832104437931],[33.88463700830533,1.946491109296289],[33.88597416484936,1.943306593096906],[33.88342306113867,1.93708268503741],[33.88472887470226,1.936009477397306],[33.886949026463014,1.934737650922045],[33.88823556160173,1.933637309131939],[33.891162601580675,1.932276510114093],[33.89195663144346,1.931081801267055],[33.8919811311963,1.925967019380835],[33.894093226736175,1.923674936935413],[33.89396504163665,1.921165531941938],[33.890406477919896,1.9180360441228],[33.88842691263858,1.915472518763011],[33.887256122030294,1.913459124745827],[33.887256122030294,1.911750800746404],[33.88682880256181,1.911323719247889],[33.88682880256181,1.91046955622221],[33.88514519442924,1.906824210419074],[33.88486741644448,1.906016990777346],[33.88459715614073,1.904352492370151],[33.88374539194285,1.901982862709133],[33.88302957413856,1.901647905991638],[33.87999232474044,1.896523520147127],[33.876574031435325,1.896522894150451],[33.87541697350139,1.895794440646171],[33.874449271446565,1.894412896989593],[33.87369758181319,1.894018185202071],[33.87325754116978,1.893311994364012],[33.870844272024215,1.891224235125264],[33.87009467553037,1.890970779737074],[33.869667356831144,1.890543693690859],[33.86802676431563,1.890475047303823],[33.86360132200474,1.887829003916409],[33.86075439384109,1.884991560783305],[33.856483530698654,1.884985944835762],[33.85580356632141,1.884564472635361],[33.85494892802478,1.884564472635361],[33.85349791617739,1.883201989957058],[33.85273901668518,1.882001943451826],[33.85167933604487,1.881038521054847],[33.84920822589601,1.877714561754715],[33.84788813205233,1.876713051891784],[33.846183766412594,1.872984783667277],[33.846660811299216,1.868613039801176],[33.84580617317857,1.865318186986258],[33.845797559358516,1.863611213108982],[33.844986778610576,1.861180154825604],[33.844951535007,1.854352359615632],[33.84751544899865,1.85088705489801],[33.84708813029965,1.847571105862642],[33.848223063626165,1.846366468698193],[33.85035636928825,1.844945002743657],[33.85729061995346,1.841908300643581],[33.857771106762414,1.841253025160313],[33.85734511307834,1.840575189369929],[33.85734378780745,1.838013144927231],[33.85764462265405,1.837283492129814],[33.8637535737123,1.828070824109716],[33.86303247279807,1.813132570285745],[33.86303247279807,1.80245491094098],[33.86169710028679,1.799003628966091],[33.86169710028679,1.794999483102174],[33.85969404225625,1.791662688481779],[33.859579485498045,1.789107748786421],[33.856291665931224,1.780400083809809],[33.85509727292094,1.779803175045629],[33.854461560127106,1.778647855481154],[33.8534952758244,1.762034127984521],[33.84450208142897,1.75206466117686],[33.835657345495804,1.745163601629372],[33.83250575309063,1.740576539507799],[33.82898048517819,1.737087993587579],[33.82768022797529,1.73705289486378],[33.82701254170263,1.736385515188374],[33.826977427082966,1.735085854942099],[33.826309741051205,1.734418474922393],[33.82519475940268,1.733936285292486],[33.82430668295598,1.732969209764065],[33.824227240603875,1.731713854067664],[33.82363899680638,1.730967066322592],[33.82355955497229,1.729711709339995],[33.82096825246623,1.72790659561872],[33.8171592591176,1.727709562528958],[33.816100451723116,1.727042180532919],[33.8114266493522,1.72637479740456],[33.80769709761739,1.723037880045979],[33.80761453216195,1.720450869871172],[33.806361725896465,1.719033570242402],[33.80463523219237,1.717698799039169],[33.801964488331635,1.717698799085667],[33.801605357571134,1.716722996025453],[33.801605357571134,1.714053448562368],[33.802273043880746,1.712995114635021],[33.802273043880746,1.710325561975765],[33.801778297557746,1.709195624087783],[33.800791123699355,1.708355371853258],[33.79954171266621,1.707991397974808],[33.7984703171698,1.707223892392392],[33.79588381954164,1.707020593210245],[33.792143673076396,1.705685813640514],[33.79167073420592,1.704937791902637],[33.80285594603998,1.699011899863876],[33.80335290399,1.697932514217428],[33.80360841560184,1.696703517899721],[33.80360841560184,1.691364364649928],[33.80430273156958,1.688987677141256],[33.805497124385,1.688390740097816],[33.80561147363244,1.687126588396438],[33.80615131350743,1.686331401250811],[33.80672760698244,1.685885854654912],[33.8078778072055,1.684996606700167],[33.80921317893262,1.684996606511902],[33.81104746328424,1.682279785068886],[33.81224185678229,1.681682846033254],[33.8131958408801,1.680752501261509],[33.816488796865656,1.678559190403973],[33.82028142358746,1.677655222359363],[33.82829365596854,1.677655222359363],[33.829439074228105,1.678113614783115],[33.830687835194226,1.678322621803886],[33.849383044375145,1.678322622076223],[33.85138610247054,1.678990021565141],[33.854056846150456,1.678990021570655],[33.855783339854554,1.677655222707358],[33.85711871214659,1.677655222359363],[33.8593910369176,1.676471859861067],[33.861920802352245,1.675874918987631],[33.86503553089324,1.673913594541489],[33.87799717664427,1.662972370769694],[33.87925182395725,1.662777566933869],[33.880391355759855,1.662304966459033],[33.88133588577193,1.661361786427733],[33.88250897108986,1.660970155675898],[33.8830630537509,1.660189194388067],[33.88384434315333,1.659635344235824],[33.88425205754851,1.659479804724072],[33.88840454189318,1.657562613895266],[33.89114582702382,1.654963497104802],[33.893263441931424,1.653628681615942],[33.89883843231627,1.651626456699375],[33.911200451054356,1.642950125716823],[33.91250812030586,1.642883271782011],[33.91359463084194,1.64228271378613],[33.91493000278922,1.642282713779025],[33.91577966891083,1.641797207630304],[33.918268433064384,1.641615301903414],[33.92384342300818,1.639613064698381],[33.92651416734833,1.639613064698381],[33.931540417248186,1.638278239149258],[33.93554653343881,1.638278239149258],[33.93754959152477,1.637610825775312],[33.94422645185165,1.637610825930892],[33.94812421751527,1.636943412490496],[33.96014256587341,1.636943412057065],[33.96120137326784,1.637610825775312],[33.963853063442684,1.637629872158413],[33.964539803699495,1.638278239149258],[33.96721054782654,1.638278239149258],[33.96960472734372,1.638945652145082],[33.97628158766133,1.638945652145082],[33.97694927369315,1.639613064918649],[33.980955389883775,1.639613064918649],[33.982247458568,1.639796425864631],[33.98346851428994,1.640280477527028],[33.9848038867832,1.640280477469503],[33.9873170116191,1.640947889797758],[33.989987755393486,1.640947890133134],[33.99795253670601,1.646954590860844],[34.00568820450212,1.648956820416345],[34.2135676390476,1.645619769440714],[34.2135676390476,1.880533826305964],[34.21223226732661,1.881868478315482],[34.21013840399377,1.953392586300367],[34.21287324582465,2.009595863554068],[34.209317951085325,2.03281441123238],[34.207677046166566,2.071248959492152]]]}},{"type":"Feature","id":"gb:47994165B8099782863608","properties":{"id":"gb:47994165B8099782863608","name":"Soroti","parentId":"gb:17295835B57878138064711","level":"ADM2","countryCode":"UG"},"geometry":{"type":"Polygon","coordinates":[[[33.63385591884361,2.378281421779661],[33.611931970728165,2.35821809618426],[33.60684610687849,2.356267244422213],[33.606313917864384,2.355273280403537],[33.60394186062058,2.354265878470812],[33.60193880252518,2.352264509645295],[33.59927638589244,2.352244422412127],[33.598209250944365,2.351597386065123],[33.59153239062675,2.351597386065123],[33.59047358317298,2.350930262165889],[33.578455234237026,2.350930261733311],[33.57606105508415,2.351597386065123],[33.574334561417515,2.352931633306525],[33.56669664918894,2.354933001109714],[33.564970156076924,2.356267244422213],[33.56390913015008,2.356541358815434],[33.56324144453748,2.358542721672165],[33.5607951759132,2.361379920866],[33.55796242400464,2.364210264400811],[33.55678457959152,2.364829892938303],[33.553634124161476,2.369609610467762],[33.552558468029474,2.369869104292263],[33.550678777418284,2.371487692483186],[33.549538966065825,2.371959413369382],[33.54859471542437,2.372902854659287],[33.54727689093255,2.372945181918283],[33.5444234882936,2.375069162841726],[33.54040959096301,2.377614968427793],[33.539074218668645,2.37761496833059],[33.53840653286761,2.378282079496898],[33.529189456917834,2.378151663429094],[33.52772355635955,2.375613633285525],[33.52651871279062,2.375483216965677],[33.525720497865564,2.374946520616788],[33.52304975413716,2.372278068271669],[33.52251259660022,2.371480537605635],[33.522512596918034,2.370146308707774],[33.521844910568404,2.36947919358181],[33.521844910568404,2.368382118338468],[33.521844910568404,2.36414226204937],[33.53119251501306,2.34920388082611],[33.53119251501306,2.34786963042194],[33.53485901218096,2.339928443047938],[33.535386023407455,2.33625345586421],[33.53647094858593,2.334315063311408],[33.53653400313243,2.330338361926522],[33.53741519922221,2.329368795827463],[33.53786937533067,2.328222496991543],[33.53788732481644,2.313552882642114],[33.53853706116314,2.312487509036259],[33.53853706116314,2.300478897567302],[33.53786937533067,2.299420942622362],[33.53772943411224,2.298226473837644],[33.53466756897495,2.295557875323766],[33.51575787667389,2.282881965255115],[33.50253334347525,2.276210388621621],[33.483873227678146,2.263620661509037],[33.48257365209963,2.263534308016858],[33.48190889519606,2.262450075635854],[33.47978069016824,2.261421613999801],[33.47978069016824,2.256084275513786],[33.48044837647785,2.255417106600419],[33.48044837647785,2.250079746979111],[33.481116062787635,2.249412575315432],[33.481862438682754,2.246109283394162],[33.48601570611248,2.240183343660419],[33.49665562003554,2.232177213046327],[33.50368053944902,2.229508492649813],[33.504485073742615,2.228978056621372],[33.5050159115126,2.228174130840159],[33.50768665563959,2.228174130840159],[33.50889549617875,2.227638539860607],[33.51153515253907,2.227506949482006],[33.51249730586642,2.227134013148998],[33.513832678187384,2.225799649009616],[33.515932389851116,2.224838221074322],[33.51660007616073,2.224171037928215],[33.51771157783139,2.223630975407332],[33.51899425527614,2.223503855378169],[33.519841852473235,2.223016446871497],[33.52233268585951,2.222836671517996],[33.5458430914598,2.206176230806136],[33.5467049504349,2.205178712866996],[33.547216979595134,2.203965113366621],[33.5492200376259,2.187837943050795],[33.54988772390226,2.187170743990919],[33.55019271994087,2.186141118778778],[33.55086040625048,2.185473918281275],[33.55122309565661,2.184501943164719],[33.552558468029474,2.182776703393017],[33.55513475925551,2.18023069041908],[33.55613575916317,2.179658928875199],[33.557775054057515,2.177592304755194],[33.560627563755816,2.175465879777732],[33.56190607211937,2.175409056505089],[33.56241840647863,2.174286710030628],[33.56597525865891,2.172797058052367],[33.56664294430806,2.172129851572436],[33.567915246759924,2.172066827241963],[33.57196596003314,2.168082043783727],[33.57504629841378,2.166792192381706],[33.575927479141114,2.165947483584375],[33.57794468468609,2.164776427678078],[33.578965948035716,2.163939623725923],[33.58525202862211,2.161454513780882],[33.58573090621712,2.160331803870065],[33.5869785221077,2.158785667502002],[33.59061657175624,2.156573731810113],[33.59216239090057,2.154115175475056],[33.602177681547005,2.149444668659669],[33.608854541455344,2.149444668745275],[33.616137449365,2.151595019827539],[33.61708170000122,2.152538604466201],[33.61732401311019,2.153772735310497],[33.618707824543435,2.155449603063744],[33.61999475680449,2.155498008536995],[33.62069669497765,2.156151044319756],[33.62266550114481,2.157223278752042],[33.62266550114481,2.1585577044047],[33.62522267687359,2.162121724593533],[33.626671617206114,2.166793179821866],[33.62667091831679,2.181471409251117],[33.62600393152303,2.182529738327219],[33.62600393152303,2.185198542659748],[33.62166999770142,2.195142271619318],[33.62072574705985,2.196085829041181],[33.61950808701806,2.1984561012938],[33.61799169877395,2.200529455240257],[33.61655541211047,2.203488220165241],[33.615445158199634,2.204031300746465],[33.615320955014965,2.205314275739738],[33.614828919020624,2.206156986954682],[33.614653268983204,2.207315848926385],[33.614653268983204,2.215322114697813],[33.615812991009136,2.21549763344666],[33.61793060591674,2.21816637877771],[33.6189894133704,2.218833564358476],[33.62032478526345,2.220167934514336],[33.62250774511813,2.221344665978961],[33.62377777240499,2.22150230367015],[33.62444545808313,2.222169487577901],[33.62533624548519,2.222613738395012],[33.6285979231788,2.22676307370466],[33.6300100477136,2.228065668693887],[33.63110735590408,2.228722370006551],[33.632491270129265,2.230464097989056],[33.63418862953853,2.23168236793083],[33.63535153563828,2.233478933849653],[33.636654246412206,2.233511570881888],[33.6373219326922,2.234178749450848],[33.6386573044428,2.234178749794012],[33.639324990752414,2.234845927505489],[33.644666479041575,2.23484592778226],[33.64733722287497,2.233511570881888],[33.652711372502665,2.219071117394208],[33.66589446730069,2.200152254291197],[33.66606509330575,2.19765397691566],[33.6665621536103,2.196816281852819],[33.66673277946046,2.195652391135866],[33.66673277946046,2.192983605416543],[33.667897525331455,2.191478709380988],[33.66962401903555,2.186141118778778],[33.67207426739776,2.183251980902639],[33.67207426739776,2.180583172901038],[33.67118608600839,2.177467492800815],[33.66877548389277,2.174171087625837],[33.66533891948461,2.170128231471438],[33.66268530601678,2.168752488985149],[33.66072360517467,2.165008486183297],[33.66072360517467,2.155667525556282],[33.665527389534475,2.145441365929798],[33.68008650009568,2.132290847044203],[33.689078063285365,2.1280935999294],[33.68974574931718,2.127426374252195],[33.69076947660392,2.125389639455364],[33.691398049645386,2.124443398011579],[33.692348645776065,2.123602982270654],[33.69367012884908,2.121421330271176],[33.694775592942676,2.121191579302319],[33.69544327882613,2.120524350751509],[33.69567318687962,2.119419643794004],[33.69700855921502,2.119419643637116],[33.69767624491038,2.118752414093706],[33.698944278720944,2.118589955611469],[33.702306984741426,2.116750724166479],[33.70358763109533,2.11661869459374],[33.70536885016662,2.115416263077975],[33.70843071608829,2.114081800213171],[33.710433774183684,2.114749031645943],[33.711769146241636,2.114749031654242],[33.71300220883478,2.114315937249501],[33.713614584974096,2.11341456884395],[33.714806173747206,2.113270882922336],[33.71671534116297,2.112173931216148],[33.717344136632164,2.111412871614107],[33.71852283865104,2.111034893126885],[33.719467089287264,2.110091283050394],[33.720606900465896,2.109619478246259],[33.72938652830129,2.098068160230184],[33.72949526644601,2.096842347633356],[33.73005421458373,2.096066443399536],[33.730162952082935,2.092171667988339],[33.72949526644601,2.091504426880817],[33.72949526644601,2.079494038855216],[33.7228184061284,2.071096196811197],[33.7228184061284,2.069761696514661],[33.72148303365071,2.067092692508595],[33.72148303365071,2.061754671599203],[33.722150719960325,2.059752908129894],[33.722150719960325,2.055749375443384],[33.7228184061284,2.053747605545084],[33.72348609215999,2.042404193921755],[33.7228184061284,2.040402407073657],[33.722150719960325,2.039735144477675],[33.722150719960325,2.038400617419086],[33.71841534959765,2.033344706414027],[33.717476917589465,2.032948016170167],[33.71413848771539,2.029611683586779],[33.71347080152816,2.027609880641876],[33.71704416408261,2.017997524470218],[33.722984528122254,2.009156945470863],[33.726599523098685,2.006878722953559],[33.728509383613584,2.004652030798468],[33.72882758036178,2.003635478031356],[33.72949526644601,2.002968199695658],[33.72949526644601,1.998964526282236],[33.730162952082935,1.996962686213067],[33.730162952082935,1.994293561714017],[33.7388428705151,1.985661914575815],[33.74248772792532,1.979962581552172],[33.74315541359789,1.979295294204292],[33.74418435914464,1.978989049932238],[33.745519730916556,1.977654474191127],[33.74618741722634,1.975652607153279],[33.74618741724004,1.972983448906689],[33.745519730916556,1.9719252691051],[33.743486810846775,1.969953240321445],[33.74218130104941,1.969923395703859],[33.73951055682471,1.96686333646835],[33.7385451903894,1.966319274450484],[33.738030765780366,1.963947606694262],[33.737507498794,1.963135978758942],[33.73736307934087,1.959276543328997],[33.734836754453795,1.955128429168553],[33.734836754453795,1.952459238372342],[33.73416906866822,1.951791939461657],[33.733501382636405,1.94939914725586],[33.733501382636405,1.94672994668332],[33.734704609168716,1.94659787741557],[33.73537229499175,1.945930576330284],[33.74471989964513,1.94593057655959],[33.74778176515878,1.947265178333737],[33.75178788122008,1.947265178333737],[33.760420348812374,1.95393816937883],[33.769767953256974,1.95393816937883],[33.77188556816458,1.955272764474444],[33.773220940094234,1.95660735823418],[33.774265244188314,1.9573096483374],[33.77709799609687,1.960140745093213],[33.7791396008364,1.964614900751428],[33.7809070908915,1.965908514745649],[33.78487221060175,1.965949486994191],[33.786916265046955,1.966966698571412],[33.788919323077664,1.970141246127241],[33.79092238110837,1.97610382119791],[33.79610772732104,1.980551844524996],[33.79759924150983,1.983906321903532],[33.79893461374911,1.988810677214531],[33.79893461374911,1.990145244341591],[33.79952941265208,1.99123358540578],[33.80141791393504,1.993120945245551],[33.802273043880746,1.993710632503905],[33.80694684613013,1.994377914092468],[33.80840825340374,1.995977401610332],[33.80998327553584,1.999011985984339],[33.81092752617724,1.999955661710715],[33.81095296231291,2.001279690605031],[33.812288334034065,2.004339685580305],[33.81203720550468,2.006904836223157],[33.81095296231291,2.008734226510057],[33.810874377647565,2.009990241326477],[33.80700144944791,2.014552021951545],[33.80400707767802,2.015995707270918],[33.80360841560184,2.016931837600794],[33.80379864464294,2.020856720106906],[33.80568714591527,2.022744045741376],[33.809839163597076,2.02600476790758],[33.81117453537115,2.026004767787526],[33.81184222168076,2.026672036578475],[33.814291392064604,2.026893471021367],[33.814291392064604,2.028228007595601],[33.814959078374216,2.028895274572392],[33.815587879843235,2.029969514563732],[33.81663058072695,2.036013766691156],[33.82109447903747,2.041478020109082],[33.837562349842415,2.042686398033709],[33.849695255053064,2.034011971518851],[33.87752024480767,2.028276471381787],[33.88200129934398,2.037618536988589],[33.88422867658255,2.040284584745564],[33.8844016433186,2.040803155176945],[33.88496569186691,2.041728124211147],[33.88498978027286,2.0439089244461],[33.88523439174702,2.044397836131452],[33.88586212151279,2.045265293091745],[33.887831297005505,2.046177938278049],[33.88821806206835,2.0465644566832],[33.88910614409633,2.047178662415888],[33.89065320435634,2.048724734468692],[33.89091827199758,2.049198910706139],[33.89158532809222,2.050041531060288],[33.89213877205384,2.051575896926977],[33.892525537207916,2.051962414120339],[33.89289673362663,2.052950682182427],[33.892825995822704,2.054519841385172],[33.89246930873986,2.054827524573057],[33.89160504665551,2.055264080812776],[33.89120833481189,2.055636805488064],[33.89071911140985,2.055881260203535],[33.89033019928229,2.056264799459882],[33.88986217073108,2.056507880542085],[33.88933153319766,2.05664045470121],[33.88894484695305,2.056952363948994],[33.88797401800497,2.058217111947386],[33.8876002883041,2.058532898540875],[33.88593036659654,2.063812299453787],[33.879779878451416,2.070077584253568],[33.879848631126436,2.071702133346321],[33.88002159772077,2.07222069387592],[33.88058994452308,2.073144947219475],[33.88058994452308,2.073691558016662],[33.880811802347125,2.074146331183158],[33.88113691308649,2.074558364699271],[33.88117590659965,2.075095775667251],[33.88166513000169,2.076073580530078],[33.88168388143498,2.07661576542688],[33.88168388143498,2.077708983535103],[33.88129339635731,2.079858404341962],[33.879769492093374,2.08452029811059],[33.879769492093374,2.088893143592202],[33.88004297629203,2.09212841892429],[33.88040237359667,2.093688316122211],[33.881403736423636,2.095508914600373],[33.88141039728498,2.0965993620527],[33.88250433407944,2.098928238778683],[33.88277781827816,2.099908236459214],[33.88278670178681,2.100452741994104],[33.883031313623576,2.100941636334539],[33.88305130235034,2.101483521170564],[33.88317821094381,2.101991722533171],[33.88348161423602,2.102446521622767],[33.88388504763009,2.103454572159308],[33.88833283657061,2.107352759778223],[33.88878745686793,2.107629545492046],[33.889306356957036,2.107802394918565],[33.89094536446896,2.107814081035542],[33.89781944920168,2.117239349793692],[33.89781944920168,2.119972322355409],[33.89809293331774,2.120952306396873],[33.898813895606565,2.122373321054965],[33.89950415422214,2.123206297857166],[33.899763692846705,2.123680268475653],[33.900252916248746,2.123924711700283],[33.90110121423618,2.12530503868453],[33.90148795333914,2.125691556590766],[33.90164822798209,2.126171805980164],[33.90192171206053,2.126445102220544],[33.90253239218049,2.128438718289601],[33.90312213346954,2.129344090636437],[33.904078792094595,2.131802675523602],[33.90410958576956,2.13758148361768],[33.90274216477661,2.14334256356392],[33.89665714135742,2.155743177028],[33.89025309418645,2.162148413391037],[33.88971065728197,2.16364805896302],[33.88868678357227,2.164988915291929],[33.887867716764276,2.166477281483822],[33.8845464078052,2.174302398843395],[33.88426488856993,2.175098678830921],[33.88426488856993,2.180222804432105],[33.8843638665943,2.1810358553941],[33.885546845565784,2.182254241398141],[33.885546845565784,2.189940387126342],[33.88255561197661,2.198324619874086],[33.8818206795454,2.19929824630708],[33.88170097424603,2.200032637586219],[33.879991697984906,2.200886645621722],[33.87875612976313,2.203568283105881],[33.874287741422904,2.206984303729769],[33.87272727381037,2.208841009668106],[33.872319890064034,2.209526393723706],[33.87229995491896,2.210372144928954],[33.87187263551368,2.210799146305646],[33.87187263551368,2.211653147320249],[33.87147350935078,2.212108319945003],[33.871445316798315,2.212934149400667],[33.86888140243627,2.21735066994853],[33.86888140243627,2.230160587496584],[33.868454083225345,2.230587582895055],[33.868454083225345,2.239127463484749],[33.869308721496566,2.241939544073944],[33.869308721496566,2.253895270277496],[33.87175791048901,2.258963002369399],[33.87187263551368,2.259769492180908],[33.87187263551368,2.266601263641235],[33.87229995491896,2.267882217720398],[33.87409730253512,2.269752273096231],[33.874863869103024,2.269840275725073],[33.87571850739971,2.270694243204332],[33.87608294358739,2.27139737376757],[33.876573145522116,2.271798330555328],[33.876573145522116,2.273506262342266],[33.87747057177006,2.27662675208478],[33.878709740823865,2.278425645966081],[33.877855102692195,2.2809875311778],[33.87834227142423,2.281400394133357],[33.878990421326705,2.282976123616436],[33.88041901668407,2.284809587369182],[33.88053206565513,2.285550587242369],[33.88165575248854,2.287213317182591],[33.88383756954761,2.28819788012413],[33.884200179324296,2.288901758492557],[33.88511952672877,2.289979050251475],[33.88553397899608,2.290661470700115],[33.885546845565784,2.291510100377593],[33.886401483862414,2.292614172897572],[33.88656561847125,2.293400193929642],[33.88688392294296,2.294090144236691],[33.88811076015094,2.295676265970542],[33.88811076015094,2.296530217921145],[33.888538079155126,2.297207309978205],[33.88859551743434,2.298047712923676],[33.88982003615098,2.299668367011577],[33.88984759637884,2.300494778532141],[33.89323858843932,2.304764518855734],[33.894093226736175,2.304764518855734],[33.89947927903945,2.315469427048497],[33.742394960579475,2.411503800821265],[33.742394960579475,2.411894016479948],[33.740899442983846,2.413211562257857],[33.74022180603572,2.414492381743685],[33.73980519517522,2.414945149635514],[33.73667596123431,2.417135870539369],[33.735902859406735,2.417480956465795],[33.73507233045058,2.417539110083169],[33.72950830212466,2.421390426379673],[33.7291480696108,2.422095220876372],[33.727697921761546,2.423458085785455],[33.72701147431832,2.424730093121582],[33.726413384020475,2.425336450538794],[33.72609914056682,2.426048526565921],[33.72533472899312,2.426430389723578],[33.72530219772494,2.427264174431855],[33.7249112496761,2.427727447717928],[33.724874879025776,2.428544980636616],[33.72355597611869,2.429435188466016],[33.72275035170071,2.429642627647922],[33.72039650481315,2.430642014544162],[33.71794548243486,2.431142927655912],[33.71284468548987,2.431077726364038],[33.712140017172544,2.430715993046817],[33.7106077422585,2.43028905833097],[33.70950278645074,2.429435188715559],[33.707339430095885,2.426842868902554],[33.70607284009179,2.424732099058645],[33.705645521391375,2.424305162468045],[33.705638718450984,2.423458086099686],[33.7017996495066,2.421670289814983],[33.70144083679213,2.420964907021755],[33.70051769251074,2.419889288046363],[33.69980487663776,2.418476529958809],[33.699235735486525,2.417858188840739],[33.69889839629491,2.417143917461431],[33.696671821124596,2.41482389939614],[33.69581718300401,2.412866044227655],[33.692069898405634,2.408613712996555],[33.691303295882676,2.407180361592907],[33.69110958892941,2.406373426171001],[33.68983471604787,2.404589472151997],[33.688921151486454,2.403759973144361],[33.687533523303784,2.40280050868023],[33.685720562072106,2.400989140235311],[33.68499108268094,2.400687245457675],[33.684003844552876,2.399549410818167],[33.68290931113074,2.398651410464993],[33.68214489916238,2.398269539322087],[33.68075686790996,2.39645674007329],[33.679785773922504,2.394426068790779],[33.67912090760797,2.393968317769122],[33.677132240588094,2.391244485387972],[33.67658782528929,2.390845156980106],[33.674868387717424,2.388230262034028],[33.67357238130893,2.387143778588268],[33.671230131797586,2.384064494409301],[33.66946332526737,2.382611332678835],[33.6688960818214,2.382242290980287],[33.66823932621219,2.382044580194247],[33.667879207784495,2.38145553416291],[33.66713437056484,2.381190680122359],[33.66670705161539,2.380763729841362],[33.66585241349475,2.380763729841362],[33.664997775272354,2.379909829471217],[33.66303818132832,2.379055928076639],[33.66218354303169,2.379055928076639],[33.65367862895346,2.370682777527009],[33.6450030143896,2.368382118339753],[33.63801927676889,2.372651651953504],[33.63483136886805,2.376373513793226],[33.63385591884361,2.378281421779661]]]}},{"type":"Feature","id":"gb:47994165B16908800154052","properties":{"id":"gb:47994165B16908800154052","name":"Amuria","parentId":"gb:17295835B57878138064711","level":"ADM2","countryCode":"UG"},"geometry":{"type":"Polygon","coordinates":[[[33.86169710028679,1.799003628966091],[33.86236478659663,1.801396627333531],[33.86303247279807,1.80245491094098],[33.86303247279807,1.813132570285745],[33.8637535737123,1.828070824109716],[33.85764462265405,1.837283492129814],[33.85734378780745,1.838013144927231],[33.85734511307834,1.840575189369929],[33.857771106762414,1.841253025160313],[33.85729061995346,1.841908300643581],[33.85035636928825,1.844945002743657],[33.848223063626165,1.846366468698193],[33.84708813029965,1.847571105862642],[33.84751544899865,1.85088705489801],[33.844951535007,1.854352359615632],[33.844986778610576,1.861180154825604],[33.845797559358516,1.863611213108982],[33.84580617317857,1.865318186986258],[33.846660811299216,1.868613039801176],[33.846183766412594,1.872984783667277],[33.84788813205233,1.876713051891784],[33.84920822589601,1.877714561754715],[33.85167933604487,1.881038521054847],[33.85273901668518,1.882001943451826],[33.85349791617739,1.883201989957058],[33.85494892802478,1.884564472635361],[33.85580356632141,1.884564472635361],[33.856483530698654,1.884985944835762],[33.86075439384109,1.884991560783305],[33.86360132200474,1.887829003916409],[33.86802676431563,1.890475047303823],[33.869667356831144,1.890543693690859],[33.87009467553037,1.890970779737074],[33.870844272024215,1.891224235125264],[33.87325754116978,1.893311994364012],[33.87369758181319,1.894018185202071],[33.874449271446565,1.894412896989593],[33.87541697350139,1.895794440646171],[33.876574031435325,1.896522894150451],[33.87999232474044,1.896523520147127],[33.88302957413856,1.901647905991638],[33.88374539194285,1.901982862709133],[33.88459715614073,1.904352492370151],[33.88486741644448,1.906016990777346],[33.88514519442924,1.906824210419074],[33.88682880256181,1.91046955622221],[33.88682880256181,1.911323719247889],[33.887256122030294,1.911750800746404],[33.887256122030294,1.913459124745827],[33.88842691263858,1.915472518763011],[33.890406477919896,1.9180360441228],[33.89396504163665,1.921165531941938],[33.894093226736175,1.923674936935413],[33.8919811311963,1.925967019380835],[33.89195663144346,1.931081801267055],[33.891162601580675,1.932276510114093],[33.88823556160173,1.933637309131939],[33.886949026463014,1.934737650922045],[33.88472887470226,1.936009477397306],[33.88342306113867,1.93708268503741],[33.88597416484936,1.943306593096906],[33.88463700830533,1.946491109296289],[33.883923696558725,1.946832104437931],[33.882250094948404,1.946918181735043],[33.88064169539865,1.947345254060792],[33.877250702694425,1.949053542283821],[33.87684207875333,1.949559761154035],[33.87571850739971,1.950410917970714],[33.87579471148524,1.953751325595022],[33.87614582609888,1.954254556490355],[33.877231350288184,1.955263289242794],[33.87800462345706,1.955459607703119],[33.8788592615777,1.956313747912191],[33.87971389937303,1.956313748054129],[33.88039958522603,1.956721397507351],[33.88124617458948,1.956740817853529],[33.8819837027354,1.957023381457873],[33.886401483862414,1.964595676433134],[33.886996519821764,1.964855126156351],[33.88780203464552,1.964973650211618],[33.89110199314683,1.9672038119121],[33.89215297621524,1.972934785729194],[33.89494786503286,1.976797152221764],[33.89494786503286,1.978505410708067],[33.89465690489186,1.979239091052989],[33.893448264070855,1.98044701036747],[33.892739397330956,1.980906006491239],[33.89113939719857,1.981498226839392],[33.89073741997356,1.982239398183424],[33.88982003615098,1.987925760823543],[33.88982003615098,1.992196374100786],[33.889383579443404,1.992614302335198],[33.888538079155126,1.992623434460654],[33.88853399262331,1.996038952349409],[33.888151786514925,1.996802900253499],[33.88744614977105,1.99712205067425],[33.886841829360435,1.997726003896616],[33.886080868621775,1.99811276220538],[33.88431490469378,1.999824332045705],[33.88298293142702,2.001911376768703],[33.88298293142702,2.002765493048798],[33.88265390563498,2.003290784306046],[33.88255561197661,2.004900781850552],[33.88202079548063,2.005533504316816],[33.88002884691508,2.007097174126784],[33.87697290459596,2.008415471042326],[33.876573145522116,2.008870070589353],[33.876894793580675,2.010445146464747],[33.87845942274009,2.010977808087318],[33.87913705968805,2.011404864452118],[33.87703464978375,2.025275576131094],[33.87708523122234,2.027289868529579],[33.87752024480767,2.028276471381787],[33.849695255053064,2.034011971518851],[33.837562349842415,2.042686398033709],[33.82109447903747,2.041478020109082],[33.81663058072695,2.036013766691156],[33.815587879843235,2.029969514563732],[33.814959078374216,2.028895274572392],[33.814291392064604,2.028228007595601],[33.814291392064604,2.026893471021367],[33.81184222168076,2.026672036578475],[33.81117453537115,2.026004767787526],[33.809839163597076,2.02600476790758],[33.80568714591527,2.022744045741376],[33.80379864464294,2.020856720106906],[33.80360841560184,2.016931837600794],[33.80400707767802,2.015995707270918],[33.80700144944791,2.014552021951545],[33.810874377647565,2.009990241326477],[33.81095296231291,2.008734226510057],[33.81203720550468,2.006904836223157],[33.812288334034065,2.004339685580305],[33.81095296231291,2.001279690605031],[33.81092752617724,1.999955661710715],[33.80998327553584,1.999011985984339],[33.80840825340374,1.995977401610332],[33.80694684613013,1.994377914092468],[33.802273043880746,1.993710632503905],[33.80141791393504,1.993120945245551],[33.79952941265208,1.99123358540578],[33.79893461374911,1.990145244341591],[33.79893461374911,1.988810677214531],[33.79759924150983,1.983906321903532],[33.79610772732104,1.980551844524996],[33.79092238110837,1.97610382119791],[33.788919323077664,1.970141246127241],[33.786916265046955,1.966966698571412],[33.78487221060175,1.965949486994191],[33.7809070908915,1.965908514745649],[33.7791396008364,1.964614900751428],[33.77709799609687,1.960140745093213],[33.774265244188314,1.9573096483374],[33.773220940094234,1.95660735823418],[33.77188556816458,1.955272764474444],[33.769767953256974,1.95393816937883],[33.760420348812374,1.95393816937883],[33.75178788122008,1.947265178333737],[33.74778176515878,1.947265178333737],[33.74471989964513,1.94593057655959],[33.73537229499175,1.945930576330284],[33.734704609168716,1.94659787741557],[33.733501382636405,1.94672994668332],[33.733501382636405,1.94939914725586],[33.73416906866822,1.951791939461657],[33.734836754453795,1.952459238372342],[33.734836754453795,1.955128429168553],[33.73736307934087,1.959276543328997],[33.737507498794,1.963135978758942],[33.7385451903894,1.966319274450484],[33.73951055682471,1.96686333646835],[33.74218130104941,1.969923395703859],[33.743486810846775,1.969953240321445],[33.745519730916556,1.9719252691051],[33.74618741722634,1.975652607153279],[33.745519730916556,1.976319896434177],[33.745519730916556,1.977654474191127],[33.74418435914464,1.978989049932238],[33.74315541359789,1.979295294204292],[33.74248772792532,1.979962581552172],[33.7388428705151,1.985661914575815],[33.730162952082935,1.994293561714017],[33.730162952082935,1.996962686213067],[33.72949526644601,1.998964526282236],[33.72949526644601,2.002968199695658],[33.72882758036178,2.003635478031356],[33.728509383613584,2.004652030798468],[33.726599523098685,2.006878722953559],[33.722984528122254,2.009156945470863],[33.71704416408261,2.017997524470218],[33.71347080152816,2.027609880641876],[33.71413848771539,2.029611683586779],[33.717476917589465,2.032948016170167],[33.71841534959765,2.033344706414027],[33.722150719960325,2.038400617419086],[33.722150719960325,2.039735144477675],[33.7228184061284,2.040402407073657],[33.72348609215999,2.042404193921755],[33.7228184061284,2.053747605545084],[33.722150719960325,2.055749375443384],[33.722150719960325,2.059752908129894],[33.72148303365071,2.061754671599203],[33.72148303365071,2.067092692508595],[33.722150719960325,2.06909444583664],[33.7228184061284,2.069761696514661],[33.7228184061284,2.071096196811197],[33.72949526644601,2.079494038855216],[33.72949526644601,2.091504426880817],[33.730162952082935,2.092171667988339],[33.73005421458373,2.096066443399536],[33.72949526644601,2.096842347633356],[33.72938652830129,2.098068160230184],[33.720606900465896,2.109619478246259],[33.719467089287264,2.110091283050394],[33.71852283865104,2.111034893126885],[33.717344136632164,2.111412871614107],[33.71671534116297,2.112173931216148],[33.714806173747206,2.113270882922336],[33.713614584974096,2.11341456884395],[33.71300220883478,2.114315937249501],[33.711769146241636,2.114749031654242],[33.710433774183684,2.114749031645943],[33.70976608821104,2.114081799943676],[33.70843071608829,2.114081800213171],[33.70536885016662,2.115416263077975],[33.70358763109533,2.11661869459374],[33.702306984741426,2.116750724166479],[33.698944278720944,2.118589955611469],[33.69767624491038,2.118752414093706],[33.69700855921502,2.119419643637116],[33.69567318687962,2.119419643794004],[33.69544327882613,2.120524350751509],[33.694775592942676,2.121191579302319],[33.69367012884908,2.121421330271176],[33.692348645776065,2.123602982270654],[33.691398049645386,2.124443398011579],[33.69076947660392,2.125389639455364],[33.68974574931718,2.127426374252195],[33.689078063285365,2.1280935999294],[33.68008650009568,2.132290847044203],[33.665527389534475,2.145441365929798],[33.66072360517467,2.155667525556282],[33.66072360517467,2.165008486183297],[33.66268530601678,2.168752488985149],[33.66533891948461,2.170128231471438],[33.66877548389277,2.174171087625837],[33.67118608600839,2.177467492800815],[33.67207426739776,2.180583172901038],[33.67207426739776,2.183251980902639],[33.66962401903555,2.186141118778778],[33.667897525331455,2.191478709380988],[33.66673277946046,2.192983605416543],[33.66673277946046,2.195652391135866],[33.6665621536103,2.196816281852819],[33.66606509330575,2.19765397691566],[33.66589446730069,2.200152254291197],[33.652711372502665,2.219071117394208],[33.64733722287497,2.233511570881888],[33.639324990752414,2.234845927505489],[33.6386573044428,2.234178749794012],[33.6373219326922,2.234178749450848],[33.636654246412206,2.233511570881888],[33.63535153563828,2.233478933849653],[33.63418862953853,2.23168236793083],[33.632491270129265,2.230464097989056],[33.63110735590408,2.228722370006551],[33.6300100477136,2.228065668693887],[33.6285979231788,2.22676307370466],[33.62533624548519,2.222613738395012],[33.62444545808313,2.222169487577901],[33.62377777240499,2.22150230367015],[33.62250774511813,2.221344665978961],[33.62032478526345,2.220167934514336],[33.6189894133704,2.218833564358476],[33.61793060591674,2.21816637877771],[33.615812991009136,2.21549763344666],[33.614653268983204,2.215322114697813],[33.614653268983204,2.207315848926385],[33.614828919020624,2.206156986954682],[33.615320955014965,2.205314275739738],[33.615445158199634,2.204031300746465],[33.61655541211047,2.203488220165241],[33.61799169877395,2.200529455240257],[33.61950808701806,2.1984561012938],[33.62072574705985,2.196085829041181],[33.62166999770142,2.195142271619318],[33.62600393152303,2.185198542659748],[33.62600393152303,2.182529738327219],[33.62667091831679,2.181471409251117],[33.626671617206114,2.166793179821866],[33.62522267687359,2.162121724593533],[33.62266550114481,2.1585577044047],[33.62266550114481,2.157223278752042],[33.62069669497765,2.156151044319756],[33.61999475680449,2.155498008536995],[33.618707824543435,2.155449603063744],[33.61732401311019,2.153772735310497],[33.61708170000122,2.152538604466201],[33.616137449365,2.151595019827539],[33.608854541455344,2.149444668745275],[33.602177681547005,2.149444668659669],[33.59216239090057,2.154115175475056],[33.59061657175624,2.156573731810113],[33.5869785221077,2.158785667502002],[33.58573090621712,2.160331803870065],[33.58525202862211,2.161454513780882],[33.578965948035716,2.163939623725923],[33.57794468468609,2.164776427678078],[33.575927479141114,2.165947483584375],[33.57504629841378,2.166792192381706],[33.57196596003314,2.168082043783727],[33.567915246759924,2.172066827241963],[33.56664294430806,2.172129851572436],[33.56597525865891,2.172797058052367],[33.56241840647863,2.174286710030628],[33.56190607211937,2.175409056505089],[33.560627563755816,2.175465879777732],[33.557775054057515,2.177592304755194],[33.55613575916317,2.179658928875199],[33.55513475925551,2.18023069041908],[33.552558468029474,2.182776703393017],[33.55122309565661,2.184501943164719],[33.55086040625048,2.185473918281275],[33.55019271994087,2.186141118778778],[33.54988772390226,2.187170743990919],[33.5492200376259,2.187837943050795],[33.547216979595134,2.203965113366621],[33.5467049504349,2.205178712866996],[33.5458430914598,2.206176230806136],[33.52233268585951,2.222836671517996],[33.519841852473235,2.223016446871497],[33.51899425527614,2.223503855378169],[33.51771157783139,2.223630975407332],[33.51660007616073,2.224171037928215],[33.515932389851116,2.224838221074322],[33.513832678187384,2.225799649009616],[33.51249730586642,2.227134013148998],[33.51153515253907,2.227506949482006],[33.50889549617875,2.227638539860607],[33.50768665563959,2.228174130840159],[33.5050159115126,2.228174130840159],[33.504485073742615,2.228978056621372],[33.50368053944902,2.229508492649813],[33.49665562003554,2.232177213046327],[33.48601570611248,2.240183343660419],[33.481862438682754,2.246109283394162],[33.481116062787635,2.249412575315432],[33.48044837647785,2.250079746979111],[33.47131537178666,2.248381746968278],[33.470905514664196,2.247912453988192],[33.470724950757244,2.247267094806773],[33.470228921718615,2.246385413748328],[33.46999409467935,2.245741224750191],[33.46974163688088,2.245583422448135],[33.469662513270634,2.245253466971292],[33.46867775580165,2.244346994955436],[33.467834262004374,2.243789149793031],[33.46752346613937,2.243659570569264],[33.467185681962576,2.243607609303524],[33.46659621368167,2.243253695118312],[33.46566439311374,2.242847547335145],[33.46410387932798,2.24261019585748],[33.456228030920784,2.243519418776145],[33.45598050128058,2.243766758656648],[33.45565850832156,2.243834466467888],[33.45283121816988,2.247613205268863],[33.45276220375308,2.247934430620262],[33.45258717375498,2.24821177685692],[33.45258717375498,2.248561567351601],[33.45223711376349,2.249116260033588],[33.452221479484365,2.249462361978374],[33.45181905130505,2.250023752378524],[33.44511629780368,2.252560768851708],[33.43753460357442,2.252576421561059],[33.43490915526786,2.249144670577209],[33.43490915526786,2.245296974450525],[33.43543424492918,2.244433776554956],[33.43584261189329,2.243892836425459],[33.436457752889396,2.242690148765973],[33.43829927243013,2.241118929235654],[33.43894087164085,2.240855212257827],[33.4404421231867,2.239390761189838],[33.44366064962338,2.237357714747873],[33.445974334487175,2.234974853488097],[33.446919206757514,2.233232750839477],[33.44905910605371,2.230569782800671],[33.44918287054355,2.23027121513212],[33.44943040042193,2.230023872738286],[33.44955416581007,2.229725304061503],[33.44978669561971,2.229471753529992],[33.44992546017829,2.22917939368574],[33.450159671634026,2.228922459871626],[33.45031880251281,2.228611450910591],[33.4513946063164,2.227727666868759],[33.45170770951893,2.227571233248227],[33.452203672180474,2.227077800443737],[33.453188763578964,2.226743816770295],[33.45400325272743,2.22615406797064],[33.45506104022701,2.224898750225066],[33.45561382232904,2.224020018968247],[33.45589418403125,2.223408614987079],[33.45618872993481,2.223233638209138],[33.457752948372786,2.220218576723312],[33.458130382725926,2.219639172730808],[33.45853819001712,2.219098091524643],[33.45876265819771,2.218886919107149],[33.45891272550688,2.21862481440013],[33.45940778502131,2.218130125868242],[33.4597194162252,2.217971651415667],[33.46022368716501,2.217489733666014],[33.46466423582592,2.21521126325564],[33.46530434116141,2.214451697384447],[33.465415792221165,2.214174001896367],[33.46623950506063,2.212815242387194],[33.46634569060291,2.212490491929032],[33.46709236766566,2.211325779335425],[33.46746366203388,2.209730463491383],[33.467464713961135,2.207282300862516],[33.466590323507944,2.198185226743817],[33.46676459472195,2.197907557136489],[33.467110085939794,2.196970807392063],[33.46720607701212,2.196299940180495],[33.467630074042006,2.195747030662289],[33.46763974415734,2.195401230084997],[33.467790179876886,2.195086914257388],[33.46798980349922,2.194917814688552],[33.46798980349922,2.194568011489025],[33.46816483381872,2.194290654934207],[33.46851489359295,2.193113844948925],[33.46164633754404,2.184353021855088],[33.459509742251385,2.172927356489083],[33.45822778525553,2.171396183158549],[33.45808115235343,2.170688685977382],[33.45733222151108,2.169387199384914],[33.45656781000156,2.169005267963485],[33.45523655166636,2.166928189833015],[33.45438191391929,2.166074162568634],[33.453710897903534,2.165748018803697],[33.45237709823425,2.163988157404162],[33.45224531861771,2.163188674626042],[33.45164761927202,2.162832183574949],[33.45104329856497,2.16222829396213],[33.45096336108111,2.16140735136878],[33.450108723316134,2.160553320976248],[33.45142707322748,2.157024226578358],[33.45224531861771,2.156987859402989],[33.453990987219186,2.155316160170401],[33.454809232967136,2.155279793367129],[33.45527294481366,2.15488914352062],[33.45609118996299,2.154852776904249],[33.45694582825968,2.153998742721683],[33.45727372206369,2.153280430144946],[33.45780046640198,2.152894566990199],[33.45800320104456,2.152124448320194],[33.459509742251385,2.150109859054339],[33.46164633754404,2.145190050068891],[33.4654922094299,2.141298337807427],[33.4654922094299,2.138736212000083],[33.464210252306884,2.136954859954528],[33.46348114830852,2.136652754922693],[33.463132197736286,2.135988654848177],[33.46179135976689,2.134964140282023],[33.461061880728664,2.134662189516632],[33.46045756031822,2.134058288359995],[33.45814396345639,2.133454387250993],[33.45753964325576,2.132850485335496],[33.45681933828115,2.132407391860681],[33.4560268562156,2.132192792000467],[33.4556638711004,2.131488994921028],[33.45523655166636,2.131061971782231],[33.454467933335195,2.130976011536177],[33.453228652614484,2.129098106030085],[33.45053604237643,2.126017497059138],[33.44992000798368,2.125543915272715],[33.44914055779964,2.125311246191927],[33.448459273090634,2.124814050225552],[33.44198966116983,2.122906522034725],[33.440324393982394,2.122862543218218],[33.43985306586825,2.122479496199901],[33.43733316086036,2.122435517038298],[33.43580088596923,2.122008491073302],[33.43409160945333,2.122008491230474],[33.43130212899837,2.123289568614211],[33.429638446790875,2.123482576448282],[33.42804529541439,2.124091267912263],[33.42585627430407,2.125372362802523],[33.42501399875948,2.125424695488789],[33.4245866796993,2.125851720509672],[33.42446957927359,2.126588750739074],[33.424042260574424,2.127015775974485],[33.424042260574424,2.12786982429526],[33.423572814437875,2.128540162370086],[33.423142456781875,2.130167098084428],[33.42101471348815,2.133965173355932],[33.419258678685935,2.135412269716369],[33.41592319810337,2.139750615174194],[33.4140435551181,2.142419079333536],[33.412876581580235,2.144696048146841],[33.411667941484666,2.145903842016025],[33.41136578056228,2.146632809890548],[33.41063630173613,2.146934757717247],[33.40994073164535,2.148354921136502],[33.40924662952841,2.148350579197597],[33.40846137812849,2.148056857922029],[33.40702148293252,2.147238787461049],[33.405797766411524,2.146051897246878],[33.40536769702163,2.145322495212099],[33.4047307600934,2.144813171930025],[33.40423736192429,2.144196349721256],[33.403967101372075,2.143386136069353],[33.399266647783406,2.139952366256352],[33.39694825683341,2.138916654762511],[33.38084190576029,2.121987940201166],[33.37587051457945,2.118863407040806],[33.37263241519099,2.1180995179256],[33.3718631250195,2.117738225117137],[33.37101336547323,2.117717573488505],[33.36754417784715,2.115603087645695],[33.36668953955052,2.115603087645695],[33.3649069473783,2.114322003561938],[33.36410071950792,2.114205210441696],[33.363790272785025,2.113479657786229],[33.36306908003701,2.113174272888045],[33.36180979453144,2.112207362965592],[33.36075149906878,2.110882020472957],[33.359987087495085,2.110500073997798],[33.35937382696312,2.109908558541974],[33.35907166693937,2.109179573306449],[33.357381878397746,2.107490928663083],[33.351939022922124,2.1029058082338],[33.35158693329498,2.102246046752441],[33.34994707435652,2.100488167493211],[33.34926142507891,2.096501657753151],[33.34797946789797,2.09361603950282],[33.34734353118614,2.09339748407308],[33.34712482977733,2.0927619716457],[33.3450391943789,2.090459170568238],[33.34467048895539,2.089822441902697],[33.34327895815602,2.088195747674149],[33.34327895815602,2.083071315721782],[33.34370627685519,2.081540053193407],[33.34370627685519,2.078123752943782],[33.343852824417525,2.077304248787016],[33.344426133527975,2.075731345958218],[33.34501329572714,2.070764525960101],[33.35182533932624,2.066492648278995],[33.35369317095069,2.063773418758501],[33.354713423863075,2.06157578198156],[33.359734752909674,2.056776900101625],[33.36250831578917,2.050875259595216],[33.36250831578917,2.049167077874699],[33.362935635009364,2.047885939716991],[33.362825861176134,2.044495464579882],[33.36171328789817,2.042271733050995],[33.36037172049663,2.040428258179929],[33.36036030111279,2.039578889068707],[33.35975598106495,2.038974950858346],[33.359094866581586,2.037465257181282],[33.35866244440621,2.037039412139166],[33.358285341734415,2.036274279527674],[33.357807806285564,2.035859077247835],[33.35695316816492,2.033900719024189],[33.35695316816492,2.02877611268633],[33.35709119861616,2.028059954047421],[33.35957881162119,2.027936573186025],[33.35998155569217,2.02720585103333],[33.36057943936186,2.026790673555865],[33.36219723279959,2.024838264770153],[33.36254688765075,2.02406229597284],[33.36378007207378,2.019976541390179],[33.36415805204558,2.019210855845131],[33.36421759219047,2.018370794538953],[33.364644911081825,2.017693577642717],[33.36472777168359,2.016873770563734],[33.365072230311114,2.016162252438619],[33.365990241324766,2.008779193593455],[33.36823052126698,2.00483205970562],[33.36891810166685,2.004512739780978],[33.36897735602827,2.003717842199649],[33.37065572623874,2.001995444766976],[33.371420137812265,2.001613472229963],[33.3720374170494,2.00102748978054],[33.37276689667084,2.000725513087843],[33.37341888116566,2.000187651377132],[33.37488400391163,1.99946381327851],[33.37573178087615,1.999447258430166],[33.37604080223207,1.998734777636344],[33.37683673652333,1.998593141143942],[33.37794169269557,1.997739022369842],[33.37874643983292,1.997689162203869],[33.3821649927242,1.993041362947679],[33.39370260735302,1.984073066858627],[33.39690775955535,1.98307641377977],[33.398356514263355,1.982174570550001],[33.403088766416545,1.980234446525913],[33.40504755636829,1.978521240360692],[33.405902194664975,1.978521240360692],[33.40811210653533,1.975104722138951],[33.408231455404064,1.972661607174757],[33.40865877446441,1.972234541303749],[33.40908609352471,1.97070317339427],[33.40908609352471,1.968140773510697],[33.4089551245479,1.967417530718478],[33.40786983571718,1.965413515533385],[33.40737681693315,1.964751778287052],[33.40524022164044,1.956414841191872],[33.402340001762695,1.951706931923923],[33.4018216693521,1.947900964497592],[33.400668424766764,1.946491109659519],[33.40053971231805,1.945765602358733],[33.40053971231805,1.944057310797177],[33.400967031055416,1.943380063520976],[33.400967031055416,1.942525917471073],[33.401657339638916,1.941103392880848],[33.4018216693521,1.940317273800076],[33.402563820295995,1.938916209890408],[33.4026763076198,1.93725447855104],[33.403103626347956,1.936577228754857],[33.403103626347956,1.935723078372803],[33.40395826464464,1.933438345032357],[33.40412844957689,1.931800494110064],[33.40473277023938,1.931196516889997],[33.405034930444685,1.929613298520621],[33.40549258984487,1.928903673486502],[33.405693079361754,1.928101368642615],[33.40622295700183,1.927443765354553],[33.40694949822313,1.925982953743642],[33.407380643756255,1.925556778620034],[33.40951341222569,1.922267614429586],[33.409842006548615,1.921490984053378],[33.41046042850229,1.92110899313451],[33.41087010153876,1.920364797195305],[33.41157869296285,1.920012408191667],[33.411650007518176,1.919229524049058],[33.41323554028298,1.917573605365305],[33.413663227291295,1.916842383836297],[33.4143042637657,1.91633708575182],[33.41467699737501,1.915705874957439],[33.415369444792816,1.915314530766977],[33.415796763820424,1.914887450527033],[33.41592319810337,1.914159653011779],[33.416563274692805,1.913820650974856],[33.41688864089542,1.913123756682012],[33.417648742943925,1.912735787753547],[33.41865956078186,1.911470803865939],[33.42129679166442,1.909335395795665],[33.42332970161982,1.908054149507564],[33.424042260574424,1.907912148936305],[33.42632093520899,1.905918737534989],[33.427602892204845,1.905491655181493],[33.42845753050153,1.904637489259528],[33.43102144506145,1.904637489436993],[33.43255371973805,1.905064572722324],[33.43742197143547,1.907332731681151],[33.44198966116983,1.916002617246136],[33.44198966116983,1.922835886053122],[33.44156234210948,1.923262964446053],[33.44105087220606,1.925564427851668],[33.440280384618404,1.926502686453148],[33.44019623403574,1.927272738492547],[33.43857110868731,1.931600064737779],[33.43857110868731,1.945266449583244],[33.438228932546735,1.945978942462546],[33.43814378932569,1.946797841059094],[33.43814378932569,1.957901686740627],[33.43899842762238,1.965387287589124],[33.4412706011492,1.972386259223356],[33.44832127210009,1.987489566183115],[33.44839944707468,1.988265562468484],[33.44801877763649,1.989912071869867],[33.447972128014385,1.991612750839067],[33.44777427953528,1.992384970494925],[33.44716995889269,1.992988925515306],[33.44711748989374,1.994675446555618],[33.4462628517731,1.998668333717376],[33.4462628517731,2.00720949338114],[33.44633809019342,2.007988413996088],[33.44704553280957,2.008343558160504],[33.44711748989374,2.00916788380664],[33.44795201331442,2.010530649815621],[33.44868977360602,2.012839270811526],[33.44925408519549,2.013234006736866],[33.44925408519549,2.01408811709922],[33.4499439618798,2.015510756698234],[33.45130711400111,2.01738363373164],[33.45139068049707,2.018154227752746],[33.451817999377795,2.018581281735351],[33.45309995637365,2.020612928901926],[33.45352727579865,2.021039982530795],[33.45369702934835,2.021823818346263],[33.45401766089492,2.022508276266819],[33.45472866845921,2.022854815304811],[33.45523655166636,2.023248517842092],[33.45554993613973,2.023789434148682],[33.458437484382216,2.025924695334481],[33.45908242355216,2.026134263371716],[33.45953898843709,2.026793413106134],[33.46104565028321,2.027459642594465],[33.4626816099763,2.029094577328351],[33.46300674890523,2.029768158732509],[33.46343406835098,2.030195209609474],[33.467853891674,2.032757512560295],[33.46870852938832,2.032757512737021],[33.46913584885493,2.033184562656913],[33.46999048697552,2.033184562656913],[33.47323881870608,2.034038662502667],[33.47494230263686,2.034063183961507],[33.47570671421056,2.034445148875932],[33.47731025666155,2.034892762080403],[33.478961284695345,2.035251476424662],[33.480659464400105,2.035319811250815],[33.48223558441185,2.035824743245882],[33.48343961002155,2.036534212081563],[33.484227458622456,2.036600958980955],[33.485455661330036,2.037761638795985],[33.48626036856825,2.037882106590132],[33.48734193927112,2.038792625588428],[33.490002555107594,2.040017349143],[33.49042987460098,2.040444396989869],[33.498976255807634,2.040444396989869],[33.50505555863572,2.038736203620374],[33.505910196756304,2.037882106255609],[33.51142447716711,2.035110815140285],[33.51974642714919,2.027632902596679],[33.524462239812976,2.017456820254438],[33.54012690392278,1.999874317667718],[33.54070036410542,1.989093699636555],[33.54328769284689,1.984701961161477],[33.54711015014499,1.981666099670406],[33.54994161297111,1.978840590460493],[33.55551358563412,1.975531787272757],[33.55822413271568,1.972969394823963],[33.56818941652767,1.96727698145753],[33.586097408526655,1.949053542290585],[33.58770570658851,1.948626224690599],[33.58831002689004,1.948022254065279],[33.59217820304616,1.946818463450882],[33.593649197726336,1.946102744272935],[33.59705170777585,1.946064036751807],[33.597729344141044,1.946491109659519],[33.598526708550196,1.946629301252642],[33.59913102915067,1.947233272546953],[33.60061689297822,1.947772326280699],[33.60652281139812,1.947197795576415],[33.60809963641037,1.946549645113009],[33.60894044812096,1.946491109296289],[33.609718685724374,1.946167659426521],[33.616189860626264,1.942933935840188],[33.61719047590384,1.942006828261754],[33.617404149367985,1.941366231628763],[33.61814067170269,1.941175225958318],[33.618585230055146,1.940512083868441],[33.62114914494509,1.940512083868441],[33.62194676088268,1.940270675274519],[33.63022095521683,1.936455792921777],[33.63433642050251,1.935761111986608],[33.63503608558807,1.935387188047685],[33.642727828673856,1.935387188047685],[33.64868951616103,1.933251810107777],[33.64881208636797,1.932520158806824],[33.64923940542832,1.931842907316366],[33.64932973648081,1.930171996742729],[33.64993405699124,1.928713865499049],[33.650094043548904,1.927925942429169],[33.650094043548904,1.922801008668785],[33.64710281012674,1.910720956510374],[33.64710281012674,1.898762633844569],[33.64753012889571,1.897155116000761],[33.64795744824738,1.896477850859753],[33.64798931583965,1.895636873419505],[33.6483847671924,1.894946414635342],[33.65021242736725,1.893106210186204],[33.65103239159231,1.893022546363341],[33.65386283568614,1.891436385043562],[33.65797785006038,1.890479707404552],[33.658788631706614,1.890209593635177],[33.65946402605226,1.8897205404445],[33.660305808068074,1.889689520385616],[33.66949965806424,1.881059685221828],[33.672056816725046,1.879439409800966],[33.67286180935457,1.879319619094531],[33.6731692724066,1.878592727949751],[33.674016410668855,1.878585231946488],[33.675477566211725,1.877132357050016],[33.680320846621726,1.874314332821257],[33.68117548481359,1.874314332510778],[33.68162007262316,1.873651212018046],[33.68470688716616,1.871141570781845],[33.6869922551478,1.868464761414259],[33.687790690055806,1.866961260013227],[33.68918430701382,1.86619959545601],[33.689551808717226,1.865628167628302],[33.6911439009653,1.864491224983169],[33.69332436370297,1.863565981717898],[33.693994407942455,1.863053118871676],[33.69606716820027,1.862355759203183],[33.697422441893195,1.861501572666555],[33.698911866401545,1.860971083654874],[33.703926549188964,1.857230631992707],[33.70491587535872,1.855886884516224],[33.70779011341307,1.854232974844592],[33.71886398910112,1.842282258493526],[33.72017436944259,1.841428061923523],[33.73940372715731,1.824344044797044],[33.73983104607373,1.823916942089511],[33.74610193803551,1.821400599233641],[33.747345947498786,1.820249767687301],[33.74971787354792,1.819341689593728],[33.75283578913394,1.817083288297852],[33.75307793708771,1.81647110601773],[33.75363619186663,1.81609820978116],[33.75564185141832,1.813157901033776],[33.7578879082248,1.808004670893354],[33.75906040370688,1.806781666427469],[33.76182206833363,1.802561687741331],[33.76222851018554,1.802046187743258],[33.7629062754753,1.801610646468077],[33.76418341645882,1.79957674598802],[33.77060408299275,1.787179688114406],[33.771812723962285,1.785971634448458],[33.772114884010705,1.785242509249827],[33.772734613758985,1.784895057778499],[33.77327168233131,1.78280493604683],[33.77444389010412,1.77987334523101],[33.77444389010412,1.764497217162102],[33.775298528224766,1.762212263059553],[33.77572584728506,1.759826477389197],[33.77574279226934,1.758125022419392],[33.77615316604732,1.757440689110069],[33.77615316604732,1.756586452625697],[33.7765804854057,1.755909133904595],[33.77664927323946,1.75422913864594],[33.778289761339806,1.750283303979472],[33.78520653480439,1.737987679280081],[33.78654033447367,1.737081615099783],[33.78854541909487,1.734995189283495],[33.78854541909487,1.734650328190355],[33.801964488331635,1.717698799085667],[33.80463523219237,1.717698799039169],[33.806361725896465,1.719033570242402],[33.80761453216195,1.720450869871172],[33.80769709761739,1.723037880045979],[33.8114266493522,1.72637479740456],[33.816100451723116,1.727042180532919],[33.8171592591176,1.727709562528958],[33.82096825246623,1.72790659561872],[33.82355955497229,1.729711709339995],[33.82363899680638,1.730967066322592],[33.824227240603875,1.731713854067664],[33.82430668295598,1.732969209764065],[33.82519475940268,1.733936285292486],[33.826309741051205,1.734418474922393],[33.826977427082966,1.735085854942099],[33.82701254170263,1.736385515188374],[33.82768022797529,1.73705289486378],[33.82898048517819,1.737087993587579],[33.83250575309063,1.740576539507799],[33.835657345495804,1.745163601629372],[33.84450208142897,1.75206466117686],[33.8534952758244,1.762034127984521],[33.854461560127106,1.778647855481154],[33.85509727292094,1.779803175045629],[33.856291665931224,1.780400083809809],[33.859579485498045,1.789107748786421],[33.85969404225625,1.791662688481779],[33.86169710028679,1.794999483102174],[33.86169710028679,1.799003628966091]]]}},{"type":"Feature","id":"gb:47994165B10700512776787","properties":{"id":"gb:47994165B10700512776787","name":"Otuke","parentId":"gb:17295835B80141219017784","level":"ADM2","countryCode":"UG"},"geometry":{"type":"Polygon","coordinates":[[[32.98235459690568,2.55848310350018],[32.99715051896334,2.531895642312463],[32.997452679575076,2.53116687475773],[32.99757783843012,2.530364862134661],[33.00003920087977,2.526550809857099],[33.000587859323275,2.52590961704999],[33.001352270896746,2.525527782560289],[33.001734476331194,2.524909960807918],[33.00245270006195,2.524464106479172],[33.00313298614191,2.523037998015184],[33.00591310306294,2.521649955827456],[33.007610897390464,2.520164716918032],[33.02700515067539,2.519088522034792],[33.032132979410505,2.51908852176723],[33.032903482542736,2.519444577873799],[33.036305293667624,2.519515427811086],[33.0374005644116,2.517766815716868],[33.0436764333661,2.515263632425615],[33.04452826622418,2.515246361003847],[33.04774506588285,2.514392545804128],[33.05372753306153,2.514392545804128],[33.060413512261505,2.511817928537539],[33.077558329132444,2.501585253756787],[33.082835599195334,2.500304517625409],[33.090527342068924,2.500304517625409],[33.090733393137214,2.500952487232098],[33.090733393137214,2.501806310307302],[33.091160712641624,2.502233222347968],[33.09174449165323,2.503449210604515],[33.09244266973053,2.50376403499456],[33.09291425531762,2.504146722242638],[33.102520061317705,2.506708185681703],[33.110817389066995,2.514732784469118],[33.115077143548774,2.516100175544125],[33.11849569583893,2.516100175644681],[33.12806154446503,2.508842734789823],[33.12874668146475,2.50758009680294],[33.12876478970429,2.506733770348376],[33.12917313930626,2.505076350265369],[33.12919210901066,2.499101919976226],[33.11979108968353,2.488112280518067],[33.12029422069753,2.480514925821581],[33.12146813391416,2.47853181286348],[33.12317741015539,2.47853181286348],[33.124645809224035,2.477950827821871],[33.13071315650376,2.474689533674962],[33.13427834169437,2.468712632324753],[33.1340937522765,2.46127901060413],[33.13441849235346,2.460502617189661],[33.13502281310616,2.459898853564425],[33.136272316859106,2.457675208573107],[33.13731366639439,2.456331823943401],[33.13774098575493,2.4559048970915],[33.139449998480586,2.455903782226301],[33.14021440999011,2.4555219270257],[33.14191330001188,2.455477970457537],[33.14605805421962,2.457612602432391],[33.147261964685185,2.459564990562114],[33.14773977049998,2.461028006026083],[33.14884878563396,2.462981735383437],[33.14927610484614,2.464512593972643],[33.149627236913204,2.465221131930718],[33.15019450325218,2.465851575634019],[33.15059975898265,2.466578018537859],[33.151442184130076,2.466607475496517],[33.15204650475829,2.467211235775096],[33.15440340141248,2.468143225033316],[33.15587820603861,2.468983031821153],[33.15654052850766,2.469577479369605],[33.15654052850766,2.447148341087654],[33.159060256167095,2.440152667832933],[33.165403399627166,2.436693063744201],[33.16711267619189,2.436693063845098],[33.1687210760868,2.436266131095863],[33.181540647896725,2.436266131095863],[33.18425400328209,2.434985332480778],[33.18559822497372,2.433766739766781],[33.18559822497372,2.432912872278564],[33.186390598574576,2.432850663787235],[33.18645286309453,2.432059004249652],[33.18688018215488,2.431381977695537],[33.18701315608786,2.430583138752127],[33.18761747626718,2.429979361734922],[33.18816213919689,2.428389465747443],[33.188902242295,2.42698800899484],[33.1890167774564,2.426181536512274],[33.189444096192915,2.425754600629887],[33.189631721589194,2.42497837513821],[33.19023604196411,2.42437459615229],[33.19064128995518,2.423627460932096],[33.19215665980448,2.4216018203403],[33.195370765364714,2.418817520392736],[33.206536858533354,2.401506874815993],[33.20714158960021,2.401257187229874],[33.209705503962084,2.401257187229874],[33.21114750899392,2.402066184315345],[33.21284617862642,2.402111075040239],[33.21362119654452,2.402448053798764],[33.21445457864314,2.402538018138046],[33.21616385459998,2.402538018181929],[33.21679251629712,2.402312240203003],[33.21755662597252,2.400920692173486],[33.21995460645445,2.398695521812442],[33.22148688110474,2.398268577171564],[33.22405079570751,2.398268577109604],[33.22626203475875,2.395074642830934],[33.227469060557894,2.391880457400475],[33.228671886919585,2.390669038375449],[33.22990712260753,2.388433592880233],[33.23143091599127,2.386412649014119],[33.23170117666291,2.385602571138406],[33.23303064034087,2.383579123400011],[33.23388527863756,2.378733360778938],[33.23687651221303,2.373336044690859],[33.24154492716741,2.372224699166111],[33.24410884139286,2.372224698800153],[33.2457539789508,2.371829796609006],[33.25002196402119,2.371797746241668],[33.25055072214349,2.37237345023442],[33.250655994948715,2.373183787700214],[33.25187787261848,2.374359461409881],[33.25785556861928,2.374339267911409],[33.26021452771255,2.373669948150052],[33.262935955899536,2.369243038867182],[33.2639223990804,2.367892824289299],[33.26465225103027,2.367489604467551],[33.265051736328644,2.365876011462205],[33.26720451117785,2.362416392520288],[33.26820376372541,2.361123880499463],[33.26935276079786,2.360237911149341],[33.2702217472131,2.35938738209984],[33.270603952706836,2.35862361799758],[33.27197370205545,2.35765124688578],[33.27695489803523,2.352674258552497],[33.27759541929066,2.352157770331019],[33.27832646106481,2.352034277516111],[33.27944549602495,2.351039676887808],[33.28102961385139,2.350737770996545],[33.28176492506577,2.350449932761194],[33.282613730962794,2.350435865396491],[33.28329719977381,2.350022973597675],[33.28500647619819,2.350022973151454],[33.28578747218643,2.349711282398289],[33.286614875747375,2.349596013320763],[33.29174270462926,2.349596013320763],[33.30125535317973,2.347888173144838],[33.31053989355888,2.35104125659177],[33.31372356687177,2.355005846328993],[33.315930538051816,2.357270544448738],[33.316685349838394,2.35765835505066],[33.31820584179104,2.358135183381592],[33.31889469439017,2.358535086038557],[33.33067141090038,2.358135183381592],[33.331503665001605,2.358229923308954],[33.3322798106459,2.358562140915978],[33.3374076395192,2.358562140505853],[33.340702818991645,2.361538622492958],[33.347534860634255,2.361550836706044],[33.348865330278045,2.360544205928022],[33.35465054987799,2.359030568133221],[33.35529988444881,2.358506195413383],[33.35736316339046,2.357298577914378],[33.35919900223246,2.355518864016744],[33.360643294681665,2.354719521739014],[33.36188707507466,2.352972245108617],[33.36208099688872,2.352164067798128],[33.365966321186534,2.348742093272676],[33.37672326020345,2.348352906745617],[33.379155602681976,2.349163006946753],[33.380820804283985,2.349351444016747],[33.38557977418071,2.352584728926786],[33.39016909628742,2.358874236660256],[33.39607824656565,2.36050880912984],[33.40280785424409,2.365097916560046],[33.4166976661968,2.380256678322155],[33.42091008914093,2.382044579883711],[33.42432864162345,2.382044579883711],[33.425968573527484,2.38161763000204],[33.42766671211598,2.381549055974006],[33.43007154344724,2.380763729841362],[33.433487693488814,2.380748938111537],[33.43598466595461,2.38033677956264],[33.43750405139923,2.379695114603464],[33.43852102033003,2.378628977125402],[33.44080705698792,2.377775075442344],[33.44494155892414,2.376921172573759],[33.44665083506624,2.376921172726384],[33.447419399487444,2.376556871890841],[33.48023882018339,2.376494220721611],[33.48156336361194,2.375510255116581],[33.4860035240589,2.373770006407369],[33.48643084344394,2.373343053920848],[33.48770264755126,2.372661796322973],[33.48900237794288,2.371580462932684],[33.49057631436352,2.371007645185273],[33.49505718742671,2.367528209810473],[33.49540454352598,2.367528209823433],[33.521844910568404,2.368382118338468],[33.521844910568404,2.36947919358181],[33.522512596918034,2.370146308707774],[33.52251259660022,2.371480537605635],[33.52304975413716,2.372278068271669],[33.525720497865564,2.374946520616788],[33.52651871279062,2.375483216965677],[33.52772355635955,2.375613633285525],[33.529189456917834,2.378151663429094],[33.53840653286761,2.378282079496898],[33.539074218668645,2.37761496833059],[33.54040959096301,2.377614968427793],[33.5444234882936,2.375069162841726],[33.54727689093255,2.372945181918283],[33.54859471542437,2.372902854659287],[33.549538966065825,2.371959413369382],[33.550678777418284,2.371487692483186],[33.552558468029474,2.369869104292263],[33.553634124161476,2.369609610467762],[33.55678457959152,2.364829892938303],[33.55796242400464,2.364210264400811],[33.5607951759132,2.361379920866],[33.56324144453748,2.358542721672165],[33.56390913015008,2.356541358815434],[33.564970156076924,2.356267244422213],[33.56669664918894,2.354933001109714],[33.574334561417515,2.352931633306525],[33.57606105508415,2.351597386065123],[33.578455234237026,2.350930261733311],[33.59047358317298,2.350930262165889],[33.59153239062675,2.351597386065123],[33.598209250944365,2.351597386065123],[33.59927638589244,2.352244422412127],[33.60193880252518,2.352264509645295],[33.60394186062058,2.354265878470812],[33.606313917864384,2.355273280403537],[33.60684610687849,2.356267244422213],[33.611931970728165,2.35821809618426],[33.63385591884361,2.378281421779661],[33.63385591884361,2.385112621059534],[33.63567322773133,2.39154538241138],[33.637486188773266,2.395064546758476],[33.63809050949419,2.395668339467136],[33.63883506396951,2.397971470093069],[33.639411067040896,2.398363346227995],[33.63950591924396,2.399122466381925],[33.64020761694246,2.400345262040958],[33.64112034301803,2.401425207996226],[33.64128851184512,2.402111074635457],[33.64197498131466,2.403383079598314],[33.643071104446335,2.40424579081315],[33.643256938583704,2.404914005900821],[33.64453889576464,2.406444930358418],[33.64496621482499,2.407975853097241],[33.64553133337108,2.40851521352522],[33.6458208529458,2.40907983279476],[33.646248171899856,2.409506774504848],[33.64634561126047,2.410320331324442],[33.647564244129,2.412357681808317],[33.64923940542832,2.414099526839209],[33.650094043548904,2.416661163299125],[33.64881208636797,2.443030338103199],[33.64795744824738,2.445238239357877],[33.64795281318629,2.44694403955873],[33.64710281012674,2.448299995236027],[33.647046332216405,2.449130480290648],[33.645393533603226,2.450834031889656],[33.645356544190065,2.451672580453192],[33.64496621482499,2.452364904384012],[33.64240230046312,2.455051043687149],[33.64482606214104,2.475637847105767],[33.644699140412285,2.475838930061229],[33.64432796179392,2.477085513412419],[33.64355602312361,2.478152960695354],[33.64308389763414,2.480625827020731],[33.64213964699792,2.48156919247657],[33.642028396039734,2.482857272698027],[33.64136071025348,2.483524332201341],[33.64136071025348,2.484858449307183],[33.63802227997866,2.488975241481569],[33.62656701606733,2.497022625626755],[33.62531317656652,2.497367675119165],[33.62423392338724,2.498123900599978],[33.62299508377765,2.498356729059424],[33.619542096631164,2.501024931966754],[33.61865938508356,2.501477160876732],[33.61141530761324,2.504360177723868],[33.60478589815875,2.509029507517766],[33.601299548219174,2.512055103589773],[33.60027410385595,2.512364733134689],[33.58887183416704,2.525242996539703],[33.58794582741592,2.526005323833829],[33.58697807595365,2.526372586831599],[33.58661045564912,2.527339397353899],[33.585642704232725,2.527706660834326],[33.583272025045005,2.52985007539894],[33.575927479232234,2.538392444169176],[33.575914220098525,2.539713259681207],[33.574586177638366,2.539725106854405],[33.57355437369489,2.542084031156719],[33.57325673489191,2.543294923823908],[33.57261012305884,2.544361409055398],[33.559903014088604,2.56156185130726],[33.557899956058066,2.565678400039531],[33.557899956058066,2.566394191329437],[33.524313103550355,2.614711936111689],[33.52350214600068,2.614606590193034],[33.521898325333495,2.613209091287843],[33.51868766116803,2.611400774613287],[33.516752605441354,2.610443187116516],[33.515903207180656,2.610430549509147],[33.513833024337146,2.608975974122416],[33.512180532049456,2.608735683344207],[33.51175321305027,2.608308807179924],[33.51097713092548,2.60797638335174],[33.50964417747241,2.607028177911843],[33.50328951180319,2.604040036443394],[33.50072559733047,2.603186280649652],[33.49816168307922,2.603186280559612],[33.4974840463089,2.602759402400636],[33.4949261591961,2.602733896376151],[33.494161747686576,2.602352084396614],[33.48561998896594,2.602332524097278],[33.480195558217645,2.603312559324991],[33.46512486652341,2.607881930757685],[33.46388169077102,2.608472917738993],[33.463355614137356,2.609001873525756],[33.460443779941215,2.610363870353581],[33.45981360366329,2.610931727609398],[33.459045269232035,2.611296938490852],[33.457385028975125,2.611504441121724],[33.4559694071566,2.61242495404241],[33.45444646001772,2.612939958586821],[33.453271828342054,2.613772340493313],[33.45243747735799,2.613858187473681],[33.45194904883192,2.614450110408711],[33.45042431135647,2.614786345906452],[33.44829100565687,2.616207068145172],[33.44669586132329,2.616630026367602],[33.44513857145466,2.617273178538937],[33.44395749061994,2.618126924851879],[33.44357960193321,2.618673008655605],[33.44285253436459,2.618980670785561],[33.44084672659085,2.621264149428498],[33.43389492781347,2.632189351273951],[33.43086859794431,2.634778446742814],[33.4293362562243,2.635462604393126],[33.42666223393161,2.637521495724513],[33.42371441322496,2.638944160887434],[33.42307797912434,2.639470393128363],[33.420514064413965,2.639470393064585],[33.419816699302544,2.639091106099386],[33.41898178987134,2.639043527344938],[33.414871371516995,2.636186859508598],[33.41128198445176,2.632758989096203],[33.41050063975507,2.632640523016221],[33.41036805052232,2.631919235552118],[33.40973232605586,2.631578600827254],[33.40873039529049,2.629368664769459],[33.407230591823634,2.62744505999359],[33.406494179706385,2.627035285921295],[33.40512904793752,2.624956874036741],[33.39817006173956,2.62282251881777],[33.38686550230415,2.620688159956558],[33.38045571642647,2.625810615283342],[33.36849078279363,2.625810615468765],[33.36806346337022,2.626237486136461],[33.36635418749188,2.626237485785282],[33.36562470805376,2.626539328762931],[33.36482191243033,2.626664355946559],[33.36311263635963,2.626664355956166],[33.36167832816227,2.62750578320049],[33.360826599508584,2.627518096026051],[33.35658377737002,2.629652443221971],[33.35457486222913,2.631174505466561],[33.35379710544231,2.63135991781121],[33.35341806390318,2.631903215458465],[33.35269214979513,2.632213654677685],[33.350982873201815,2.632213654677685],[33.33567875319483,2.624362289233147],[33.327895472062494,2.618987748949735],[33.324982565394635,2.617778296786753],[33.30029039554324,2.611296938490852],[33.28704350473657,2.611723813338642],[33.262515655737616,2.618125545609189],[33.25226137933305,2.618126924851879],[33.24814167045628,2.617273178538937],[33.22421180283993,2.617273178389723],[33.22353416589175,2.617700052155556],[33.22182489006633,2.617700051768111],[33.22021648991819,2.618126924878482],[33.21594329933316,2.618126924878482],[33.2052549015375,2.619856462853193],[33.20438465754455,2.620703750061068],[33.20166322952082,2.622568586114483],[33.20062906560952,2.623852399797556],[33.199919612791234,2.624310375417281],[33.19931529208293,2.624914062179414],[33.1973001342173,2.626237485785282],[33.18988626853519,2.62538374518158],[33.18208561902611,2.620427746655139],[33.177431897875465,2.618743626838409],[33.17674798260191,2.618250254167322],[33.17436902364227,2.617427224117705],[33.17064205786221,2.615535524455026],[33.169286909807795,2.613785072748215],[33.16857895638498,2.613431312937109],[33.16765094992627,2.612150813811866],[33.16697336513408,2.611723813338642],[33.16440945059634,2.611723813392473],[33.16362633393328,2.612026467610292],[33.16296992811613,2.612557970474541],[33.162123414106645,2.612577563428147],[33.161725875434115,2.613316396902007],[33.16038640039352,2.614055810464208],[33.15860856797093,2.616061042398144],[33.15739516680435,2.619049990463338],[33.15739516680435,2.621611224550747],[33.15620341478177,2.624776653745243],[33.156113209808495,2.62560912292895],[33.15582120883204,2.626394003917255],[33.15490559648714,2.627833566710649],[33.15397661450959,2.630170756670282],[33.1528802457529,2.632028262264953],[33.149783341329,2.632987557945739],[33.148107167967964,2.633067390995905],[33.147429531028536,2.633494258431881],[33.1145564311941,2.632427088971383],[33.111885687067115,2.628453230769026],[33.10921494282218,2.625556420257055],[33.10834620971286,2.625090271478655],[33.10701083733932,2.625090271172894],[33.10634315161769,2.624423285932551],[33.10500777930878,2.624423286246611],[33.102494654718214,2.623756300030493],[33.09181167780372,2.623756300066873],[33.09114399217816,2.623089313772596],[33.08918436161741,2.621988232411752],[33.08808212662916,2.621755340189793],[33.0874144405974,2.621088352865058],[33.08687403111668,2.62011441367531],[33.08462913955901,2.617753411141564],[33.08451055976485,2.616537887915854],[33.08329376759457,2.616419431644431],[33.0826260815283,2.615752441773452],[33.08023190204557,2.615085450958134],[33.07956421601392,2.614418460082788],[33.07850138515454,2.614146201804658],[33.077640983266974,2.613558953213555],[33.07611122904274,2.611750493037675],[33.07516295532042,2.611363796737237],[33.074147238395994,2.609054174865889],[33.07053623822759,2.605747546195289],[33.06920086650666,2.605747546195289],[33.068142059112176,2.605080550984553],[33.056123710568784,2.605080550644402],[33.05506490311518,2.604413554460621],[33.04383036944665,2.602103368760822],[33.04152074258553,2.601078567816955],[33.03777253733392,2.600820922702496],[33.033766421272674,2.595646767163601],[33.033670518031215,2.594408569755387],[33.032388160114465,2.594322878944297],[33.02959197034835,2.589820806937553],[33.028784918890494,2.588765158757099],[33.027757247065324,2.588247112851377],[33.027598657702185,2.587071529997388],[33.02650529618552,2.586487860485363],[33.02520447830756,2.586404524285228],[33.021909110476486,2.584403504926627],[33.020573738564224,2.584403505115858],[33.01848800158274,2.582873247632961],[33.017221156674964,2.582451395107284],[33.016170294250685,2.581735474248148],[33.01454345864903,2.579874238521882],[33.013386134911,2.579226267937486],[33.01181905713554,2.577152595149528],[33.010790699568474,2.574791254339345],[33.010397410239534,2.573619971196308],[33.010318574166945,2.570984540575068],[33.00389378552575,2.559897073145919],[33.002385177858514,2.558634717887344],[33.00129479814825,2.55838996975325],[32.99904674754373,2.558812242288582],[32.99583875308201,2.561725067994189],[32.98782652070082,2.561725067994189],[32.983035177716204,2.559396941532441],[32.98235459690568,2.55848310350018]]]}},{"type":"Feature","id":"gb:47994165B76258969942575","properties":{"id":"gb:47994165B76258969942575","name":"Moroto","parentId":"gb:17295835B80141219017784","level":"ADM2","countryCode":"UG"},"geometry":{"type":"Polygon","coordinates":[[[33.521844910568404,2.368382118338468],[33.49540454352598,2.367528209823433],[33.49505718742671,2.367528209810473],[33.49057631436352,2.371007645185273],[33.48900237794288,2.371580462932684],[33.48770264755126,2.372661796322973],[33.48643084344394,2.373343053920848],[33.4860035240589,2.373770006407369],[33.48156336361194,2.375510255116581],[33.48023882018339,2.376494220721611],[33.447419399487444,2.376556871890841],[33.44665083506624,2.376921172726384],[33.44494155892414,2.376921172573759],[33.44080705698792,2.377775075442344],[33.43852102033003,2.378628977125402],[33.43750405139923,2.379695114603464],[33.43598466595461,2.38033677956264],[33.433487693488814,2.380748938111537],[33.43007154344724,2.380763729841362],[33.42766671211598,2.381549055974006],[33.425968573527484,2.38161763000204],[33.42432864162345,2.382044579883711],[33.42091008914093,2.382044579883711],[33.4166976661968,2.380256678322155],[33.40280785424409,2.365097916560046],[33.39607824656565,2.36050880912984],[33.39016909628742,2.358874236660256],[33.38557977418071,2.352584728926786],[33.380820804283985,2.349351444016747],[33.379155602681976,2.349163006946753],[33.37672326020345,2.348352906745617],[33.365966321186534,2.348742093272676],[33.36208099688872,2.352164067798128],[33.36188707507466,2.352972245108617],[33.360643294681665,2.354719521739014],[33.35919900223246,2.355518864016744],[33.35736316339046,2.357298577914378],[33.35529988444881,2.358506195413383],[33.35465054987799,2.359030568133221],[33.348865330278045,2.360544205928022],[33.347534860634255,2.361550836706044],[33.340702818991645,2.361538622492958],[33.3374076395192,2.358562140505853],[33.3322798106459,2.358562140915978],[33.331503665001605,2.358229923308954],[33.33067141090038,2.358135183381592],[33.31889469439017,2.358535086038557],[33.31820584179104,2.358135183381592],[33.316685349838394,2.35765835505066],[33.315930538051816,2.357270544448738],[33.31372356687177,2.355005846328993],[33.31053989355888,2.35104125659177],[33.30125535317973,2.347888173144838],[33.297879662273715,2.347991561870344],[33.29174270462926,2.349596013320763],[33.286614875747375,2.349596013320763],[33.28578747218643,2.349711282398289],[33.28500647619819,2.350022973151454],[33.28329719977381,2.350022973597675],[33.282613730962794,2.350435865396491],[33.28176492506577,2.350449932761194],[33.28102961385139,2.350737770996545],[33.27944549602495,2.351039676887808],[33.27832646106481,2.352034277516111],[33.27759541929066,2.352157770331019],[33.27695489803523,2.352674258552497],[33.27197370205545,2.35765124688578],[33.270603952706836,2.35862361799758],[33.2702217472131,2.35938738209984],[33.26935276079786,2.360237911149341],[33.26820376372541,2.361123880499463],[33.26720451117785,2.362416392520288],[33.265051736328644,2.365876011462205],[33.26465225103027,2.367489604467551],[33.2639223990804,2.367892824289299],[33.262935955899536,2.369243038867182],[33.26021452771255,2.373669948150052],[33.25785556861928,2.374339267911409],[33.25187787261848,2.374359461409881],[33.250655994948715,2.373183787700214],[33.25055072214349,2.37237345023442],[33.25002196402119,2.371797746241668],[33.2457539789508,2.371829796609006],[33.24410884139286,2.372224698800153],[33.24154492716741,2.372224699166111],[33.23687651221303,2.373336044690859],[33.23388527863756,2.378733360778938],[33.23303064034087,2.383579123400011],[33.23170117666291,2.385602571138406],[33.23143091599127,2.386412649014119],[33.22990712260753,2.388433592880233],[33.228671886919585,2.390669038375449],[33.227469060557894,2.391880457400475],[33.22626203475875,2.395074642830934],[33.22405079570751,2.398268577109604],[33.22148688110474,2.398268577171564],[33.21995460645445,2.398695521812442],[33.21755662597252,2.400920692173486],[33.21679251629712,2.402312240203003],[33.21616385459998,2.402538018181929],[33.21445457864314,2.402538018138046],[33.21362119654452,2.402448053798764],[33.21284617862642,2.402111075040239],[33.21114750899392,2.402066184315345],[33.209705503962084,2.401257187229874],[33.20714158960021,2.401257187229874],[33.206536858533354,2.401506874815993],[33.195370765364714,2.418817520392736],[33.19215665980448,2.4216018203403],[33.19064128995518,2.423627460932096],[33.19023604196411,2.42437459615229],[33.189631721589194,2.42497837513821],[33.189444096192915,2.425754600629887],[33.1890167774564,2.426181536512274],[33.188902242295,2.42698800899484],[33.18816213919689,2.428389465747443],[33.18761747626718,2.429979361734922],[33.18701315608786,2.430583138752127],[33.18688018215488,2.431381977695537],[33.18645286309453,2.432059004249652],[33.186390598574576,2.432850663787235],[33.18559822497372,2.432912872278564],[33.18559822497372,2.433766739766781],[33.18425400328209,2.434985332480778],[33.181540647896725,2.436266131095863],[33.1687210760868,2.436266131095863],[33.16711267619189,2.436693063845098],[33.165403399627166,2.436693063744201],[33.159060256167095,2.440152667832933],[33.15654052850766,2.447148341087654],[33.15654052850766,2.469577479369605],[33.15587820603861,2.468983031821153],[33.15440340141248,2.468143225033316],[33.15204650475829,2.467211235775096],[33.151442184130076,2.466607475496517],[33.15059975898265,2.466578018537859],[33.15019450325218,2.465851575634019],[33.149627236913204,2.465221131930718],[33.14927610484614,2.464512593972643],[33.14884878563396,2.462981735383437],[33.14773977049998,2.461028006026083],[33.147261964685185,2.459564990562114],[33.14605805421962,2.457612602432391],[33.14191330001188,2.455477970457537],[33.14021440999011,2.4555219270257],[33.139449998480586,2.455903782226301],[33.13774098575493,2.4559048970915],[33.13731366639439,2.456331823943401],[33.136272316859106,2.457675208573107],[33.13502281310616,2.459898853564425],[33.13441849235346,2.460502617189661],[33.1340937522765,2.46127901060413],[33.13427834169437,2.468712632324753],[33.13071315650376,2.474689533674962],[33.124645809224035,2.477950827821871],[33.12317741015539,2.47853181286348],[33.12146813391416,2.47853181286348],[33.12029422069753,2.480514925821581],[33.11979108968353,2.488112280518067],[33.12919210901066,2.499101919976226],[33.12917313930626,2.505076350265369],[33.12876478970429,2.506733770348376],[33.12874668146475,2.50758009680294],[33.12806154446503,2.508842734789823],[33.1253479828423,2.510122590898732],[33.124138976234065,2.511329564582581],[33.12331527861073,2.511404188655206],[33.12135049599766,2.512973231687056],[33.12099022934791,2.513621467845837],[33.11849569583893,2.516100175644681],[33.115077143548774,2.516100175544125],[33.110817389066995,2.514732784469118],[33.102520061317705,2.506708185681703],[33.09291425531762,2.504146722242638],[33.09244266973053,2.50376403499456],[33.09174449165323,2.503449210604515],[33.091160712641624,2.502233222347968],[33.090733393137214,2.501806310307302],[33.090733393137214,2.500952487232098],[33.090527342068924,2.500304517625409],[33.082835599195334,2.500304517625409],[33.077558329132444,2.501585253756787],[33.060413512261505,2.511817928537539],[33.05372753306153,2.514392545804128],[33.04774506588285,2.514392545804128],[33.04452826622418,2.515246361003847],[33.0436764333661,2.515263632425615],[33.0374005644116,2.517766815716868],[33.036305293667624,2.519515427811086],[33.032903482542736,2.519444577873799],[33.032132979410505,2.51908852176723],[33.02700515067539,2.519088522034792],[33.007610897390464,2.520164716918032],[33.00653444593445,2.510328378885561],[33.00613865565782,2.510084002199051],[33.0050484036351,2.50888326467151],[33.00328140217778,2.507624897636731],[33.000907000393795,2.506345658404143],[32.9999217089665,2.506131907807401],[32.99942385670681,2.505365155112258],[32.99944410024165,2.504823483393977],[33.000272320882516,2.503413862205832],[33.001698245422915,2.499873404316133],[33.00216580572294,2.495013671189781],[33.00278453369509,2.493582954395322],[33.00378589659613,2.492309313831299],[33.00417266121735,2.491922914666191],[33.004620056364956,2.491721657047265],[33.00462673533184,2.487897314159568],[33.00568281337303,2.484223431492865],[33.00603389920701,2.481531566078388],[33.00762838272897,2.478087113856247],[33.00762838272897,2.477540656854273],[33.00743450240452,2.477074432617826],[33.00653444593445,2.47662541779556],[33.00653444593445,2.472253750647099],[33.00626096173596,2.47120517071221],[33.00626096173596,2.470112250810757],[33.00544050914016,2.467533126582111],[33.00544050914016,2.466440203660511],[33.005299594126825,2.465916588046355],[33.00399216003251,2.462979313967821],[33.000543182703666,2.460626447067057],[32.99995980867334,2.459781384705252],[32.99902930197197,2.458840728679093],[32.99258675180539,2.444774339081846],[32.991600117181974,2.443494556097505],[32.9908241109913,2.443660587163777],[32.989557766840846,2.442693942327253],[32.988503454615966,2.441493649924496],[32.98547765565132,2.435739220516666],[32.983479282049416,2.433140236683926],[32.98174211284595,2.430366624795113],[32.978250035134636,2.426877683716327],[32.978056652427995,2.426411236065348],[32.97592817341399,2.424831142085054],[32.975391129050706,2.424807205612353],[32.97491433837763,2.424637933099916],[32.97134088778813,2.422160636988167],[32.970075377117496,2.421122584305976],[32.96804219297837,2.418591644181276],[32.96752760200218,2.417632336260567],[32.96681299697207,2.416817061161396],[32.96660575293754,2.416356346296027],[32.96660575293754,2.415809864134076],[32.96633226873905,2.415376561977268],[32.96633226873905,2.414283596644793],[32.966058784540394,2.41330381083128],[32.966058784540394,2.412210843832042],[32.96584608453628,2.411752385589807],[32.96578530003262,2.411231056757799],[32.96532429361184,2.410598686514561],[32.96441787911709,2.410251268913896],[32.963705133312885,2.409613329097738],[32.96226599602102,2.408840590269051],[32.95753940103788,2.407708972031742],[32.95663715811469,2.407196721186779],[32.955939869191695,2.406005897192017],[32.954845932397404,2.386279915539603],[32.95539290071639,2.384866798204087],[32.95566638471985,2.384593550152715],[32.95571330732025,2.384093937668013],[32.956659176675885,2.383705896668687],[32.95753002960822,2.383051648262835],[32.95840122655056,2.382639336114664],[32.95846376276904,2.382118721405789],[32.95867471117782,2.381659527836064],[32.958753338967995,2.380579284090913],[32.95969189181483,2.3780393009622],[32.95998378140001,2.377594282681514],[32.96067973320004,2.373985328198501],[32.96103386431537,2.372992862465821],[32.961316040458485,2.372531110008538],[32.96145507962228,2.372025508681702],[32.961783475932236,2.371597041180223],[32.961956521289835,2.371091356938905],[32.96282266610706,2.369862168702014],[32.964869172953,2.368245492689425],[32.9663769673096,2.361598140983688],[32.97201902599596,2.354309641614691],[32.97180195259921,2.334804812338518],[32.97453679443004,2.328637262871837],[32.975574132987504,2.3275871087057],[32.9781058922955,2.326164263342775],[32.98072745336202,2.325891004926518],[32.98116114095046,2.325617745560976],[32.98608385652534,2.325617745560976],[32.9865329371583,2.325853873137135],[32.98813512517381,2.325989725449858],[32.99009201880227,2.326967365771395],[32.99121933081244,2.328133557565423],[32.991259303549725,2.328663530359051],[32.991589741245605,2.329090541413677],[32.99187390122273,2.330097395136363],[32.99479047313383,2.33272246025308],[33.00140355854006,2.334088747339933],[33.009334369848546,2.339827138936869],[33.009862275816715,2.339873120735888],[33.010836398972344,2.340257988304415],[33.011311596136466,2.340501463672297],[33.0116983612906,2.340887906124578],[33.01223195697611,2.340920162838302],[33.0130703258846,2.34158944415185],[33.01358173947074,2.341739930821404],[33.01465348619854,2.341833852029822],[33.01515808419521,2.342013186698182],[33.026644420494904,2.342013186410043],[33.027169881037196,2.34214561133706],[33.04219535670262,2.349518115876549],[33.043240879810696,2.349723828559377],[33.04367343025416,2.350046798038761],[33.044709621707,2.350291203926815],[33.046031470189746,2.350757343353109],[33.04739889160783,2.35103059762065],[33.053306940008724,2.361967404963991],[33.05369370507134,2.362353841380013],[33.053887087330565,2.362820311411326],[33.054530164293055,2.363668158971677],[33.05500300241533,2.363935276861412],[33.05639978028307,2.365604116749012],[33.05730112648308,2.366949903058639],[33.057675990756195,2.367954487844827],[33.058013173398194,2.368372781148651],[33.05847140671955,2.369313479280834],[33.058496443664694,2.371489118829913],[33.0589698323206,2.372470462389174],[33.05921444371518,2.373505765709979],[33.059804185004225,2.374410985822863],[33.05986386458022,2.374943407935291],[33.06041083306047,2.37581003797186],[33.06041083306047,2.376356536098228],[33.06403997683458,2.382801484760307],[33.06536760854391,2.384110952687251],[33.066374927421236,2.384477552415262],[33.06728092567721,2.385066782842557],[33.06831817098856,2.38536119733709],[33.069730388332346,2.386153829166972],[33.0707169806106,2.386466985366098],[33.071775190658,2.386553162553582],[33.075789224825996,2.385396952361134],[33.07982821116178,2.381213533016478],[33.080319666809544,2.380323932357214],[33.08084364074824,2.379721970653293],[33.084203957951786,2.371913228058872],[33.084203957951786,2.371366728565761],[33.084895760216114,2.370013536229806],[33.0850244108604,2.369520278657376],[33.0850244108604,2.368973778219242],[33.08557137933252,2.368107144034582],[33.0861007388516,2.36554817178677],[33.08693880032547,2.33398629835375],[33.08584486353118,2.329305524272911],[33.08557137933252,2.321687912911273],[33.085918606186,2.318712573166749],[33.093228936893524,2.301392656823509],[33.09430883938097,2.285763448302873],[33.09569029468116,2.283501647370883],[33.09571406989073,2.282964953941814],[33.096988917330975,2.281417850357172],[33.09822101513981,2.280358016327796],[33.099792557660294,2.278540138947562],[33.10569687965801,2.267331885889291],[33.10793305928007,2.265499508088851],[33.11548361594515,2.265328616468196],[33.11730416049511,2.268240817261244],[33.11774141611505,2.268505479782448],[33.117964409721935,2.268900549087903],[33.118351174819225,2.26928701085734],[33.11883024992147,2.269545499683261],[33.11946708963171,2.270402050099108],[33.12044121036121,2.270896886787853],[33.12097210853193,2.270964906678728],[33.12140579628664,2.271238175863118],[33.128515975684934,2.271235652161693],[33.132275753482475,2.270858959103236],[33.13505149201484,2.268242465409514],[33.137766901489556,2.263119928776405],[33.13851720944916,2.262330277236174],[33.1389007980614,2.261556035093804],[33.14026821905435,2.228069776318137],[33.14060941000025,2.227652388389117],[33.1411044228347,2.226678849760901],[33.14144376254126,2.226258220159366],[33.1425563718347,2.223961809145294],[33.142896729103086,2.223627756796361],[33.14363056377681,2.220521518835426],[33.150812650168746,2.212332161697077],[33.15093410239518,2.211835871255232],[33.15120758699868,2.21156259035439],[33.15120758699868,2.211016029266489],[33.152028039307254,2.20971593506988],[33.15219935881157,2.208674644100199],[33.15276137350503,2.207739134503811],[33.15284849219046,2.207213122682333],[33.153351114516454,2.206287246078148],[33.153395460222555,2.202471761959487],[33.153121976219154,2.202198479067135],[33.151627508329796,2.201899274076027],[33.147819291165604,2.201799507784983],[33.146755744757115,2.201552827261196],[33.129799724370116,2.20155282759066],[33.12551180500759,2.200732980052919],[33.115730934719295,2.200459697739348],[33.11415459063522,2.200186414968698],[33.11269152716949,2.199639849700986],[33.11054980593764,2.197544883969783],[33.11008293906718,2.19680507732221],[33.10969617391305,2.196418596369199],[33.10963798881011,2.195896113288939],[33.10927899809184,2.195643000441066],[33.10880809210795,2.194711316107828],[33.10837049231901,2.194447469692363],[33.10793680516491,2.19362761855075],[33.107116352554385,2.192807767262195],[33.10690314640476,2.192261198787605],[33.09623726307831,2.18624893820828],[33.09569029468116,2.18624893820828],[33.0945963578867,2.18424036810228],[33.09452872844565,2.183175218422207],[33.0940861501129,2.182223123598078],[33.09404938926127,2.180045506607485],[33.09541681017663,2.177283378668164],[33.09578625581196,2.176909268821248],[33.09625077463659,2.176643422807388],[33.10125665183756,2.169208560960897],[33.1082705678171,2.164305088622825],[33.115102344446484,2.152918433088985],[33.116751017538434,2.150856880007666],[33.11719454723527,2.150549088919604],[33.11935492542489,2.147570355283676],[33.120030388357236,2.145614920508706],[33.12057735645686,2.14474815343317],[33.12068215264884,2.144226289616086],[33.12139419951188,2.14280319236309],[33.1211243251517,2.135811612628913],[33.1218464961986,2.133875496823066],[33.121944777372164,2.132822999521863],[33.122218261946216,2.132389612423538],[33.122239474181185,2.131864220247735],[33.1224917461447,2.131569727757096],[33.12251295819618,2.131044335685885],[33.122765230280834,2.13074984265171],[33.12278644219964,2.129677858985076],[33.12464769657868,2.127250100937488],[33.12534164522799,2.126671608132881],[33.125854913835326,2.126590306447326],[33.1260488169861,2.126125016765684],[33.128283613097324,2.125305128461946],[33.13522070016211,2.123938647496402],[33.1363146369564,2.123938647496402],[33.13736419303575,2.123665351423199],[33.13844711887208,2.123618738590096],[33.14081518708241,2.122850099317873],[33.15321731775646,2.122025572114239],[33.16352742432923,2.130367617199852],[33.16659885514946,2.131864220047191],[33.169876757315535,2.131840155576583],[33.17039565742027,2.131667308314775],[33.171250628648295,2.13104433530134],[33.17171890189445,2.130965694574343],[33.17250476877729,2.130497745094658],[33.17277825280121,2.130224449990408],[33.1750332110139,2.1266391312667],[33.17652738780913,2.125107933061486],[33.17702056976253,2.12419049849035],[33.17806523677376,2.122950279129554],[33.17823820321655,2.122431735726138],[33.179917423640745,2.12039779153281],[33.18034368955966,2.120112494365003],[33.180847667820046,2.12000877803581],[33.181758033023016,2.119565900288194],[33.1833496162688,2.119357112104467],[33.18594512761848,2.117379522313684],[33.18649061774869,2.117375955358057],[33.18687738281153,2.116989454316752],[33.18734276965665,2.116730079706258],[33.19285638340676,2.114743621747948],[33.19442997587339,2.114373246938214],[33.19607088090714,2.114373246653827],[33.19703336909441,2.114023040829466],[33.20447057668446,2.106513968810873],[33.20649824693891,2.106127465067743],[33.20695134113163,2.105900985770916],[33.211327087955,2.105900986147162],[33.21235646384588,2.105627685929335],[33.21290343263951,2.105627686255616],[33.21333712017247,2.105354386692397],[33.213835468095965,2.105305799861981],[33.21410895267883,2.105032499802633],[33.214336714549745,2.104580178881804],[33.21453009733665,2.103567027361464],[33.2151446951749,2.102679543541171],[33.215767942799744,2.101236814874994],[33.216154707953706,2.100850309733005],[33.21676930562671,2.099962823830992],[33.21792960108877,2.098803308070615],[33.219567138223454,2.098795182873346],[33.22162589052897,2.098248581245059],[33.22326679572063,2.098248581245059],[33.225325547586294,2.097701979487226],[33.229154326346645,2.097701979431463],[33.234045908037444,2.101227514774394],[33.2344813931029,2.102209307334931],[33.2352549228832,2.102982316489886],[33.23559837217266,2.103950907850958],[33.23650816433286,2.105301437894354],[33.237022386772935,2.105354386692397],[33.23745607430595,2.105627686255616],[33.239080022126586,2.105571719175089],[33.24849348316894,2.101329315949215],[33.248841445685514,2.10092674896606],[33.248841445685514,2.10038014853501],[33.24971097625303,2.098423791919288],[33.25075583529252,2.096569026631414],[33.25204334249912,2.095828801996049],[33.255005188203995,2.093455468465493],[33.25598764166659,2.093020273994284],[33.257341319276975,2.091394196865508],[33.2669036132869,2.074459026429906],[33.27263745090761,2.069275548199244],[33.27372850796246,2.067860934370344],[33.27400199196569,2.066334303772237],[33.27473147955584,2.065543045519689],[33.27564289736591,2.063298666130891],[33.27755728675618,2.060278852991075],[33.27755728670519,2.05973223778426],[33.278010323272554,2.058986640062074],[33.27837773935198,2.05875221545341],[33.27886395529771,2.057860251769341],[33.27925072036055,2.057473736094607],[33.2794716761465,2.057018584133857],[33.28001864453245,2.056471968380492],[33.28189298835588,2.055106477928746],[33.28422881740215,2.054246533163223],[33.28532275431405,2.054246533163223],[33.285838116677326,2.054170277798903],[33.28630341007545,2.05397322399682],[33.28903825190616,2.05397322399682],[33.290018908262994,2.053699915751451],[33.29275375024912,2.053699915751451],[33.30444241687127,2.058892769265071],[33.30936083856676,2.058866324942585],[33.30987973834982,2.058693469998559],[33.3109596408371,2.058607042519668],[33.31201121362005,2.058346154272328],[33.31255818232347,2.058346154067692],[33.32076105511726,2.054519841385172],[33.32219807825459,2.053363780437905],[33.32391194628195,2.052606681054215],[33.33881774724455,2.051240137053412],[33.35975598106495,2.038974950858346],[33.36036030111279,2.039578889068707],[33.36037172049663,2.040428258179929],[33.36171328789817,2.042271733050995],[33.362825861176134,2.044495464579882],[33.362935635009364,2.047885939716991],[33.36250831578917,2.049167077874699],[33.36250831578917,2.050875259595216],[33.359734752909674,2.056776900101625],[33.354713423863075,2.06157578198156],[33.35369317095069,2.063773418758501],[33.35182533932624,2.066492648278995],[33.34501329572714,2.070764525960101],[33.344426133527975,2.075731345958218],[33.343852824417525,2.077304248787016],[33.34370627685519,2.078123752943782],[33.34370627685519,2.081540053193407],[33.34327895815602,2.083071315721782],[33.34327895815602,2.088195747674149],[33.34467048895539,2.089822441902697],[33.3450391943789,2.090459170568238],[33.34712482977733,2.0927619716457],[33.34734353118614,2.09339748407308],[33.34797946789797,2.09361603950282],[33.34926142507891,2.096501657753151],[33.34994707435652,2.100488167493211],[33.35158693329498,2.102246046752441],[33.351939022922124,2.1029058082338],[33.357381878397746,2.107490928663083],[33.35907166693937,2.109179573306449],[33.35937382696312,2.109908558541974],[33.359987087495085,2.110500073997798],[33.36075149906878,2.110882020472957],[33.36180979453144,2.112207362965592],[33.36306908003701,2.113174272888045],[33.363790272785025,2.113479657786229],[33.36410071950792,2.114205210441696],[33.36668953955052,2.115603087645695],[33.36754417784715,2.115603087645695],[33.37101336547323,2.117717573488505],[33.3718631250195,2.117738225117137],[33.37263241519099,2.1180995179256],[33.37587051457945,2.118863407040806],[33.38084190576029,2.121987940201166],[33.39694825683341,2.138916654762511],[33.399266647783406,2.139952366256352],[33.403967101372075,2.143386136069353],[33.40423736192429,2.144196349721256],[33.4047307600934,2.144813171930025],[33.40536769702163,2.145322495212099],[33.405797766411524,2.146051897246878],[33.40702148293252,2.147238787461049],[33.40846137812849,2.148056857922029],[33.40924662952841,2.148350579197597],[33.40994073164535,2.148354921136502],[33.41136578056228,2.146632809890548],[33.411667941484666,2.145903842016025],[33.412876581580235,2.144696048146841],[33.4140435551181,2.142419079333536],[33.41592319810337,2.139750615174194],[33.419258678685935,2.135412269716369],[33.42101471348815,2.133965173355932],[33.423142456781875,2.130167098084428],[33.423572814437875,2.128540162370086],[33.424042260574424,2.12786982429526],[33.424042260574424,2.127015775974485],[33.42446957927359,2.126588750739074],[33.4245866796993,2.125851720509672],[33.42501399875948,2.125424695488789],[33.42585627430407,2.125372362802523],[33.42804529541439,2.124091267912263],[33.429638446790875,2.123482576448282],[33.43130212899837,2.123289568614211],[33.43409160945333,2.122008491230474],[33.43580088596923,2.122008491073302],[33.43733316086036,2.122435517038298],[33.43985306586825,2.122479496199901],[33.440324393982394,2.122862543218218],[33.44198966116983,2.122906522034725],[33.44246098927505,2.123289568586358],[33.448459273090634,2.124814050225552],[33.44914055779964,2.125311246191927],[33.44992000798368,2.125543915272715],[33.45053604237643,2.126017497059138],[33.453228652614484,2.129098106030085],[33.454467933335195,2.130976011536177],[33.45523655166636,2.131061971782231],[33.4556638711004,2.131488994921028],[33.4560268562156,2.132192792000467],[33.45681933828115,2.132407391860681],[33.45753964325576,2.132850485335496],[33.45814396345639,2.133454387250993],[33.46179135976689,2.134964140282023],[33.463132197736286,2.135988654848177],[33.46348114830852,2.136652754922693],[33.464210252306884,2.136954859954528],[33.4654922094299,2.138736212000083],[33.4654922094299,2.141298337807427],[33.46164633754404,2.145190050068891],[33.459509742251385,2.150109859054339],[33.45800320104456,2.152124448320194],[33.45780046640198,2.152894566990199],[33.45727372206369,2.153280430144946],[33.45694582825968,2.153998742721683],[33.45609118996299,2.154852776904249],[33.45527294481366,2.15488914352062],[33.454809232967136,2.155279793367129],[33.453990987219186,2.155316160170401],[33.45224531861771,2.156987859402989],[33.45142707322748,2.157024226578358],[33.450108723316134,2.160553320976248],[33.45096336108111,2.16140735136878],[33.45104329856497,2.16222829396213],[33.45164761927202,2.162832183574949],[33.45224531861771,2.163188674626042],[33.45237709823425,2.163988157404162],[33.453710897903534,2.165748018803697],[33.45438191391929,2.166074162568634],[33.45523655166636,2.166928189833015],[33.45656781000156,2.169005267963485],[33.45733222151108,2.169387199384914],[33.45808115235343,2.170688685977382],[33.45822778525553,2.171396183158549],[33.459509742251385,2.172927356489083],[33.46164633754404,2.184353021855088],[33.46851489359295,2.193113844948925],[33.46816483381872,2.194290654934207],[33.46798980349922,2.194568011489025],[33.46798980349922,2.194917814688552],[33.467790179876886,2.195086914257388],[33.46763974415734,2.195401230084997],[33.467630074042006,2.195747030662289],[33.46720607701212,2.196299940180495],[33.467110085939794,2.196970807392063],[33.46676459472195,2.197907557136489],[33.466590323507944,2.198185226743817],[33.467464713961135,2.207282300862516],[33.46746366203388,2.209730463491383],[33.46709236766566,2.211325779335425],[33.46634569060291,2.212490491929032],[33.46623950506063,2.212815242387194],[33.465415792221165,2.214174001896367],[33.46530434116141,2.214451697384447],[33.46466423582592,2.21521126325564],[33.46022368716501,2.217489733666014],[33.4597194162252,2.217971651415667],[33.45940778502131,2.218130125868242],[33.45891272550688,2.21862481440013],[33.45876265819771,2.218886919107149],[33.45853819001712,2.219098091524643],[33.458130382725926,2.219639172730808],[33.457752948372786,2.220218576723312],[33.45618872993481,2.223233638209138],[33.45589418403125,2.223408614987079],[33.45561382232904,2.224020018968247],[33.45506104022701,2.224898750225066],[33.45400325272743,2.22615406797064],[33.453188763578964,2.226743816770295],[33.452203672180474,2.227077800443737],[33.45170770951893,2.227571233248227],[33.4513946063164,2.227727666868759],[33.45031880251281,2.228611450910591],[33.450159671634026,2.228922459871626],[33.44992546017829,2.22917939368574],[33.44978669561971,2.229471753529992],[33.44955416581007,2.229725304061503],[33.44943040042193,2.230023872738286],[33.44918287054355,2.23027121513212],[33.44905910605371,2.230569782800671],[33.446919206757514,2.233232750839477],[33.445974334487175,2.234974853488097],[33.44366064962338,2.237357714747873],[33.4404421231867,2.239390761189838],[33.43894087164085,2.240855212257827],[33.43829927243013,2.241118929235654],[33.436457752889396,2.242690148765973],[33.43584261189329,2.243892836425459],[33.43543424492918,2.244433776554956],[33.43490915526786,2.245296974450525],[33.43490915526786,2.249144670577209],[33.43753460357442,2.252576421561059],[33.44511629780368,2.252560768851708],[33.45181905130505,2.250023752378524],[33.452221479484365,2.249462361978374],[33.45223711376349,2.249116260033588],[33.45258717375498,2.248561567351601],[33.45258717375498,2.24821177685692],[33.45276220375308,2.247934430620262],[33.45283121816988,2.247613205268863],[33.45565850832156,2.243834466467888],[33.45598050128058,2.243766758656648],[33.456228030920784,2.243519418776145],[33.46410387932798,2.24261019585748],[33.46566439311374,2.242847547335145],[33.46659621368167,2.243253695118312],[33.467185681962576,2.243607609303524],[33.46752346613937,2.243659570569264],[33.467834262004374,2.243789149793031],[33.46867775580165,2.244346994955436],[33.469662513270634,2.245253466971292],[33.46974163688088,2.245583422448135],[33.46999409467935,2.245741224750191],[33.470228921718615,2.246385413748328],[33.470724950757244,2.247267094806773],[33.470905514664196,2.247912453988192],[33.47131537178666,2.248381746968278],[33.48044837647785,2.250079746979111],[33.48044837647785,2.255417106600419],[33.47978069016824,2.256084275513786],[33.47978069016824,2.261421613999801],[33.48190889519606,2.262450075635854],[33.48257365209963,2.263534308016858],[33.483873227678146,2.263620661509037],[33.50253334347525,2.276210388621621],[33.51575787667389,2.282881965255115],[33.53466756897495,2.295557875323766],[33.53772943411224,2.298226473837644],[33.53786937533067,2.299420942622362],[33.53853706116314,2.300478897567302],[33.53853706116314,2.312487509036259],[33.53788732481644,2.313552882642114],[33.53786937533067,2.328222496991543],[33.53741519922221,2.329368795827463],[33.53653400313243,2.330338361926522],[33.53647094858593,2.334315063311408],[33.535386023407455,2.33625345586421],[33.53485901218096,2.339928443047938],[33.53119251501306,2.34786963042194],[33.53119251501306,2.34920388082611],[33.521844910568404,2.36414226204937],[33.521844910568404,2.368382118338468]]]}},{"type":"Feature","id":"gb:47994165B60823564237207","properties":{"id":"gb:47994165B60823564237207","name":"Erute","parentId":"gb:17295835B80141219017784","level":"ADM2","countryCode":"UG"},"geometry":{"type":"Polygon","coordinates":[[[32.76384456764316,2.604413554523148],[32.77207097250255,2.587811745439751],[32.78515543765798,2.573823557471258],[32.791246515660305,2.560612303193011],[32.80327276722187,2.546453291710975],[32.804061301007664,2.544528066367718],[32.80410144212408,2.542439243630042],[32.804161738230505,2.542114479204201],[32.804360459509724,2.541832048738854],[32.80455508084907,2.541196950559822],[32.80500948349504,2.540677275493636],[32.805120182115445,2.540345506039444],[32.80537580055727,2.540139301526949],[32.80603705762428,2.539356436716446],[32.80619360938999,2.53904364159223],[32.808946460972386,2.537014412197759],[32.80925126888428,2.536821432054069],[32.81021462254745,2.536409542858962],[32.81121063050483,2.53607700831634],[32.8120767977922,2.535497138112191],[32.81406937315063,2.534833596068665],[32.81469608082159,2.534522009465775],[32.82019087820652,2.533606663906596],[32.825337933730566,2.532755777439888],[32.836887586518685,2.532732369562609],[32.84034639517648,2.531212340483478],[32.84063498959205,2.531031431716087],[32.8416251081527,2.530042278687404],[32.84190607349041,2.529415513480728],[32.84198359360681,2.527685066485617],[32.84309100602297,2.52407351488938],[32.84745205641951,2.516409014094279],[32.84978424265972,2.498511584206256],[32.8567766526416,2.492173248389747],[32.85696046788797,2.491899586837462],[32.85696046788797,2.491549857823884],[32.85713549791831,2.491272560043058],[32.85714337116792,2.490924688205439],[32.85753475006925,2.489967805504705],[32.85848634802613,2.488115747049278],[32.85748555742606,2.467705094922621],[32.8572120734226,2.46743186450675],[32.8572120734226,2.466885403506751],[32.85803252608986,2.4656969257951],[32.85812816816281,2.465246017364336],[32.85856702212857,2.464985247112224],[32.85914716941045,2.464132405425687],[32.859533934564354,2.463745997845081],[32.85998099608497,2.463538531902145],[32.86023204501612,2.463060167529193],[32.86098793690354,2.462513703836578],[32.86147030232598,2.46235788213329],[32.861857067388826,2.46197147412903],[32.862323933852,2.46177826972081],[32.8627183661269,2.461402489492173],[32.86320758952894,2.461158103003925],[32.86322872586322,2.460624690362181],[32.86375206291427,2.460601081391587],[32.86428322201567,2.459860193281827],[32.86476187709144,2.459698595961754],[32.865197107968186,2.459400266487762],[32.86547276967127,2.458961687515114],[32.86839889690248,2.457868757850292],[32.86949283369694,2.457868757850292],[32.870907177160234,2.457322292537867],[32.87143325148145,2.457301417819735],[32.871727629400084,2.457049059976669],[32.87275700529091,2.456775827375679],[32.876974138158175,2.456158224292835],[32.87736090322102,2.455771814492891],[32.879511911324414,2.455136428801097],[32.8797698111718,2.454797239752509],[32.88024347593557,2.454531286589031],[32.880630241089534,2.454144876227531],[32.883062404568534,2.453015836108193],[32.883593950156694,2.45295056199069],[32.88386743430203,2.452677328065931],[32.88401352462165,2.452276817559948],[32.88401352462165,2.45009094559083],[32.884287009156196,2.449062510696933],[32.88431510880946,2.447429730673605],[32.88455972007722,2.446940953069429],[32.884560493354854,2.445848195938595],[32.88483397753026,2.444819757742323],[32.88483397753026,2.440994458630712],[32.88504894347932,2.440498686628587],[32.88538094553695,2.438937572462976],[32.88538094553695,2.432379881633551],[32.88541586125547,2.431841640951461],[32.88565443014937,2.431351432983547],[32.88564487505914,2.405670772192934],[32.88431772651626,2.401916289463088],[32.884287009156196,2.394819174327495],[32.88565443014937,2.38799697514736],[32.88565443014937,2.381985534614103],[32.88586431731335,2.381488543867931],[32.88620139844562,2.379908396996598],[32.88620139844562,2.373896920979917],[32.88594657041921,2.373455884804855],[32.88592791434786,2.372917106502541],[32.88565443014937,2.372483790783235],[32.88426647035499,2.37207099613039],[32.883805619300574,2.371863268607171],[32.88339909493368,2.371524496499205],[32.88093773710625,2.371251246702911],[32.876759267579644,2.368791994312403],[32.86355672515407,2.352997843459264],[32.86104085216539,2.346381825526976],[32.86076736807581,2.346108570238016],[32.860378163701625,2.345176628694503],[32.85999139863884,2.344790187516821],[32.85994691525332,2.344262087366701],[32.85885297834142,2.342640177552255],[32.85876669426,2.342114017952099],[32.857487355853266,2.340375448108432],[32.85618703808973,2.339007370147669],[32.855091774166965,2.337229610544682],[32.85387244041692,2.336001547156286],[32.85310981051475,2.334803860814532],[32.853005065317745,2.334362004418438],[32.85256887755162,2.333548262901047],[32.851180749570744,2.318771596303179],[32.85040721926265,2.316905656947995],[32.85037496852863,2.316372483666783],[32.84900754753568,2.313659293801663],[32.84866677651894,2.313253808362845],[32.848460579025186,2.312792625534541],[32.847913610741216,2.312246102608071],[32.847459559238644,2.312047573596885],[32.84706435902018,2.311681470550013],[32.84010232753337,2.309222113664759],[32.8346326436544,2.309222113885369],[32.832558050929606,2.309495375967515],[32.83204422473733,2.309635655609441],[32.8316017128318,2.309944824420711],[32.831094987463814,2.310041899973783],[32.82844565590773,2.310365697518307],[32.81338882050227,2.322338634717141],[32.81230182841921,2.322368028515143],[32.81181247617661,2.322611893978262],[32.81126550769949,2.322611894074157],[32.810236131808665,2.322885153378252],[32.809142194896765,2.322885153378252],[32.80811281900594,2.323158412629539],[32.804284040263155,2.323158412629539],[32.803882654765175,2.323012949748318],[32.80358027850991,2.322597460133522],[32.80309105510804,2.322353048913556],[32.801694781176366,2.320135364549571],[32.798982121048596,2.313889725899628],[32.79786600239578,2.305942964803705],[32.80579704395012,2.291186700655487],[32.80579704395012,2.28462831232298],[32.801567137788595,2.276913049953009],[32.80059476778882,2.276418140685166],[32.80035015593717,2.275929303006706],[32.799950251125665,2.275575964588484],[32.79943135097989,2.275403133963266],[32.7985273184139,2.274904930631862],[32.79814055335129,2.274518470335749],[32.79711161884529,2.274244135272681],[32.796195524104974,2.273697597990179],[32.7947811805891,2.273151060500652],[32.79433671902302,2.27290378183676],[32.793763739416704,2.272368009379818],[32.79325355642413,2.272331252901552],[32.79246925210293,2.271584321596833],[32.792002385089745,2.271391090828047],[32.79119839919855,2.270691637442894],[32.79075541298266,2.269881119692741],[32.790208444834775,2.26933458072574],[32.790208444834775,2.268788041195478],[32.78967077529546,2.268232209886492],[32.78966147607059,2.266601881198653],[32.79023504858293,2.264653112972724],[32.79551427952282,2.256208283363833],[32.79622145128076,2.255661739276832],[32.79622509720417,2.255118837336738],[32.79649858140266,2.254845564919208],[32.79668938550884,2.254377992416892],[32.797319033556164,2.251857189575958],[32.804372918679064,2.238502144197582],[32.80587705509572,2.237625656034822],[32.806947557405636,2.237569123001094],[32.81086109244677,2.236188664996462],[32.82357351674841,2.229129262539061],[32.826299710087255,2.226703231485487],[32.827322788165475,2.226324396283133],[32.82878901188178,2.22558862420027],[32.829714508726624,2.2250135064495],[32.83269300664517,2.223777950517956],[32.852888870930656,2.210844397569531],[32.86306338810925,2.209751274681878],[32.867107977250896,2.207949730675637],[32.86876251418556,2.206029950514449],[32.869725471958816,2.205514418975952],[32.87286738218825,2.203330268580658],[32.87438841122889,2.202772468561989],[32.87710832505127,2.201074307070769],[32.87762708775483,2.201006262316412],[32.87784867608417,2.200607784424278],[32.87831554310105,2.200414544532464],[32.878702308163724,2.200028064605306],[32.87968404248687,2.199639849700986],[32.881320063383384,2.199619174740405],[32.8833836995442,2.199093284233072],[32.89377609892239,2.199093284522803],[32.89476855105357,2.198730924706183],[32.896827660406245,2.192653261648729],[32.896867282292305,2.183914574428854],[32.89755221483,2.183104934688004],[32.8985346686498,2.182669765366768],[32.89892143327427,2.182283280821423],[32.89939464854888,2.182036573505172],[32.90137904872017,2.181125194470553],[32.9027852112788,2.18028597940048],[32.90319265205733,2.179928159331951],[32.90343090305885,2.179480201895672],[32.90343090305885,2.174014464776917],[32.90322087222472,2.173677769696042],[32.90267390372685,2.173677769274889],[32.90282048093354,2.173404482033163],[32.90389224454651,2.173310621181429],[32.904603333141836,2.172565010419305],[32.905652181551204,2.172277951119611],[32.90681247637673,2.17111848973758],[32.90782631186681,2.169832093547882],[32.908599841721184,2.169059117491031],[32.9093273791849,2.1670857493732],[32.91162210940848,2.162772853560625],[32.911635428729255,2.162229416954347],[32.91190891321571,2.161796037820523],[32.91190891321571,2.160702879197515],[32.9113619447258,2.159836121017236],[32.910541491817355,2.156847554410604],[32.9077518455677,2.155039346224953],[32.9063352211478,2.154421788169088],[32.905297421581906,2.154076099468455],[32.904378520715,2.153517903775423],[32.90284505883966,2.153103377926584],[32.89556097560546,2.149142774297502],[32.89482062467704,2.148676235891912],[32.894132439934424,2.147481429773507],[32.894132439934424,2.146348782367795],[32.894679408703325,2.136236932581824],[32.894679408703325,2.13569034422045],[32.895773345497844,2.132110471661349],[32.895773345497844,2.128830929781316],[32.895499861299186,2.127255672594742],[32.8920179025954,2.120732373898875],[32.8918245197475,2.119719232542479],[32.89139759810371,2.118754073045579],[32.89093643802721,2.118558461009513],[32.89042501251049,2.117926116899298],[32.88942128561405,2.11759093918613],[32.889034520460086,2.117204438107365],[32.886582790510204,2.116286331775086],[32.87250837228163,2.114646545334551],[32.866475124975636,2.11156949005948],[32.86622243084389,2.111093667707792],[32.86487232944717,2.110275119795176],[32.86329810108208,2.108633978507555],[32.86322872586322,2.107610110563883],[32.862955241664736,2.106630117721465],[32.862955241664736,2.1053543866686],[32.862955241664736,2.103350521909476],[32.8634062312928,2.102444001749234],[32.864179761600724,2.101670992865081],[32.86617752456556,2.100161685892374],[32.875993906475514,2.095788871831132],[32.87642759400853,2.095515570546581],[32.87668009905366,2.095191655065491],[32.87790187072221,2.094469833905293],[32.878164141672926,2.094149063408224],[32.879128984671524,2.093837611604101],[32.88033437645913,2.092509253328842],[32.8808375192566,2.092403518508092],[32.88172560148928,2.091789330769586],[32.88195764367083,2.091416045557082],[32.88277809586589,2.091142743647254],[32.883483292228505,2.090587776665529],[32.8839725156306,2.090343328208007],[32.884997051398614,2.090049534865784],[32.8855440198638,2.090049534845889],[32.886068585225814,2.089911574505322],[32.88812554023656,2.089229627848113],[32.8892184474534,2.089225269386304],[32.891261396438665,2.088455090515197],[32.90587956697101,2.087589812548742],[32.90692912346924,2.087316509855953],[32.90911405256685,2.0872809558727],[32.911804197916695,2.08679083338842],[32.91398999811656,2.086769904287678],[32.91722860891281,2.086248280005577],[32.91886381968101,2.0861938677387],[32.91992771423497,2.085949995831527],[32.9418668161328,2.088409720422476],[32.94214030033129,2.088136417852184],[32.94300767518058,2.087589812548742],[32.94546207286106,2.086402619913883],[32.954241559661,2.082962782067511],[32.958359665095486,2.080641345606693],[32.96578530003262,2.071907403618354],[32.97102421528268,2.068573817587321],[32.97375476948838,2.066252857548932],[32.97424399289537,2.066008404872207],[32.97502156847639,2.06524098714317],[32.976998152257295,2.062615809890531],[32.9781182310424,2.058866644268107],[32.978504996196364,2.058480128746112],[32.979430122299334,2.058072846306004],[32.98007273316932,2.057252922739792],[32.98052019405969,2.057012845684483],[32.980906959213655,2.056626329713083],[32.98179504150522,2.056012128082557],[32.98277749496782,2.055576923309388],[32.98316426003049,2.055190407081454],[32.99094207159203,2.053427865050537],[33.00661643237737,2.053932257377937],[33.02572961022361,2.044680708713543],[33.0289314143443,2.042098619730893],[33.030470288696165,2.040307741200252],[33.03221585273542,2.039240588645498],[33.03325459535978,2.038941186611339],[33.03368828298517,2.038667875847807],[33.034212141700664,2.038612119453774],[33.03466893887571,2.038394564809778],[33.03630984379447,2.038394564809778],[33.03678678004002,2.038563530632302],[33.037177219173145,2.038941186920397],[33.03852753971029,2.039758842572724],[33.03877215114096,2.040154381975015],[33.03999672375653,2.041224817875843],[33.04093045691735,2.041611337564632],[33.04161153441294,2.042220916212614],[33.04205757310439,2.04246442675327],[33.042318706170875,2.042767536713484],[33.0446022223021,2.043587468047861],[33.04564268633561,2.043640906798714],[33.04781767401232,2.044680708796477],[33.05000554783629,2.044680708796477],[33.051693375355626,2.045500639119382],[33.052150272882216,2.053917226682643],[33.0605614162796,2.061291125815899],[33.06150476985499,2.062564126602808],[33.06158851849659,2.063622686959718],[33.061902866454545,2.064061362573568],[33.06220311620763,2.065056805788402],[33.063412131525695,2.066811648261648],[33.065686525580645,2.069164002002992],[33.06707000575909,2.071191565906929],[33.07071882943694,2.07411357600273],[33.072138613804725,2.074865176857315],[33.073174805608915,2.075109628167922],[33.07408504263901,2.075591970401945],[33.07435852718959,2.075865275472779],[33.07457138334735,2.076323774850096],[33.07495814850125,2.076710286026412],[33.07517897955108,2.077165483846102],[33.07603961320393,2.077791040060049],[33.076813143511856,2.079110669625493],[33.076819884977,2.081294310597571],[33.07709336917566,2.081567614356004],[33.07709336917566,2.084847255759428],[33.07846079016866,2.088800135311146],[33.07928124276464,2.089828826925498],[33.079333871894676,2.090322836908115],[33.084203957951786,2.095241983645337],[33.08877112401029,2.09658143893887],[33.09574413291,2.097428678675897],[33.096793689453705,2.097701979431463],[33.097340658105054,2.097701979487226],[33.09942469559627,2.098217143049169],[33.10270140063085,2.098248580799179],[33.103758339529406,2.098476418540372],[33.1053918620932,2.098521882308944],[33.106441418636905,2.098795182873346],[33.11683381841584,2.098795182811727],[33.120030388357236,2.099089149227211],[33.12534164522799,2.126671608132881],[33.12464769657868,2.127250100937488],[33.12278644219964,2.129677858985076],[33.122765230280834,2.13074984265171],[33.12251295819618,2.131044335685885],[33.1224917461447,2.131569727757096],[33.122239474181185,2.131864220247735],[33.122218261946216,2.132389612423538],[33.121944777372164,2.132822999521863],[33.1218464961986,2.133875496823066],[33.1211243251517,2.135811612628913],[33.12139419951188,2.14280319236309],[33.12068215264884,2.144226289616086],[33.12057735645686,2.14474815343317],[33.120030388357236,2.145614920508706],[33.11935492542489,2.147570355283676],[33.11719454723527,2.150549088919604],[33.116751017538434,2.150856880007666],[33.115102344446484,2.152918433088985],[33.1082705678171,2.164305088622825],[33.10125665183756,2.169208560960897],[33.09625077463659,2.176643422807388],[33.09578625581196,2.176909268821248],[33.09541681017663,2.177283378668164],[33.09404938926127,2.180045506607485],[33.0940861501129,2.182223123598078],[33.09452872844565,2.183175218422207],[33.0945963578867,2.18424036810228],[33.09569029468116,2.18624893820828],[33.09623726307831,2.18624893820828],[33.10690314640476,2.192261198787605],[33.107116352554385,2.192807767262195],[33.10793680516491,2.19362761855075],[33.10837049231901,2.194447469692363],[33.10880809210795,2.194711316107828],[33.10927899809184,2.195643000441066],[33.10963798881011,2.195896113288939],[33.10969617391305,2.196418596369199],[33.11008293906718,2.19680507732221],[33.11054980593764,2.197544883969783],[33.11269152716949,2.199639849700986],[33.11415459063522,2.200186414968698],[33.115730934719295,2.200459697739348],[33.12551180500759,2.200732980052919],[33.129799724370116,2.20155282759066],[33.146755744757115,2.201552827261196],[33.147819291165604,2.201799507784983],[33.151627508329796,2.201899274076027],[33.153121976219154,2.202198479067135],[33.153395460222555,2.202471761959487],[33.153351114516454,2.206287246078148],[33.15284849219046,2.207213122682333],[33.15276137350503,2.207739134503811],[33.15219935881157,2.208674644100199],[33.152028039307254,2.20971593506988],[33.15120758699868,2.211016029266489],[33.15120758699868,2.21156259035439],[33.15093410239518,2.211835871255232],[33.150812650168746,2.212332161697077],[33.14363056377681,2.220521518835426],[33.142896729103086,2.223627756796361],[33.1425563718347,2.223961809145294],[33.14144376254126,2.226258220159366],[33.1411044228347,2.226678849760901],[33.14060941000025,2.227652388389117],[33.14026821905435,2.228069776318137],[33.1389007980614,2.261556035093804],[33.13851720944916,2.262330277236174],[33.137766901489556,2.263119928776405],[33.13505149201484,2.268242465409514],[33.132275753482475,2.270858959103236],[33.128515975684934,2.271235652161693],[33.12140579628664,2.271238175863118],[33.12097210853193,2.270964906678728],[33.12044121036121,2.270896886787853],[33.11946708963171,2.270402050099108],[33.11883024992147,2.269545499683261],[33.118351174819225,2.26928701085734],[33.117964409721935,2.268900549087903],[33.11774141611505,2.268505479782448],[33.11730416049511,2.268240817261244],[33.11711077753836,2.267774316086673],[33.11702206261583,2.267264494973517],[33.11548361594515,2.265328616468196],[33.10793305928007,2.265499508088851],[33.10569687965801,2.267331885889291],[33.099792557660294,2.278540138947562],[33.09822101513981,2.280358016327796],[33.096988917330975,2.281417850357172],[33.09571406989073,2.282964953941814],[33.09569029468116,2.283501647370883],[33.09430883938097,2.285763448302873],[33.093228936893524,2.301392656823509],[33.085918606186,2.318712573166749],[33.08557137933252,2.321687912911273],[33.08584486353118,2.329305524272911],[33.08693880032547,2.33398629835375],[33.0861007388516,2.36554817178677],[33.08557137933252,2.368107144034582],[33.0850244108604,2.368973778219242],[33.0850244108604,2.369520278657376],[33.084895760216114,2.370013536229806],[33.084203957951786,2.371366728565761],[33.084203957951786,2.371913228058872],[33.08084364074824,2.379721970653293],[33.080319666809544,2.380323932357214],[33.07982821116178,2.381213533016478],[33.075789224825996,2.385396952361134],[33.071775190658,2.386553162553582],[33.0707169806106,2.386466985366098],[33.069730388332346,2.386153829166972],[33.06831817098856,2.38536119733709],[33.06728092567721,2.385066782842557],[33.066374927421236,2.384477552415262],[33.06536760854391,2.384110952687251],[33.06041083306047,2.376356536098228],[33.06041083306047,2.37581003797186],[33.05986386458022,2.374943407935291],[33.059804185004225,2.374410985822863],[33.05921444371518,2.373505765709979],[33.0589698323206,2.372470462389174],[33.058496443664694,2.371489118829913],[33.05847140671955,2.369313479280834],[33.058013173398194,2.368372781148651],[33.057675990756195,2.367954487844827],[33.05730112648308,2.366949903058639],[33.05639978028307,2.365604116749012],[33.05500300241533,2.363935276861412],[33.054530164293055,2.363668158971677],[33.053887087330565,2.362820311411326],[33.05369370507134,2.362353841380013],[33.053306940008724,2.361967404963991],[33.04739889160783,2.35103059762065],[33.046031470189746,2.350757343353109],[33.044709621707,2.350291203926815],[33.04367343025416,2.350046798038761],[33.043240879810696,2.349723828559377],[33.04219535670262,2.349518115876549],[33.027169881037196,2.34214561133706],[33.026644420494904,2.342013186410043],[33.01515808419521,2.342013186698182],[33.01465348619854,2.341833852029822],[33.01358173947074,2.341739930821404],[33.0130703258846,2.34158944415185],[33.01223195697611,2.340920162838302],[33.0116983612906,2.340887906124578],[33.011311596136466,2.340501463672297],[33.010836398972344,2.340257988304415],[33.009862275816715,2.339873120735888],[33.009334369848546,2.339827138936869],[33.00140355854006,2.334088747339933],[32.99479047313383,2.33272246025308],[32.99187390122273,2.330097395136363],[32.991589741245605,2.329090541413677],[32.991259303549725,2.328663530359051],[32.99121933081244,2.328133557565423],[32.99009201880227,2.326967365771395],[32.98813512517381,2.325989725449858],[32.9865329371583,2.325853873137135],[32.98608385652534,2.325617745560976],[32.98116114095046,2.325617745560976],[32.98072745336202,2.325891004926518],[32.9781058922955,2.326164263342775],[32.975574132987504,2.3275871087057],[32.97453679443004,2.328637262871837],[32.97180195259921,2.334804812338518],[32.97201902599596,2.354309641614691],[32.9663769673096,2.361598140983688],[32.964869172953,2.368245492689425],[32.96282266610706,2.369862168702014],[32.961956521289835,2.371091356938905],[32.961783475932236,2.371597041180223],[32.96145507962228,2.372025508681702],[32.961316040458485,2.372531110008538],[32.96103386431537,2.372992862465821],[32.96067973320004,2.373985328198501],[32.95998378140001,2.377594282681514],[32.95969189181483,2.3780393009622],[32.958753338967995,2.380579284090913],[32.95867471117782,2.381659527836064],[32.95846376276904,2.382118721405789],[32.95840122655056,2.382639336114664],[32.95753002960822,2.383051648262835],[32.956659176675885,2.383705896668687],[32.95571330732025,2.384093937668013],[32.95566638471985,2.384593550152715],[32.95539290071639,2.384866798204087],[32.954845932397404,2.386279915539603],[32.955939869191695,2.406005897192017],[32.95663715811469,2.407196721186779],[32.95753940103788,2.407708972031742],[32.96226599602102,2.408840590269051],[32.963705133312885,2.409613329097738],[32.96441787911709,2.410251268913896],[32.96532429361184,2.410598686514561],[32.96578530003262,2.411231056757799],[32.96584608453628,2.411752385589807],[32.966058784540394,2.412210843832042],[32.966058784540394,2.41330381083128],[32.96633226873905,2.414283596644793],[32.96633226873905,2.415376561977268],[32.96660575293754,2.415809864134076],[32.96660575293754,2.416356346296027],[32.96681299697207,2.416817061161396],[32.96752760200218,2.417632336260567],[32.96804219297837,2.418591644181276],[32.970075377117496,2.421122584305976],[32.97134088778813,2.422160636988167],[32.97491433837763,2.424637933099916],[32.975391129050706,2.424807205612353],[32.97592817341399,2.424831142085054],[32.978056652427995,2.426411236065348],[32.978250035134636,2.426877683716327],[32.98174211284595,2.430366624795113],[32.983479282049416,2.433140236683926],[32.98547765565132,2.435739220516666],[32.988503454615966,2.441493649924496],[32.989557766840846,2.442693942327253],[32.9908241109913,2.443660587163777],[32.991600117181974,2.443494556097505],[32.99258675180539,2.444774339081846],[32.99902930197197,2.458840728679093],[32.99995980867334,2.459781384705252],[33.000543182703666,2.460626447067057],[33.00399216003251,2.462979313967821],[33.005299594126825,2.465916588046355],[33.00544050914016,2.466440203660511],[33.00544050914016,2.467533126582111],[33.00626096173596,2.470112250810757],[33.00626096173596,2.47120517071221],[33.00653444593445,2.472253750647099],[33.00653444593445,2.47662541779556],[33.00743450240452,2.477074432617826],[33.00762838272897,2.477540656854273],[33.00762838272897,2.478087113856247],[33.00603389920701,2.481531566078388],[33.00568281337303,2.484223431492865],[33.00462673533184,2.487897314159568],[33.004620056364956,2.491721657047265],[33.00417266121735,2.491922914666191],[33.00378589659613,2.492309313831299],[33.00278453369509,2.493582954395322],[33.00216580572294,2.495013671189781],[33.001698245422915,2.499873404316133],[33.000272320882516,2.503413862205832],[32.99944410024165,2.504823483393977],[32.99942385670681,2.505365155112258],[32.9999217089665,2.506131907807401],[33.000907000393795,2.506345658404143],[33.00328140217778,2.507624897636731],[33.0050484036351,2.50888326467151],[33.00613865565782,2.510084002199051],[33.00653444593445,2.510328378885561],[33.007610897390464,2.520164716918032],[33.00591310306294,2.521649955827456],[33.00313298614191,2.523037998015184],[33.00245270006195,2.524464106479172],[33.001734476331194,2.524909960807918],[33.001352270896746,2.525527782560289],[33.000587859323275,2.52590961704999],[33.00003920087977,2.526550809857099],[32.99757783843012,2.530364862134661],[32.997452679575076,2.53116687475773],[32.99715051896334,2.531895642312463],[32.98235459690568,2.55848310350018],[32.97176484678795,2.558389969506152],[32.96686193090062,2.563059104760555],[32.94551032406997,2.563119814993343],[32.94431593109147,2.563716413500117],[32.94061275837066,2.564738099054239],[32.939622690872966,2.565271715139033],[32.93895500482802,2.565938731964081],[32.93895500482802,2.567272764092763],[32.93916677457145,2.569729268299568],[32.939622690872966,2.570607839450361],[32.94229343457971,2.573114048560285],[32.943793125868524,2.576399396919157],[32.944412684036536,2.577182481285377],[32.9453569346781,2.578125776520722],[32.94752510331847,2.579624740034603],[32.948408068127264,2.580612161117415],[32.950973353011875,2.584596059474052],[32.948970294981166,2.588831358311211],[32.950973353011875,2.59585347189676],[32.95019465289931,2.601745566043576],[32.946188536838065,2.601745566043576],[32.94179129936987,2.59907757228234],[32.939397119678176,2.598410573179137],[32.934055631598426,2.598410572923001],[32.932945830555354,2.598635911997292],[32.93227814442639,2.599302911312634],[32.93227814442639,2.601970904960865],[32.93361351614732,2.603304899219552],[32.933387945566665,2.605747546475072],[32.93211864136123,2.6059068843266],[32.929934958178194,2.607081537351576],[32.920587354150996,2.607081537076056],[32.91886086063039,2.605747546195289],[32.917589051824734,2.605684048974126],[32.91513130889575,2.603746557708405],[32.909789820830554,2.6037465579235],[32.90890913341195,2.604200773070772],[32.90578370464016,2.605080550644402],[32.904057211154566,2.606414541952233],[32.90138755645688,2.60643419167036],[32.89607873791391,2.607023449587473],[32.89235240663942,2.607748531501784],[32.89184061665907,2.608791502441647],[32.8902139245227,2.610004945773255],[32.889958227524005,2.61108350053712],[32.88602154746616,2.61451149357498],[32.88371921559968,2.615853463853],[32.880562623101525,2.618208480346311],[32.87808031296845,2.621318637160869],[32.876984971814466,2.623631662894468],[32.875977844673514,2.624423286246611],[32.87371811011849,2.625659191811508],[32.87245322740114,2.625957476497717],[32.8700504070938,2.627091225980791],[32.861245337076866,2.629092177276846],[32.85706154251437,2.631977760745201],[32.855832354489564,2.632427088971383],[32.855048258864144,2.633318131388478],[32.85295700365339,2.634605906651586],[32.84907835011546,2.635298160083266],[32.84681433245822,2.636449499588025],[32.84545841024408,2.637762928699658],[32.8441290572045,2.637777444845256],[32.842044995210415,2.639192319271615],[32.840156493927395,2.641078816001084],[32.83608754514347,2.647789449661786],[32.83055044589594,2.65243637163735],[32.82928519897945,2.652605486593131],[32.82709745910216,2.653770312004212],[32.816414482593984,2.653770312004212],[32.81518278841372,2.65352027985989],[32.8142385377721,2.652577041321763],[32.81296149551474,2.65243637163735],[32.81276234440634,2.649967423918554],[32.81075928637563,2.647575801861876],[32.81056731610556,2.646433620501909],[32.81009160071136,2.645574880377353],[32.804082426425566,2.638324174045124],[32.80397658074577,2.637095950348169],[32.802672210164076,2.635687226721871],[32.80207936794346,2.634598569789091],[32.80207936794346,2.62526081143983],[32.80141168229852,2.622869142197089],[32.80141168229852,2.612197311880209],[32.80078370888111,2.611123171773727],[32.79616941864106,2.609082520325558],[32.79216330210318,2.60908252053639],[32.78960090885039,2.608415526262718],[32.78826553633985,2.608415526195927],[32.78704922912334,2.607911682368297],[32.78575241195091,2.607748531846255],[32.77774017917517,2.607748531501784],[32.77562256438625,2.606414541950073],[32.77428719259888,2.606414541952233],[32.7729518205353,2.605080550644402],[32.77094876201534,2.604413554523148],[32.76384456764316,2.604413554523148]]]}},{"type":"Feature","id":"gb:47994165B12447044132108","properties":{"id":"gb:47994165B12447044132108","name":"Kole","parentId":"gb:17295835B80141219017784","level":"ADM2","countryCode":"UG"},"geometry":{"type":"Polygon","coordinates":[[[32.808946460972386,2.537014412197759],[32.804856942222614,2.505427454608139],[32.804856942222614,2.502012165518579],[32.80400230410203,2.500832210090437],[32.80400230410203,2.499124560673181],[32.80312594747028,2.496845818595318],[32.80119571130297,2.493352679565021],[32.80058375161951,2.4928767042868],[32.79815936438524,2.489483543817073],[32.79624850045218,2.487862002195527],[32.7926899366372,2.485587539305527],[32.791182732292214,2.485253834890671],[32.790219322675625,2.48450866945268],[32.78861881769001,2.484400000087987],[32.783133389824286,2.480736061989262],[32.78230763054006,2.4806664076483],[32.78087623196808,2.47981257040226],[32.780036485043865,2.479776652593273],[32.778239001075974,2.478531813302936],[32.77652972503222,2.47853181286348],[32.77610240578343,2.478104893396221],[32.775371927060235,2.477980850390168],[32.774944607637906,2.477553930566728],[32.773700015855184,2.47686146468584],[32.77286085483951,2.476824134556978],[32.77107826223835,2.475543374382255],[32.7693711475178,2.475534226578532],[32.76786219561484,2.474871375170437],[32.76708294932672,2.474689533674962],[32.756827291562956,2.474689533674962],[32.7555453345671,2.474262612529969],[32.739307210410345,2.474262612969767],[32.72793339816599,2.47725105406704],[32.72622443565672,2.477252985688835],[32.72541365433676,2.477522993685966],[32.70152720748854,2.488350920544008],[32.6933348290155,2.48920475269955],[32.69105160082091,2.486216338185159],[32.68808792754453,2.484935587291716],[32.68723328924784,2.484935587291716],[32.68578426357544,2.484156351967101],[32.685124254199536,2.483654834558365],[32.684294029060084,2.48359595177169],[32.68359197902333,2.48322791690282],[32.68316466024811,2.482800998987898],[32.683071010029664,2.482040725229126],[32.683071010029664,2.480333051451112],[32.683411334107916,2.479559478212195],[32.68517373886391,2.477711808177105],[32.685475899473886,2.47698301090162],[32.68668453988175,2.475775498965447],[32.687961666636284,2.474736514826759],[32.68842815718949,2.474033508304217],[32.690335434055214,2.472685381396332],[32.69332666747738,2.467766688938752],[32.69332666747738,2.466912843132945],[32.69369401139875,2.466211015027284],[32.69375398652028,2.461966594627427],[32.69332666747738,2.461289583320649],[32.69332666747738,2.460435733361237],[32.692522285773066,2.458993800537257],[32.68893177437957,2.456911418301331],[32.68839676025431,2.456300376794729],[32.68779826994387,2.454704293896157],[32.684254038181564,2.451159277362876],[32.682725215034395,2.450395564976532],[32.682302247108794,2.449672576865566],[32.68168382526136,2.44929072037479],[32.681241504743014,2.448587065973356],[32.680483376940344,2.448196499749201],[32.679879056529956,2.447592730795236],[32.67911827878123,2.447366338519146],[32.677322083293404,2.446125275077634],[32.67685348245442,2.445423773627965],[32.67472438063936,2.444050684910223],[32.67223274183158,2.441738670945938],[32.67146065062457,2.441389315565061],[32.67027956980263,2.440535452494146],[32.66988181300377,2.439796872470481],[32.66917509578553,2.43935737171347],[32.667119226340674,2.436695253708137],[32.66466329786198,2.431569861925709],[32.663641321692126,2.430515842659133],[32.66341433282696,2.429755910170854],[32.66127773753442,2.427044990973627],[32.661096894989555,2.426265959724333],[32.65992777509928,2.425029942643107],[32.65916336352575,2.423502487785072],[32.65538851172147,2.418948087180297],[32.64888548520344,2.412926227388368],[32.64636994725856,2.411552134395549],[32.64473398737704,2.409917622392811],[32.64418497519381,2.409290946702072],[32.64382750676117,2.408585001721576],[32.642795867150824,2.407554273491542],[32.637754899967035,2.404245791208893],[32.63174777762737,2.401811477264346],[32.62751953218719,2.398701623551858],[32.62667100090124,2.398695521513673],[32.62606489202102,2.398096045367424],[32.625315727616226,2.397841632273469],[32.624888408306106,2.397414687190462],[32.607218885332315,2.396560796676226],[32.60236567861932,2.393183843806185],[32.59981346608254,2.393145230193625],[32.599386147161,2.39271828385597],[32.58178752214667,2.390583549970813],[32.569831458653084,2.390574686827733],[32.56983773118117,2.38886949329094],[32.5723953734049,2.384652486173934],[32.582929804182186,2.37393250952482],[32.59909250926705,2.364763300703828],[32.600523615731674,2.361273384766037],[32.600598431045796,2.357875377088874],[32.60102575044681,2.35659450498872],[32.60102575044681,2.354886673291503],[32.60145306934248,2.353355691656532],[32.60151177692046,2.352526070917691],[32.60188038856745,2.351824708182164],[32.60256074497727,2.351390919074049],[32.6038055720187,2.348737600981678],[32.60741827808778,2.344489730090572],[32.60802259877369,2.343031991851831],[32.62345727168429,2.334225376334643],[32.62623757500609,2.331379575336598],[32.62623757500609,2.327963848362799],[32.62674072798086,2.326464222788672],[32.62812741295744,2.325686060295311],[32.62880148936813,2.325505647301952],[32.63008344644254,2.324224745314609],[32.63008344644254,2.323978190963828],[32.63307467997146,2.311169105072679],[32.63649323232022,2.308125001319752],[32.63683452796778,2.307412310545487],[32.63692055151432,2.306593968363188],[32.637564007070864,2.305402503144592],[32.63777518931607,2.304635960825578],[32.63820250869526,2.304208987301649],[32.638331170739264,2.303483598032301],[32.6390571468159,2.302250976445293],[32.639484465876365,2.301824002245439],[32.639484465876365,2.300970053461924],[32.639911784608614,2.300543078933856],[32.639911784608614,2.298835178969796],[32.6382022825382,2.29451712053384],[32.63563859402359,2.291204681321176],[32.634310654963144,2.290247349689935],[32.63359464364305,2.289912942733565],[32.63008990801211,2.285984022620937],[32.62451924025021,2.276583997411024],[32.60572625992751,2.267229456686948],[32.60063755087975,2.26719036837352],[32.590890558755746,2.263467873781337],[32.583505668705186,2.256798908394273],[32.583376955396375,2.256024420484778],[32.58189112484837,2.255329410082254],[32.58128680470901,2.254725557544702],[32.580575091018375,2.25438077454595],[32.58015935533871,2.253671164054879],[32.57939401018359,2.253526797637733],[32.57813805778977,2.252433223052151],[32.57656868853678,2.251982437401409],[32.57321634560196,2.250110884997866],[32.572380317546276,2.250080796497457],[32.571998111575056,2.249316973966359],[32.57141125887972,2.248700539001788],[32.571107310286834,2.247975935533873],[32.57068609694977,2.247542844097779],[32.5700774592035,2.246086794129894],[32.5694731386526,2.245482937765644],[32.56882408226562,2.244133018630805],[32.56839676290616,2.243706026880773],[32.56729180725881,2.241998060616879],[32.56600752452465,2.237684292836036],[32.5745552495747,2.227461651412682],[32.593542221981124,2.210827317149779],[32.593761326421316,2.210192256776622],[32.594763194149095,2.209399193906279],[32.59524834548796,2.20870949348506],[32.595470602662544,2.207907919001286],[32.59675255984371,2.206126648714303],[32.597607197964294,2.203842304692273],[32.599518133889376,2.20143326623554],[32.60102575044681,2.200981622352572],[32.60134534672693,2.200259898009847],[32.6029294639867,2.199957960864708],[32.60353378452379,2.199354085428809],[32.60436527627246,2.19929824630708],[32.60513803050304,2.198951637455764],[32.60579667437105,2.198444237671879],[32.60665131266785,2.198444237671879],[32.60814347598557,2.19773681875165],[32.609791987292795,2.197590228180104],[32.61057830152549,2.197301015509595],[32.61124038040953,2.196777215693658],[32.61207802438946,2.196736218360115],[32.612699338895766,2.196173338966901],[32.61419609475405,2.195493448289426],[32.61486469644717,2.195028197672912],[32.615671084433245,2.194911796801421],[32.616275404481144,2.194307920008214],[32.61707460774153,2.194174186228395],[32.61882432828577,2.192754021815347],[32.61961096231869,2.19246616187678],[32.620682426975634,2.191502613122907],[32.62079204299977,2.190758136473335],[32.621537065272264,2.19064859966619],[32.62275163694363,2.189904122592225],[32.623673660564805,2.188541104553508],[32.62410097926397,2.187009946208889],[32.62452829876486,2.186582938761148],[32.62452829876486,2.185728922677868],[32.622406997371286,2.183087278023038],[32.62186799379634,2.178939947331003],[32.62025510816153,2.175146546051167],[32.62014802639959,2.174317783724291],[32.6142726410979,2.168341892041838],[32.60878629817944,2.158305274676877],[32.60871749351685,2.156665966532387],[32.60927316161684,2.15604193544533],[32.609576643152934,2.155316160170401],[32.61042676977411,2.155311651946192],[32.61042995994279,2.15445893867394],[32.611108918397576,2.15403510955565],[32.61256336507569,2.152099931141379],[32.61384532225662,2.151422772185072],[32.61469980798182,2.150405536003177],[32.61622863100092,2.149641662624049],[32.61726387468707,2.148736060779697],[32.617689748895316,2.148058302295738],[32.618794106254484,2.147202820423161],[32.62030550556045,2.146725439297597],[32.620682426975634,2.14602741737059],[32.621431336976286,2.145921762810985],[32.62196438397149,2.145600397420878],[32.62271329415245,2.145494743426013],[32.623246341583865,2.145173378081324],[32.62484988944499,2.145067724225214],[32.62552752622935,2.14464070412572],[32.62638216434999,2.14464070412572],[32.62709221285314,2.144496216044672],[32.6276641215311,2.144213684325621],[32.629373397380675,2.144213684568058],[32.63008344644254,2.144358172557645],[32.63065535495326,2.14464070412572],[32.637347870574615,2.144785192183861],[32.63859741549902,2.145494743426013],[32.63995268929017,2.147202820423161],[32.644172260439234,2.149758579561194],[32.65195120710894,2.157878258699327],[32.671607883601325,2.157878259063295],[32.689162785138194,2.15670644108144],[32.692113211857304,2.158125993107774],[32.69352883367583,2.159046809493361],[32.6954618518605,2.160867367635149],[32.69928864887555,2.16212794218302],[32.70197828842362,2.164763082027093],[32.720972029595146,2.172758604758087],[32.724646730813504,2.176792528984038],[32.72741218297921,2.177947879467411],[32.73766784042715,2.177947879467411],[32.738949797608086,2.177520869034538],[32.73980443572873,2.176666847805677],[32.73990444466017,2.175912762996688],[32.7407590829568,2.175812825662945],[32.764733506312325,2.155316160170401],[32.764688950552,2.154506650858934],[32.764261631175145,2.154079633611389],[32.764261631175145,2.149809456644505],[32.766500303744806,2.145921762810985],[32.78007243651979,2.134382169325988],[32.78038169143781,2.133656132876524],[32.78092707481642,2.133027835986809],[32.78128817222478,2.132323257456903],[32.79096524283909,2.124360959711282],[32.79240743064901,2.122862542885116],[32.79246468947315,2.122065710631091],[32.79283474965905,2.121581464610756],[32.7928920082752,2.120784632210302],[32.79376270395767,2.119446332437462],[32.79589459634815,2.117299851040741],[32.796576936198164,2.11688417030183],[32.797431574382415,2.116884170302569],[32.798109211152905,2.116457142806325],[32.80409167772325,2.116457143166599],[32.80570007789237,2.1160301151927],[32.80911863029013,2.116030115016144],[32.8115515633757,2.115223521855512],[32.81325313230377,2.115176059612338],[32.82361550298623,2.106251896185768],[32.828798638565274,2.098948914363859],[32.830153912461356,2.098094849239772],[32.83092340484228,2.098009761300261],[32.831863188720035,2.097240784105452],[32.84040956992669,2.097240784105452],[32.84636166805876,2.101938138173125],[32.84878437946429,2.102278802349247],[32.8499411777849,2.103007789915921],[32.851434719471285,2.104500324941114],[32.862955241664736,2.1053543866686],[32.862955241664736,2.106630117721465],[32.86322872586322,2.107610110563883],[32.86329810108208,2.108633978507555],[32.86487232944717,2.110275119795176],[32.86622243084389,2.111093667707792],[32.866475124975636,2.11156949005948],[32.87250837228163,2.114646545334551],[32.886582790510204,2.116286331775086],[32.889034520460086,2.117204438107365],[32.88942128561405,2.11759093918613],[32.89042501251049,2.117926116899298],[32.89093643802721,2.118558461009513],[32.89139759810371,2.118754073045579],[32.8918245197475,2.119719232542479],[32.8920179025954,2.120732373898875],[32.895499861299186,2.127255672594742],[32.895773345497844,2.128830929781316],[32.895773345497844,2.132110471661349],[32.894679408703325,2.13569034422045],[32.894679408703325,2.136236932581824],[32.894132439934424,2.146348782367795],[32.894132439934424,2.147481429773507],[32.89482062467704,2.148676235891912],[32.89556097560546,2.149142774297502],[32.90284505883966,2.153103377926584],[32.904378520715,2.153517903775423],[32.905297421581906,2.154076099468455],[32.9063352211478,2.154421788169088],[32.9077518455677,2.155039346224953],[32.910541491817355,2.156847554410604],[32.9113619447258,2.159836121017236],[32.91190891321571,2.160702879197515],[32.91190891321571,2.161796037820523],[32.911635428729255,2.162229416954347],[32.91162210940848,2.162772853560625],[32.9093273791849,2.1670857493732],[32.908599841721184,2.169059117491031],[32.90782631186681,2.169832093547882],[32.90681247637673,2.17111848973758],[32.905652181551204,2.172277951119611],[32.904603333141836,2.172565010419305],[32.90389224454651,2.173310621181429],[32.90282048093354,2.173404482033163],[32.90267390372685,2.173677769274889],[32.90322087222472,2.173677769696042],[32.90343090305885,2.174014464776917],[32.90343090305885,2.179480201895672],[32.90319265205733,2.179928159331951],[32.9027852112788,2.18028597940048],[32.90137904872017,2.181125194470553],[32.89939464854888,2.182036573505172],[32.89892143327427,2.182283280821423],[32.8985346686498,2.182669765366768],[32.89755221483,2.183104934688004],[32.896867282292305,2.183914574428854],[32.896827660406245,2.192653261648729],[32.89476855105357,2.198730924706183],[32.89377609892239,2.199093284522803],[32.8833836995442,2.199093284233072],[32.881320063383384,2.199619174740405],[32.87968404248687,2.199639849700986],[32.878702308163724,2.200028064605306],[32.87831554310105,2.200414544532464],[32.87784867608417,2.200607784424278],[32.87762708775483,2.201006262316412],[32.87710832505127,2.201074307070769],[32.87438841122889,2.202772468561989],[32.87286738218825,2.203330268580658],[32.869725471958816,2.205514418975952],[32.86876251418556,2.206029950514449],[32.867107977250896,2.207949730675637],[32.86306338810925,2.209751274681878],[32.852888870930656,2.210844397569531],[32.83269300664517,2.223777950517956],[32.829714508726624,2.2250135064495],[32.82878901188178,2.22558862420027],[32.827322788165475,2.226324396283133],[32.826299710087255,2.226703231485487],[32.82357351674841,2.229129262539061],[32.81086109244677,2.236188664996462],[32.806947557405636,2.237569123001094],[32.80587705509572,2.237625656034822],[32.804372918679064,2.238502144197582],[32.797319033556164,2.251857189575958],[32.79668938550884,2.254377992416892],[32.79649858140266,2.254845564919208],[32.79622509720417,2.255118837336738],[32.79622145128076,2.255661739276832],[32.79551427952282,2.256208283363833],[32.79023504858293,2.264653112972724],[32.78966147607059,2.266601881198653],[32.78967077529546,2.268232209886492],[32.790208444834775,2.268788041195478],[32.790208444834775,2.26933458072574],[32.79075541298266,2.269881119692741],[32.79119839919855,2.270691637442894],[32.792002385089745,2.271391090828047],[32.79246925210293,2.271584321596833],[32.79325355642413,2.272331252901552],[32.793763739416704,2.272368009379818],[32.79433671902302,2.27290378183676],[32.7947811805891,2.273151060500652],[32.796195524104974,2.273697597990179],[32.79711161884529,2.274244135272681],[32.79814055335129,2.274518470335749],[32.7985273184139,2.274904930631862],[32.79943135097989,2.275403133963266],[32.799950251125665,2.275575964588484],[32.80035015593717,2.275929303006706],[32.80059476778882,2.276418140685166],[32.801567137788595,2.276913049953009],[32.80579704395012,2.28462831232298],[32.80579704395012,2.291186700655487],[32.79786600239578,2.305942964803705],[32.798982121048596,2.313889725899628],[32.801694781176366,2.320135364549571],[32.80309105510804,2.322353048913556],[32.80358027850991,2.322597460133522],[32.803882654765175,2.323012949748318],[32.804284040263155,2.323158412629539],[32.80811281900594,2.323158412629539],[32.809142194896765,2.322885153378252],[32.810236131808665,2.322885153378252],[32.81126550769949,2.322611894074157],[32.81181247617661,2.322611893978262],[32.81230182841921,2.322368028515143],[32.81338882050227,2.322338634717141],[32.82844565590773,2.310365697518307],[32.831094987463814,2.310041899973783],[32.8316017128318,2.309944824420711],[32.83204422473733,2.309635655609441],[32.832558050929606,2.309495375967515],[32.8346326436544,2.309222113885369],[32.84010232753337,2.309222113664759],[32.84706435902018,2.311681470550013],[32.847459559238644,2.312047573596885],[32.847913610741216,2.312246102608071],[32.848460579025186,2.312792625534541],[32.84866677651894,2.313253808362845],[32.84900754753568,2.313659293801663],[32.85037496852863,2.316372483666783],[32.85040721926265,2.316905656947995],[32.851180749570744,2.318771596303179],[32.85256887755162,2.333548262901047],[32.853005065317745,2.334362004418438],[32.85310981051475,2.334803860814532],[32.85387244041692,2.336001547156286],[32.855091774166965,2.337229610544682],[32.85618703808973,2.339007370147669],[32.857487355853266,2.340375448108432],[32.85876669426,2.342114017952099],[32.85885297834142,2.342640177552255],[32.85994691525332,2.344262087366701],[32.85999139863884,2.344790187516821],[32.860378163701625,2.345176628694503],[32.86076736807581,2.346108570238016],[32.86104085216539,2.346381825526976],[32.86355672515407,2.352997843459264],[32.876759267579644,2.368791994312403],[32.88093773710625,2.371251246702911],[32.88339909493368,2.371524496499205],[32.883805619300574,2.371863268607171],[32.88426647035499,2.37207099613039],[32.88565443014937,2.372483790783235],[32.88592791434786,2.372917106502541],[32.88594657041921,2.373455884804855],[32.88620139844562,2.373896920979917],[32.88620139844562,2.379908396996598],[32.88586431731335,2.381488543867931],[32.88565443014937,2.381985534614103],[32.88565443014937,2.38799697514736],[32.884287009156196,2.394819174327495],[32.88431772651626,2.401916289463088],[32.88564487505914,2.405670772192934],[32.88565443014937,2.431351432983547],[32.88541586125547,2.431841640951461],[32.88538094553695,2.432379881633551],[32.88538094553695,2.438937572462976],[32.88504894347932,2.440498686628587],[32.88483397753026,2.440994458630712],[32.88483397753026,2.444819757742323],[32.884560493354854,2.445848195938595],[32.88455972007722,2.446940953069429],[32.88431510880946,2.447429730673605],[32.884287009156196,2.449062510696933],[32.88401352462165,2.45009094559083],[32.88401352462165,2.452276817559948],[32.88386743430203,2.452677328065931],[32.883593950156694,2.45295056199069],[32.883062404568534,2.453015836108193],[32.880630241089534,2.454144876227531],[32.88024347593557,2.454531286589031],[32.8797698111718,2.454797239752509],[32.879511911324414,2.455136428801097],[32.87736090322102,2.455771814492891],[32.876974138158175,2.456158224292835],[32.87275700529091,2.456775827375679],[32.871727629400084,2.457049059976669],[32.87143325148145,2.457301417819735],[32.870907177160234,2.457322292537867],[32.86949283369694,2.457868757850292],[32.86839889690248,2.457868757850292],[32.86547276967127,2.458961687515114],[32.865197107968186,2.459400266487762],[32.86476187709144,2.459698595961754],[32.86428322201567,2.459860193281827],[32.86375206291427,2.460601081391587],[32.86322872586322,2.460624690362181],[32.86320758952894,2.461158103003925],[32.8627183661269,2.461402489492173],[32.862323933852,2.46177826972081],[32.861857067388826,2.46197147412903],[32.86147030232598,2.46235788213329],[32.86098793690354,2.462513703836578],[32.86023204501612,2.463060167529193],[32.85998099608497,2.463538531902145],[32.859533934564354,2.463745997845081],[32.85914716941045,2.464132405425687],[32.85856702212857,2.464985247112224],[32.85812816816281,2.465246017364336],[32.85803252608986,2.4656969257951],[32.8572120734226,2.466885403506751],[32.8572120734226,2.46743186450675],[32.85748555742606,2.467705094922621],[32.85848634802613,2.488115747049278],[32.85753475006925,2.489967805504705],[32.85714337116792,2.490924688205439],[32.85713549791831,2.491272560043058],[32.85696046788797,2.491549857823884],[32.85696046788797,2.491899586837462],[32.8567766526416,2.492173248389747],[32.84978424265972,2.498511584206256],[32.84745205641951,2.516409014094279],[32.84309100602297,2.52407351488938],[32.84198359360681,2.527685066485617],[32.84190607349041,2.529415513480728],[32.8416251081527,2.530042278687404],[32.84063498959205,2.531031431716087],[32.84034639517648,2.531212340483478],[32.836887586518685,2.532732369562609],[32.825337933730566,2.532755777439888],[32.82019087820652,2.533606663906596],[32.81469608082159,2.534522009465775],[32.81406937315063,2.534833596068665],[32.8120767977922,2.535497138112191],[32.81121063050483,2.53607700831634],[32.81021462254745,2.536409542858962],[32.80925126888428,2.536821432054069],[32.808946460972386,2.537014412197759]]]}},{"type":"Feature","id":"gb:47994165B34973305717373","properties":{"id":"gb:47994165B34973305717373","name":"Maruzi","parentId":"gb:17295835B80141219017784","level":"ADM2","countryCode":"UG"},"geometry":{"type":"Polygon","coordinates":[[[32.56600752452465,2.237684292836036],[32.55487529160513,2.230042237451755],[32.54971775723345,2.215494637758525],[32.54376499636311,2.205191399526143],[32.53692789096783,2.180937479354725],[32.536500572268665,2.180260333112358],[32.536021786123,2.178750470023203],[32.534687986446954,2.176136601869132],[32.53408366577651,2.175532717430144],[32.53393665797552,2.174739543683188],[32.53335418677074,2.174376752192984],[32.53308201998033,2.173635383144358],[32.53150732804704,2.171542710279311],[32.53137274338678,2.170823173196595],[32.53022537086605,2.170261673180903],[32.52752687207061,2.165979502006053],[32.525817595805734,2.164271446440637],[32.52520475599397,2.162817053871038],[32.52334531805792,2.16172139795998],[32.52301631816994,2.161057188499228],[32.52156272546256,2.160440352741318],[32.52154440522071,2.15960462892582],[32.52070808716593,2.159586321696111],[32.51888976031347,2.157787592485761],[32.518174541620624,2.157451242431989],[32.516416576338884,2.155541691424162],[32.51584668422436,2.155173688509649],[32.51342940275373,2.152758114465882],[32.512576446205,2.152754057657319],[32.51171606683863,2.151655618467942],[32.511044171239575,2.151473005094658],[32.510434109657695,2.150978459314331],[32.507478986048966,2.148056857922029],[32.49482555141714,2.130751094935135],[32.48010391281582,2.119455782780165],[32.471192058152326,2.115176059612338],[32.47033742003174,2.115176059612338],[32.46872901989951,2.114749031654242],[32.4525656248162,2.114568742811571],[32.45140882649025,2.113839760117969],[32.45080450564086,2.113235851180889],[32.45050234561694,2.112506867505886],[32.44978034876266,2.11218686138011],[32.44947070597158,2.11147592865052],[32.44826206558224,2.110268108156788],[32.444239192641305,2.108810138235071],[32.43307195768074,2.107489538254413],[32.432347575184565,2.107803790523235],[32.43171668386901,2.108343598095075],[32.42829813158045,2.108343598095075],[32.42747007712808,2.108179891309874],[32.41776070721198,2.102392567959726],[32.41356333277463,2.101938138173125],[32.410266730379305,2.101084074682944],[32.395186195173494,2.098948914363859],[32.36100067049256,2.098948914363859],[32.34841070542865,2.098094849239772],[32.34591627143169,2.098164283078404],[32.34499215314031,2.098948914363859],[32.34377967613011,2.098452448509647],[32.341458505988896,2.092417094827056],[32.34121576144992,2.091602391765207],[32.34105311517959,2.089920629784331],[32.33993380445406,2.086717377485741],[32.33993380445406,2.085009233451501],[32.34121576144992,2.082901593354052],[32.3415174192379,2.082118684381555],[32.342048712619146,2.081462163194089],[32.3420703997466,2.080617065789227],[32.3424670488003,2.080159378165945],[32.342925038009525,2.077804686256229],[32.342925038009525,2.074388377731282],[32.342497718949176,2.07278103104619],[32.34211157481246,2.072086793456492],[32.3420703997466,2.07039567831697],[32.34121576144992,2.068111131783326],[32.34121576144992,2.067257049939542],[32.3403611236476,2.064896424319215],[32.3403611236476,2.060626002749075],[32.33993380445406,2.059094718411529],[32.33993380445406,2.05824063172571],[32.33953280729094,2.0575525359979],[32.33993380445406,2.050053517689037],[32.33694555596651,2.040880394276883],[32.33566061386904,2.038678000520974],[32.33563456811561,2.037830048028752],[32.334487951035726,2.035538261992258],[32.33388833190486,2.03394421329989],[32.32725902848608,2.023934139858682],[32.3266869137172,2.01042915665596],[32.32656524305804,2.009696640202264],[32.32625959440196,2.009147988489076],[32.32625959440196,2.008293875364643],[32.32412299910948,2.003297546281374],[32.32412299910948,1.996464605295046],[32.324977637406164,1.992797958651124],[32.32625959440196,1.9912666094055],[32.32700378211325,1.990051936334908],[32.327541551397815,1.9897352587368],[32.328285739135424,1.988770751486413],[32.33010546619971,1.98745059910874],[32.3352199037937,1.982805260840223],[32.33732339232125,1.981510687605635],[32.33794133127242,1.980939587893943],[32.338678665762586,1.980656560524949],[32.33910598492241,1.980229496492086],[32.33995276788971,1.980210544062402],[32.3403611236476,1.979525461809999],[32.341767715106585,1.978823744524448],[32.3423720357527,1.978219784065402],[32.34303665187008,1.977871081054559],[32.34348535824381,1.977173585714866],[32.344228382129586,1.976770233165666],[32.34461058829072,1.976006276000362],[32.344634314250925,1.975157743478803],[32.345061633311104,1.974730678248875],[32.345061633311104,1.973022416232027],[32.34548895203511,1.972345181159028],[32.34548895203511,1.971491048969028],[32.34591627143169,1.970209850204526],[32.34591627143169,1.969125798750724],[32.350055924828666,1.960611134236331],[32.34938823864604,1.95994383916269],[32.34938823864604,1.957274655130846],[32.34805286673344,1.952879977223972],[32.347579353260755,1.95165709626707],[32.34554235957381,1.948252767693759],[32.34265004981836,1.94556627937925],[32.342043692447646,1.944606210274856],[32.33965236669496,1.943540628152618],[32.33895247136303,1.942420900117327],[32.33623484725808,1.939924856983396],[32.335366832130035,1.939457767839656],[32.33356410313104,1.937255641434717],[32.33136071593941,1.928780877492159],[32.33136071593941,1.883403350489004],[32.33069302990765,1.87472809959587],[32.33022567255108,1.873860549165272],[32.323987384942654,1.865185250969546],[32.31919902581336,1.862515919625537],[32.30985877737538,1.862470614583287],[32.30493352218343,1.860513918687843],[32.287573685318876,1.860513918687843],[32.28557062728834,1.861181252885558],[32.284235255453325,1.861181252474694],[32.28301336142971,1.860907436758282],[32.28018060950512,1.856741506101287],[32.27994889118855,1.855502765152551],[32.279281205462155,1.854835429007096],[32.279040797742596,1.853600284207687],[32.278550096611866,1.852505892238071],[32.27742886147939,1.851989190044151],[32.27393971709654,1.847933059893137],[32.271936659066,1.846874802834577],[32.27126897275639,1.8462074632439],[32.270117868043485,1.84401466034268],[32.26859822895392,1.842365346557244],[32.26850593101216,1.841068875814187],[32.267561680375934,1.840125112361022],[32.26635008555161,1.835822386782183],[32.26459211235476,1.832793553604859],[32.26319799602942,1.831092262727964],[32.26211485573663,1.830483632208313],[32.2590738549892,1.827725909573871],[32.253793237949026,1.824477514709997],[32.25179018028956,1.823810166639532],[32.24644869203553,1.823810166639532],[32.24389384573874,1.820634010379024],[32.232751300963514,1.815134624411428],[32.23174609405169,1.814337935005426],[32.22957487860225,1.813132570285745],[32.229204753214674,1.812167806501009],[32.22738240926981,1.810643785158788],[32.22411883343568,1.809795808164552],[32.21610660115482,1.809795808489639],[32.21488522670012,1.809313146128545],[32.211177230040505,1.808874084416914],[32.209841858158995,1.807539377084709],[32.208919673900084,1.80712639499103],[32.20624246681814,1.804863499964313],[32.203164997841384,1.803306249710772],[32.202013699981876,1.803122266079413],[32.17797700271586,1.803122266079413],[32.17676317664615,1.802607645255591],[32.172827549588646,1.802309194794645],[32.16268500588882,1.796697433885299],[32.161729278236066,1.795781342027283],[32.16046853240124,1.795465374846174],[32.15843277479587,1.793782006205618],[32.15709853849256,1.793779266596914],[32.15587465298694,1.793411231910795],[32.151091633598014,1.79111187731678],[32.14048451977908,1.785103581112367],[32.1377317665216,1.782950073926145],[32.13506102218139,1.779770800675749],[32.13392554267915,1.779297109536458],[32.13267296916791,1.777762584485117],[32.13027878956245,1.775760489299785],[32.129051848089546,1.77565211112119],[32.128943417587095,1.774425758178609],[32.12771647625243,1.774317379441186],[32.1249373013967,1.771756292798159],[32.123710360061864,1.77164791390453],[32.122266557269484,1.770421558664964],[32.115866261364886,1.769754191307129],[32.115030441649026,1.769254877304945],[32.113472082044495,1.76775208751593],[32.112160251401974,1.767652411913275],[32.110958957207174,1.767084718984847],[32.10830735866057,1.767038519051027],[32.10522634744177,1.763080503757521],[32.10501515082336,1.761956859610223],[32.10434746514079,1.761289489455351],[32.10389097546897,1.760411022080973],[32.103679779102436,1.75928737699428],[32.103679779102436,1.744605149986057],[32.10177336056154,1.741724543534531],[32.100714553107764,1.741057165861434],[32.09953680021607,1.739055031287762],[32.09824151401813,1.737623542258575],[32.09714262081809,1.73705289486378],[32.095025005910486,1.734383376149253],[32.09454551572691,1.73192709728329],[32.09566754672801,1.701868538476333],[32.09523774533727,1.700799269929519],[32.092996802600965,1.700023912827987],[32.093141214008085,1.697388418125342],[32.09433217436066,1.695118762247319],[32.09433217436066,1.685775225663235],[32.09232911632989,1.681656331939905],[32.091661430537386,1.679144287950578],[32.08874224756596,1.674069887571193],[32.08765531395903,1.673576070504168],[32.085990499480715,1.67065191025614],[32.084984570219774,1.670124553123117],[32.084316884187956,1.669457150615585],[32.08323875135625,1.667233926367885],[32.0820989401617,1.666762000985557],[32.08161881007277,1.665641988610446],[32.07962375637982,1.663620458441756],[32.07897539552698,1.662554095538383],[32.07830770990216,1.66055188003935],[32.07830770990216,1.656547442170051],[32.08026199321771,1.655967623174846],[32.08940913782061,1.655630904512407],[32.09718425172588,1.658481789340499],[32.1064018962972,1.66764419910902],[32.1171519789076,1.674318220362352],[32.1182570885166,1.674873885685315],[32.120881530443285,1.674985621351198],[32.12504573202813,1.677497204940153],[32.131564506906045,1.677655222707358],[32.13239027847487,1.678164604439871],[32.13475367859951,1.67868280949034],[32.139067138792484,1.680672263147073],[32.13941473146036,1.681659617459843],[32.14247659688556,1.684329209697296],[32.14507631307828,1.68440020675331],[32.147150399256475,1.686331401250811],[32.15113571187044,1.686381603637415],[32.15308854535539,1.687460746988791],[32.15421838074275,1.687666194176416],[32.17558433366844,1.687666194176416],[32.19266760620633,1.686998797379033],[32.195152765460364,1.685087546977513],[32.2110862504652,1.684996606511902],[32.220787620749206,1.678727347509835],[32.23388750187053,1.674318220362352],[32.245363316014505,1.672316016436298],[32.24803406014149,1.672316016436298],[32.24870174592036,1.672983418171441],[32.252707861981605,1.672983418171441],[32.275099986335135,1.664394694861983],[32.28996418197033,1.661051335773379],[32.29522445600202,1.660970155675898],[32.29778684917642,1.660302750377923],[32.29864410038317,1.659824829455886],[32.30018102911947,1.656965718653396],[32.30430170200981,1.654963496987762],[32.308150198773035,1.654296089077832],[32.30881788505337,1.653628681615942],[32.31133091752349,1.652960882429113],[32.31252531041366,1.652363933988397],[32.31384413472529,1.652293865229069],[32.31490294217912,1.651626456699375],[32.33893963892905,1.651626456989277],[32.343306739394166,1.653592534320978],[32.34463357502608,1.653628681615942],[32.34843675926686,1.654487955686477],[32.350723610860484,1.65523496970053],[32.352723148477025,1.65629479268739],[32.35405706231046,1.656298311695252],[32.35519833169809,1.65676672066536],[32.35645124166922,1.656965718471668],[32.357673515309045,1.658573461652225],[32.381994731555835,1.672316016436298],[32.384306608037775,1.674516831938263],[32.385445267463695,1.674989585425237],[32.38701659258635,1.67698782248516],[32.39331364528573,1.680183009590451],[32.398068451440736,1.68426836794805],[32.41048114116961,1.701014076512536],[32.41715800157124,1.701014076512536],[32.41967112661354,1.700346684313445],[32.42367382788211,1.700312211671985],[32.426292707962716,1.69978866620437],[32.42894698560855,1.699644604334026],[32.43021383081435,1.69922250850783],[32.43284997568992,1.699010917373187],[32.43390919028366,1.698344507250567],[32.43524456202573,1.698344507230104],[32.43646497005153,1.698067082048453],[32.43881649446246,1.697009721654524],[32.4414872387639,1.697009721332506],[32.44286428324341,1.695716588660446],[32.44616104098617,1.695007540728398],[32.448397600991086,1.693672752339637],[32.44954114356102,1.693481006588968],[32.45014891297399,1.692397853852754],[32.45154420165625,1.691087871302784],[32.452794838825014,1.691003173311401],[32.45518901815092,1.68900098618559],[32.588419837788194,1.613583802468668],[32.62313951151714,1.63093668129892],[32.64313045725487,1.685555714052043],[32.643170092721846,1.685664003995669],[32.62848100007295,1.715696640018905],[32.62562696504614,1.718503591325316],[32.62128146030665,1.721558169796708],[32.61826732699552,1.724138102129189],[32.617696915308784,1.72514109345866],[32.61675266466733,1.726084915881017],[32.61579496546938,1.728357934802148],[32.61005671233255,1.735916427385291],[32.60326152593973,1.74038978795204],[32.585749094040125,1.745881135255502],[32.584929006618154,1.747730931944659],[32.581748195700186,1.749065682755713],[32.58114811480215,1.750254853241358],[32.57938293771622,1.751424621398314],[32.572754079570075,1.761028690050523],[32.570878475657196,1.762594573512899],[32.568685670084506,1.765082612449191],[32.56772157117234,1.765453709058249],[32.560377024461104,1.774596267557854],[32.547690989967464,1.801749058856785],[32.5370080135047,1.816258667059572],[32.53549228513401,1.817804026463193],[32.53283079622952,1.817861031213965],[32.53156395069334,1.818283100483995],[32.53099883941269,1.819210695947902],[32.53099883941269,1.824549483565249],[32.531666525467585,1.825216831201772],[32.5317385310824,1.827814248947902],[32.53236641356017,1.828545966469335],[32.532963610101945,1.829739750955184],[32.53567264165821,1.842258903801849],[32.54241747214007,1.855842574049802],[32.55326885908801,1.8660888380968],[32.562640956396194,1.880127232409279],[32.58150108623346,1.898551546052715],[32.58612743755964,1.903890094061694],[32.586795123205775,1.905892045396001],[32.58785393060026,1.907893994172923],[32.59635903238666,1.915161456044132],[32.60180772960649,1.91892174710523],[32.60300212295158,1.919518608473368],[32.60458070132768,1.921376582001471],[32.6056960072811,1.921907570583812],[32.60636369331286,1.922574880888817],[32.60644736096219,1.923825880172501],[32.607528009994496,1.924322231080453],[32.60778273268335,1.925551399852168],[32.608654924588336,1.926347277851278],[32.609118105151765,1.927395795370614],[32.613867406537,1.933327266414551],[32.615283782086635,1.936744750558432],[32.61622803272286,1.937688461526079],[32.61691146200798,1.940154660624557],[32.617728516144496,1.941189995648472],[32.61805266108365,1.943770353584341],[32.61913339545566,1.946184579310852],[32.61931310612334,1.948779385119678],[32.61980108165994,1.949911975215002],[32.61980108165994,1.952581170741439],[32.62046876769176,1.953639363084619],[32.62046876769176,1.969654436888106],[32.62247182578699,1.983114702383887],[32.621185856786724,1.985251498767809],[32.59211933004207,1.994642839258006],[32.58305709406977,1.995331363315643],[32.5794763579176,1.996644682453564],[32.57880867183354,1.997311962585854],[32.57773686132549,1.997575364552233],[32.57707836997622,1.998637334455168],[32.57588641257729,1.999237544863149],[32.57456905356429,1.999313802920938],[32.57351024569289,1.999981082181762],[32.572239456552666,2.00013690418632],[32.570333823509486,2.00198291880497],[32.56899845168584,2.001982919047634],[32.56715301288159,2.003317475481367],[32.56581764043665,2.003317475794347],[32.56478965962947,2.004115256714272],[32.56011847555101,2.00644941886793],[32.5590885391606,2.007274280636011],[32.55703859467445,2.007922147777265],[32.55309878585376,2.007988414432532],[32.55236479233855,2.008589423573312],[32.551095727758536,2.008655690336411],[32.55003692030476,2.009322965967783],[32.54736617617772,2.009322965967783],[32.544971996215,2.009990241723131],[32.54368487390616,2.011763891025964],[32.54234950197582,2.013098439786688],[32.54234950197582,2.014432987142186],[32.54101412956601,2.016158412866616],[32.540851323395486,2.017330252112515],[32.534953836842874,2.026723123232841],[32.53156485260189,2.030777251017298],[32.5291285586693,2.031342908614988],[32.528069751274984,2.030675641750861],[32.52681004644688,2.030493079557232],[32.52586579581083,2.029549421529396],[32.524616764401685,2.029341107723042],[32.52194602027464,2.029341107723042],[32.523072772716375,2.030718697496468],[32.52531950333696,2.032010174305697],[32.528749685215075,2.034819678144913],[32.533719133884176,2.036730550088748],[32.53833172407042,2.04068461153696],[32.547023304198035,2.056806400463415],[32.547071440604725,2.058129555500841],[32.54880983626413,2.061604100097782],[32.54962825522642,2.062638374933897],[32.54969404799817,2.063945646744514],[32.55303247848383,2.067672774184416],[32.55370016451565,2.068730891906057],[32.555724733930674,2.070711145958683],[32.55637090839963,2.070711145592782],[32.589471042740456,2.113826650942883],[32.59056497965253,2.121670132183908],[32.59056497965253,2.130962193091648],[32.59029149564907,2.131942170364709],[32.59025661116573,2.133027120127451],[32.59001801145291,2.133517422731131],[32.59001801145291,2.13570377810214],[32.589744527254254,2.136683752522174],[32.589744527254254,2.1405098644899],[32.593030334900845,2.14580619183954],[32.609576643152934,2.155316160170401],[32.60927316161684,2.15604193544533],[32.60871749351685,2.156665966532387],[32.60878629817944,2.158305274676877],[32.6142726410979,2.168341892041838],[32.62014802639959,2.174317783724291],[32.62025510816153,2.175146546051167],[32.62186799379634,2.178939947331003],[32.622406997371286,2.183087278023038],[32.62452829876486,2.185728922677868],[32.62452829876486,2.186582938761148],[32.62410097926397,2.187009946208889],[32.623673660564805,2.188541104553508],[32.62275163694363,2.189904122592225],[32.621537065272264,2.19064859966619],[32.62079204299977,2.190758136473335],[32.620682426975634,2.191502613122907],[32.61961096231869,2.19246616187678],[32.61882432828577,2.192754021815347],[32.61707460774153,2.194174186228395],[32.616275404481144,2.194307920008214],[32.615671084433245,2.194911796801421],[32.61486469644717,2.195028197672912],[32.61419609475405,2.195493448289426],[32.612699338895766,2.196173338966901],[32.61207802438946,2.196736218360115],[32.61124038040953,2.196777215693658],[32.61057830152549,2.197301015509595],[32.609791987292795,2.197590228180104],[32.60814347598557,2.19773681875165],[32.60665131266785,2.198444237671879],[32.60579667437105,2.198444237671879],[32.60513803050304,2.198951637455764],[32.60436527627246,2.19929824630708],[32.60353378452379,2.199354085428809],[32.6029294639867,2.199957960864708],[32.60134534672693,2.200259898009847],[32.60102575044681,2.200981622352572],[32.599518133889376,2.20143326623554],[32.597607197964294,2.203842304692273],[32.59675255984371,2.206126648714303],[32.595470602662544,2.207907919001286],[32.59524834548796,2.20870949348506],[32.594763194149095,2.209399193906279],[32.593761326421316,2.210192256776622],[32.593542221981124,2.210827317149779],[32.5745552495747,2.227461651412682],[32.56600752452465,2.237684292836036]]]}},{"type":"Feature","id":"gb:47994165B60801811357860","properties":{"id":"gb:47994165B60801811357860","name":"Kwania","parentId":"gb:17295835B80141219017784","level":"ADM2","countryCode":"UG"},"geometry":{"type":"Polygon","coordinates":[[[32.862955241664736,2.1053543866686],[32.851434719471285,2.104500324941114],[32.8499411777849,2.103007789915921],[32.84878437946429,2.102278802349247],[32.84636166805876,2.101938138173125],[32.84040956992669,2.097240784105452],[32.831863188720035,2.097240784105452],[32.83092340484228,2.098009761300261],[32.830153912461356,2.098094849239772],[32.828798638565274,2.098948914363859],[32.82361550298623,2.106251896185768],[32.81325313230377,2.115176059612338],[32.8115515633757,2.115223521855512],[32.80911863029013,2.116030115016144],[32.80570007789237,2.1160301151927],[32.80409167772325,2.116457143166599],[32.798109211152905,2.116457142806325],[32.797431574382415,2.116884170302569],[32.796576936198164,2.11688417030183],[32.79589459634815,2.117299851040741],[32.79376270395767,2.119446332437462],[32.7928920082752,2.120784632210302],[32.79283474965905,2.121581464610756],[32.79246468947315,2.122065710631091],[32.79240743064901,2.122862542885116],[32.79096524283909,2.124360959711282],[32.78128817222478,2.132323257456903],[32.78092707481642,2.133027835986809],[32.78038169143781,2.133656132876524],[32.78007243651979,2.134382169325988],[32.766500303744806,2.145921762810985],[32.764261631175145,2.149809456644505],[32.764261631175145,2.154079633611389],[32.764688950552,2.154506650858934],[32.764733506312325,2.155316160170401],[32.7407590829568,2.175812825662945],[32.73990444466017,2.175912762996688],[32.73980443572873,2.176666847805677],[32.738949797608086,2.177520869034538],[32.73809515952456,2.177520868956037],[32.73766784042715,2.177947879467411],[32.72741218297921,2.177947879467411],[32.724646730813504,2.176792528984038],[32.720972029595146,2.172758604758087],[32.70197828842362,2.164763082027093],[32.69928864887555,2.16212794218302],[32.6954618518605,2.160867367635149],[32.69352883367583,2.159046809493361],[32.692113211857304,2.158125993107774],[32.689162785138194,2.15670644108144],[32.671607883601325,2.157878259063295],[32.65195120710894,2.157878258699327],[32.644172260439234,2.149758579561194],[32.63995268929017,2.147202820423161],[32.63859741549902,2.145494743426013],[32.637347870574615,2.144785192183861],[32.63065535495326,2.14464070412572],[32.63008344644254,2.144358172557645],[32.629373397380675,2.144213684568058],[32.6276641215311,2.144213684325621],[32.62709221285314,2.144496216044672],[32.62638216434999,2.14464070412572],[32.62552752622935,2.14464070412572],[32.62484988944499,2.145067724225214],[32.623246341583865,2.145173378081324],[32.62271329415245,2.145494743426013],[32.62196438397149,2.145600397420878],[32.621431336976286,2.145921762810985],[32.620682426975634,2.14602741737059],[32.62030550556045,2.146725439297597],[32.618794106254484,2.147202820423161],[32.617689748895316,2.148058302295738],[32.61726387468707,2.148736060779697],[32.61622863100092,2.149641662624049],[32.61469980798182,2.150405536003177],[32.61384532225662,2.151422772185072],[32.61256336507569,2.152099931141379],[32.611108918397576,2.15403510955565],[32.61042995994279,2.15445893867394],[32.61042676977411,2.155311651946192],[32.609576643152934,2.155316160170401],[32.593030334900845,2.14580619183954],[32.589744527254254,2.1405098644899],[32.589744527254254,2.136683752522174],[32.59001801145291,2.13570377810214],[32.59001801145291,2.133517422731131],[32.59025661116573,2.133027120127451],[32.59029149564907,2.131942170364709],[32.59056497965253,2.130962193091648],[32.59056497965253,2.121670132183908],[32.589471042740456,2.113826650942883],[32.55637090839963,2.070711145592782],[32.55370016451565,2.068730891906057],[32.55303247848383,2.067672774184416],[32.54969404799817,2.063945646744514],[32.54962825522642,2.062638374933897],[32.54880983626413,2.061604100097782],[32.547071440604725,2.058129555500841],[32.547023304198035,2.056806400463415],[32.53833172407042,2.04068461153696],[32.533719133884176,2.036730550088748],[32.528749685215075,2.034819678144913],[32.52531950333696,2.032010174305697],[32.523072772716375,2.030718697496468],[32.52194602027464,2.029341107723042],[32.524616764401685,2.029341107723042],[32.52586579581083,2.029549421529396],[32.52681004644688,2.030493079557232],[32.528069751274984,2.030675641750861],[32.5291285586693,2.031342908614988],[32.53156485260189,2.030777251017298],[32.534953836842874,2.026723123232841],[32.540851323395486,2.017330252112515],[32.54101412956601,2.016158412866616],[32.54234950197582,2.014432987142186],[32.54234950197582,2.013098439786688],[32.54368487390616,2.011763891025964],[32.544971996215,2.009990241723131],[32.54736617617772,2.009322965967783],[32.55003692030476,2.009322965967783],[32.551095727758536,2.008655690336411],[32.55236479233855,2.008589423573312],[32.55309878585376,2.007988414432532],[32.55703859467445,2.007922147777265],[32.5590885391606,2.007274280636011],[32.56011847555101,2.00644941886793],[32.56478965962947,2.004115256714272],[32.56581764043665,2.003317475794347],[32.56715301288159,2.003317475481367],[32.56899845168584,2.001982919047634],[32.570333823509486,2.00198291880497],[32.572239456552666,2.00013690418632],[32.57351024569289,1.999981082181762],[32.57456905356429,1.999313802920938],[32.57588641257729,1.999237544863149],[32.57707836997622,1.998637334455168],[32.57773686132549,1.997575364552233],[32.57880867183354,1.997311962585854],[32.5794763579176,1.996644682453564],[32.582033947995455,1.996165645168674],[32.58305709406977,1.995331363315643],[32.59211933004207,1.994642839258006],[32.621185856786724,1.985251498767809],[32.62247182578699,1.983114702383887],[32.62247182610582,1.979110980996381],[32.62046876769176,1.969654436888106],[32.62046876769176,1.953639363084619],[32.61980108165994,1.952581170741439],[32.61980108165994,1.949911975215002],[32.61931310612334,1.948779385119678],[32.61913339545566,1.946184579310852],[32.61805266108365,1.943770353584341],[32.617728516144496,1.941189995648472],[32.61691146200798,1.940154660624557],[32.61622803272286,1.937688461526079],[32.615283782086635,1.936744750558432],[32.613867406537,1.933327266414551],[32.609118105151765,1.927395795370614],[32.608654924588336,1.926347277851278],[32.60778273268335,1.925551399852168],[32.607528009994496,1.924322231080453],[32.60644736096219,1.923825880172501],[32.60636369331286,1.922574880888817],[32.6056960072811,1.921907570583812],[32.60458070132768,1.921376582001471],[32.60300212295158,1.919518608473368],[32.60180772960649,1.91892174710523],[32.59635903238666,1.915161456044132],[32.58785393060026,1.907893994172923],[32.586795123205775,1.905892045396001],[32.58612743755964,1.903890094061694],[32.58150108623346,1.898551546052715],[32.562640956396194,1.880127232409279],[32.55326885908801,1.8660888380968],[32.54241747214007,1.855842574049802],[32.53567264165821,1.842258903801849],[32.532963610101945,1.829739750955184],[32.53236641356017,1.828545966469335],[32.5317385310824,1.827814248947902],[32.531666525467585,1.825216831201772],[32.53099883941269,1.824549483565249],[32.53099883941269,1.819210695947902],[32.53156395069334,1.818283100483995],[32.53283079622952,1.817861031213965],[32.53549228513401,1.817804026463193],[32.5370080135047,1.816258667059572],[32.547690989967464,1.801749058856785],[32.560377024461104,1.774596267557854],[32.56772157117234,1.765453709058249],[32.568685670084506,1.765082612449191],[32.570878475657196,1.762594573512899],[32.572754079570075,1.761028690050523],[32.5784045476351,1.75368904348943],[32.57938293771622,1.751424621398314],[32.58114811480215,1.750254853241358],[32.581748195700186,1.749065682755713],[32.584929006618154,1.747730931944659],[32.585749094040125,1.745881135255502],[32.60326152593973,1.74038978795204],[32.61005671233255,1.735916427385291],[32.61579496546938,1.728357934802148],[32.61675266466733,1.726084915881017],[32.617696915308784,1.72514109345866],[32.61826732699552,1.724138102129189],[32.62128146030665,1.721558169796708],[32.62562696504614,1.718503591325316],[32.62848100007295,1.715696640018905],[32.643170092721846,1.685664003995669],[32.64313045725487,1.685555714052043],[32.7141360801495,1.748627115483941],[32.798019837157085,1.827760861399838],[32.81169404718804,1.832458973255996],[32.81169404718804,1.833313174115574],[32.81304158032236,1.834200145499551],[32.813805991831885,1.834582155832777],[32.82878680954963,1.835854780196541],[32.84861090102788,1.821298548384107],[32.85165193472062,1.81978591036534],[32.85246416323156,1.819645911577879],[32.85381943663174,1.818791703870261],[32.85467407489307,1.818791704222349],[32.856108614864866,1.817950797062792],[32.85696011125685,1.817937496832201],[32.862154982306606,1.815569789770848],[32.86296358343401,1.815374870757466],[32.863818221140036,1.815374870599555],[32.867009951514035,1.814172041645747],[32.86870648550524,1.81409355656973],[32.87368381783074,1.813210854447505],[32.874373262077484,1.81281224142009],[32.87864645268081,1.81281224142009],[32.881787127445136,1.811958030870699],[32.885205679733474,1.811958030870699],[32.88887455014202,1.811103819845925],[32.89571165484773,1.811103819706318],[32.8965385199308,1.810986228816034],[32.8973200550023,1.810676714200895],[32.90586643620895,1.810676714200895],[32.90654840941255,1.811093355969604],[32.907398711099916,1.811103819845925],[32.908695473671344,1.811766319386322],[32.90955011196803,1.812620530238235],[32.911397500534065,1.816505165519402],[32.91243807207093,1.817834275084749],[32.912740232276235,1.818563387081667],[32.91334455260903,1.81916740281298],[32.91339598354568,1.820000317579115],[32.913750568387684,1.820500118529083],[32.91433085133724,1.82458461179391],[32.91495149377829,1.826172180043955],[32.91510525954908,1.826990102906564],[32.91510525954908,1.829552712609086],[32.91553257884743,1.83116029154877],[32.91553257884743,1.832868694099034],[32.91638721654493,1.835931673325376],[32.91641222833738,1.836779971109934],[32.91717663984696,1.838308007952037],[32.917440901541624,1.839918611398048],[32.91774306174693,1.840647714419561],[32.91834738181734,1.841251723275661],[32.91975219600482,1.844257112438981],[32.924909872220894,1.85081234484511],[32.92821401606244,1.858235792003256],[32.92929150032995,1.865599411636936],[32.93048874595877,1.868790450406493],[32.931770703139705,1.874530288349035],[32.931770703139705,1.878801186964949],[32.93205843612509,1.879587477438918],[32.932581637550356,1.880249908627775],[32.93262534126035,1.882794347481877],[32.93408225678371,1.888505762999671],[32.9398897652859,1.903438918312872],[32.943391254532685,1.926501473051871],[32.94409113863463,1.927983340115077],[32.94373563664914,1.93291441354728],[32.94245367964794,1.934772072583314],[32.94149208070314,1.93730928775534],[32.94017878872273,1.938803786643177],[32.93909755029841,1.940814383144925],[32.93604389374303,1.948129132657868],[32.92496309469283,1.957366682908059],[32.92205334102192,1.958876165929155],[32.91891266623588,1.959730304397397],[32.91037034568774,1.959713112566988],[32.90960593417816,1.959331129864665],[32.90625655384724,1.958917806356283],[32.89857157181052,1.958876165701042],[32.895448583011955,1.956372153079258],[32.894652383922505,1.956313748054129],[32.8928697913272,1.955032537762463],[32.8883078676987,1.952959002896876],[32.86895480127174,1.946694511761621],[32.86686378483762,1.950243652496738],[32.866144952048955,1.950671188678257],[32.865127921705096,1.952014570940605],[32.86305289037506,1.95343977581399],[32.862242109464205,1.953709879036126],[32.861794139444726,1.954398063394649],[32.85961724581546,1.955459607703119],[32.85919995800987,1.956166843290021],[32.85851318968696,1.956499593618673],[32.85727470988985,1.957666154209335],[32.85654407528477,1.95807741437892],[32.856273814549354,1.958887722058194],[32.8528885376557,1.962548025348156],[32.85152169525537,1.964681277752391],[32.85100740073801,1.965087825061289],[32.84630689107439,1.979375368532828],[32.84752835576376,1.984318761041322],[32.85163012011344,1.994635849506608],[32.85841621381644,2.007278601338044],[32.87059673489904,2.021159817065097],[32.870664077104266,2.021986046323264],[32.87194603469396,2.024093767029512],[32.8731755022697,2.027153394278344],[32.87319435700664,2.041365720041142],[32.87194603469396,2.044487598070305],[32.87149581711054,2.048558290691176],[32.87109139657332,2.049008220473297],[32.8710752045688,2.049855609026793],[32.86510892952339,2.060762192523214],[32.86425429122653,2.065532924102911],[32.87280067239698,2.073753802814053],[32.88195764367083,2.091416045557082],[32.88172560148928,2.091789330769586],[32.8808375192566,2.092403518508092],[32.88033437645913,2.092509253328842],[32.879128984671524,2.093837611604101],[32.878164141672926,2.094149063408224],[32.87790187072221,2.094469833905293],[32.87668009905366,2.095191655065491],[32.87642759400853,2.095515570546581],[32.875993906475514,2.095788871831132],[32.86617752456556,2.100161685892374],[32.864179761600724,2.101670992865081],[32.8634062312928,2.102444001749234],[32.862955241664736,2.103350521909476],[32.862955241664736,2.1053543866686]]]}},{"type":"Feature","id":"gb:47994165B74891165492587","properties":{"id":"gb:47994165B74891165492587","name":"Oyam","parentId":"gb:17295835B80141219017784","level":"ADM2","countryCode":"UG"},"geometry":{"type":"Polygon","coordinates":[[[32.56600752452465,2.237684292836036],[32.56729180725881,2.241998060616879],[32.56839676290616,2.243706026880773],[32.56882408226562,2.244133018630805],[32.5694731386526,2.245482937765644],[32.5700774592035,2.246086794129894],[32.57068609694977,2.247542844097779],[32.571107310286834,2.247975935533873],[32.57141125887972,2.248700539001788],[32.571998111575056,2.249316973966359],[32.572380317546276,2.250080796497457],[32.57321634560196,2.250110884997866],[32.57656868853678,2.251982437401409],[32.57813805778977,2.252433223052151],[32.57939401018359,2.253526797637733],[32.58015935533871,2.253671164054879],[32.580575091018375,2.25438077454595],[32.58128680470901,2.254725557544702],[32.58189112484837,2.255329410082254],[32.583376955396375,2.256024420484778],[32.583505668705186,2.256798908394273],[32.590890558755746,2.263467873781337],[32.60063755087975,2.26719036837352],[32.60572625992751,2.267229456686948],[32.62451924025021,2.276583997411024],[32.63008990801211,2.285984022620937],[32.63359464364305,2.289912942733565],[32.634310654963144,2.290247349689935],[32.63563859402359,2.291204681321176],[32.6382022825382,2.29451712053384],[32.639911784608614,2.298835178969796],[32.639911784608614,2.300543078933856],[32.639484465876365,2.300970053461924],[32.639484465876365,2.301824002245439],[32.6390571468159,2.302250976445293],[32.638331170739264,2.303483598032301],[32.63820250869526,2.304208987301649],[32.63777518931607,2.304635960825578],[32.637564007070864,2.305402503144592],[32.63692055151432,2.306593968363188],[32.63683452796778,2.307412310545487],[32.63649323232022,2.308125001319752],[32.63307467997146,2.311169105072679],[32.63008344644254,2.323978190963828],[32.63008344644254,2.324224745314609],[32.62674072798086,2.326464222788672],[32.62623757500609,2.327963848362799],[32.62623757500609,2.331379575336598],[32.62345727168429,2.334225376334643],[32.60802259877369,2.343031991851831],[32.60741827808778,2.344489730090572],[32.6038055720187,2.348737600981678],[32.60256074497727,2.351390919074049],[32.60188038856745,2.351824708182164],[32.60151177692046,2.352526070917691],[32.60145306934248,2.353355691656532],[32.60102575044681,2.354886673291503],[32.60102575044681,2.35659450498872],[32.600598431045796,2.357875377088874],[32.600523615731674,2.361273384766037],[32.59909250926705,2.364763300703828],[32.582929804182186,2.37393250952482],[32.5723953734049,2.384652486173934],[32.56983773118117,2.38886949329094],[32.569831458653084,2.390574686827733],[32.58178752214667,2.390583549970813],[32.599386147161,2.39271828385597],[32.59981346608254,2.393145230193625],[32.60236567861932,2.393183843806185],[32.607218885332315,2.396560796676226],[32.624888408306106,2.397414687190462],[32.625315727616226,2.397841632273469],[32.62606489202102,2.398096045367424],[32.62667100090124,2.398695521513673],[32.62751953218719,2.398701623551858],[32.63174777762737,2.401811477264346],[32.637754899967035,2.404245791208893],[32.642795867150824,2.407554273491542],[32.64382750676117,2.408585001721576],[32.64418497519381,2.409290946702072],[32.64473398737704,2.409917622392811],[32.64636994725856,2.411552134395549],[32.64888548520344,2.412926227388368],[32.65538851172147,2.418948087180297],[32.65916336352575,2.423502487785072],[32.65992777509928,2.425029942643107],[32.661096894989555,2.426265959724333],[32.66127773753442,2.427044990973627],[32.66341433282696,2.429755910170854],[32.663641321692126,2.430515842659133],[32.66466329786198,2.431569861925709],[32.667119226340674,2.436695253708137],[32.66917509578553,2.43935737171347],[32.66988181300377,2.439796872470481],[32.67027956980263,2.440535452494146],[32.67146065062457,2.441389315565061],[32.67223274183158,2.441738670945938],[32.67472438063936,2.444050684910223],[32.67685348245442,2.445423773627965],[32.677322083293404,2.446125275077634],[32.67911827878123,2.447366338519146],[32.679879056529956,2.447592730795236],[32.680483376940344,2.448196499749201],[32.681241504743014,2.448587065973356],[32.68168382526136,2.44929072037479],[32.682302247108794,2.449672576865566],[32.682725215034395,2.450395564976532],[32.684254038181564,2.451159277362876],[32.68779826994387,2.454704293896157],[32.68839676025431,2.456300376794729],[32.68893177437957,2.456911418301331],[32.692522285773066,2.458993800537257],[32.69332666747738,2.460435733361237],[32.69332666747738,2.461289583320649],[32.69375398652028,2.461966594627427],[32.69369401139875,2.466211015027284],[32.69332666747738,2.466912843132945],[32.69332666747738,2.467766688938752],[32.690335434055214,2.472685381396332],[32.68842815718949,2.474033508304217],[32.687961666636284,2.474736514826759],[32.68668453988175,2.475775498965447],[32.685475899473886,2.47698301090162],[32.68517373886391,2.477711808177105],[32.683411334107916,2.479559478212195],[32.683071010029664,2.480333051451112],[32.683071010029664,2.482040725229126],[32.68316466024811,2.482800998987898],[32.68359197902333,2.48322791690282],[32.684294029060084,2.48359595177169],[32.685124254199536,2.483654834558365],[32.68578426357544,2.484156351967101],[32.68723328924784,2.484935587291716],[32.68808792754453,2.484935587291716],[32.69105160082091,2.486216338185159],[32.6933348290155,2.48920475269955],[32.70152720748854,2.488350920544008],[32.72541365433676,2.477522993685966],[32.72622443565672,2.477252985688835],[32.72793339816599,2.47725105406704],[32.739307210410345,2.474262612969767],[32.7555453345671,2.474262612529969],[32.756827291562956,2.474689533674962],[32.76708294932672,2.474689533674962],[32.76786219561484,2.474871375170437],[32.7693711475178,2.475534226578532],[32.77107826223835,2.475543374382255],[32.77286085483951,2.476824134556978],[32.773700015855184,2.47686146468584],[32.774944607637906,2.477553930566728],[32.775371927060235,2.477980850390168],[32.77610240578343,2.478104893396221],[32.77652972503222,2.47853181286348],[32.778239001075974,2.478531813302936],[32.780036485043865,2.479776652593273],[32.78087623196808,2.47981257040226],[32.78230763054006,2.4806664076483],[32.783133389824286,2.480736061989262],[32.78861881769001,2.484400000087987],[32.790219322675625,2.48450866945268],[32.791182732292214,2.485253834890671],[32.7926899366372,2.485587539305527],[32.79624850045218,2.487862002195527],[32.79815936438524,2.489483543817073],[32.80058375161951,2.4928767042868],[32.80119571130297,2.493352679565021],[32.80312594747028,2.496845818595318],[32.80400230410203,2.499124560673181],[32.80400230410203,2.500832210090437],[32.804856942222614,2.502012165518579],[32.804856942222614,2.505427454608139],[32.808946460972386,2.537014412197759],[32.80619360938999,2.53904364159223],[32.80603705762428,2.539356436716446],[32.80537580055727,2.540139301526949],[32.805120182115445,2.540345506039444],[32.80500948349504,2.540677275493636],[32.80455508084907,2.541196950559822],[32.804360459509724,2.541832048738854],[32.804161738230505,2.542114479204201],[32.80410144212408,2.542439243630042],[32.804061301007664,2.544528066367718],[32.80327276722187,2.546453291710975],[32.791246515660305,2.560612303193011],[32.78515543765798,2.573823557471258],[32.77207097250255,2.587811745439751],[32.76384456764316,2.604413554523148],[32.760265785931836,2.604413554460621],[32.75775266109599,2.605080550644402],[32.733715963952534,2.605080550644402],[32.728561914335955,2.605819462742488],[32.727617663699846,2.606762736629605],[32.72155483220541,2.608817321778361],[32.72043076593104,2.609511371331848],[32.71915167006944,2.609749513625616],[32.718483983759654,2.610416507258378],[32.68196632268183,2.616419431644431],[32.68063095038718,2.617753411141564],[32.677960206046976,2.617753411141564],[32.67372058816994,2.619754377149206],[32.671049843858725,2.619754377314962],[32.66374836017229,2.621755340189793],[32.66178044914045,2.622507090839463],[32.66083619849974,2.623450352159523],[32.658668029226135,2.624949261624181],[32.655188440905704,2.6284546493319],[32.655158955223726,2.629759160329115],[32.654027779829335,2.630251616573958],[32.57795052112414,2.630933049607336],[32.57680390341062,2.631932622483362],[32.575342460326056,2.632812212102294],[32.57377460999953,2.633461866190999],[32.57233274713326,2.634368847420149],[32.56342040145847,2.638332507490702],[32.546929555208294,2.640324124255358],[32.54632891043491,2.64057784795807],[32.544595883762156,2.641830015055689],[32.54315725561065,2.64239204406357],[32.542607799270456,2.642885313858358],[32.54175316146694,2.642885314116086],[32.5406384860737,2.644020041427666],[32.539818318857954,2.644165907064973],[32.53939099961167,2.644592771181465],[32.53869104581702,2.644965813840258],[32.538086725504286,2.645569490545142],[32.535898287707425,2.64647500468044],[32.52926658732673,2.647153952137501],[32.51555317587486,2.640750989350295],[32.49906473358226,2.640750989350295],[32.49686693934393,2.63952385615562],[32.496024935272146,2.639470393064585],[32.49526040428657,2.639253086009376],[32.493992025225054,2.638189795338405],[32.493341346819875,2.637986050929499],[32.49169818487559,2.636515351511264],[32.49138217840323,2.635805834562575],[32.4899233959585,2.635201728700395],[32.487963801560454,2.633494258431881],[32.47966713731398,2.630054961887481],[32.47753196599854,2.625386589988977],[32.4744751564304,2.622267477726098],[32.474069417127055,2.621541904117294],[32.47281099329666,2.620223250129129],[32.46778240655783,2.613084557794252],[32.46300169396142,2.604311984340654],[32.46257437490107,2.603031350574327],[32.4624647096951,2.602222971981973],[32.46090008002767,2.600233075614483],[32.46086509865967,2.599393792340152],[32.459691439033634,2.598171919920901],[32.45760348996379,2.594535374738427],[32.457221284004675,2.592917984042913],[32.45673438696997,2.5922297346292],[32.45570274749923,2.587784088697276],[32.45509842664774,2.587180384576811],[32.45445531275476,2.585738964781513],[32.45383253871563,2.58525727366731],[32.45274603626109,2.58353130117564],[32.44975480267169,2.568679781403603],[32.44804552684985,2.567325869117155],[32.447741848800035,2.566597749999119],[32.44719088868004,2.565971955149564],[32.446336250383354,2.564618039422669],[32.446336250608624,2.562056690917814],[32.44618747137116,2.561351537422922],[32.44206305979816,2.548245621547153],[32.436663406999685,2.541714348653272],[32.42768482658329,2.521800425107187],[32.42753421195425,2.521008940300931],[32.42753421195425,2.517593691949799],[32.42838884974606,2.516239725404375],[32.428893746054825,2.512879314293002],[32.429164006801955,2.51206931269229],[32.43005220446207,2.510619188538556],[32.430098126316125,2.508925442211023],[32.4305254450386,2.507318582849337],[32.4305254450386,2.504757120935494],[32.42917683360855,2.504146722242638],[32.43019836175756,2.502992480571891],[32.43046862206114,2.502182472942707],[32.4305254450386,2.501337861727791],[32.43095276443677,2.500910949778131],[32.43095276443677,2.500057125398712],[32.4313800833354,2.499380133418754],[32.43140241724984,2.495968449146403],[32.43180740255758,2.494326451503866],[32.43180740255758,2.487495806729044],[32.4313800833354,2.485888921458184],[32.4313800833354,2.485035087156234],[32.43095276443677,2.484358087615931],[32.43084618671429,2.483548357346251],[32.429806829642246,2.481365116110453],[32.42967080725583,2.480543359411854],[32.42897939682399,2.479121806892408],[32.428019087871235,2.47773547703332],[32.42726992349964,2.47733249370873],[32.42588473211123,2.475235935819285],[32.425397616652674,2.4748231178894],[32.42497029745772,2.474146112726714],[32.42197906386832,2.47126125311263],[32.42153882110716,2.468285710155158],[32.42025686411131,2.467004941925723],[32.41941514980789,2.466992029891287],[32.41897490704423,2.466578018537859],[32.41299622543755,2.466587148404528],[32.40899284025471,2.468879129501715],[32.40867349322309,2.469566477211288],[32.408087508817914,2.470000764264171],[32.40724922353047,2.471474970507131],[32.403881470812735,2.475116454048873],[32.40243659215474,2.475913245488471],[32.40044633332025,2.477504441967938],[32.39597144387261,2.479385651190626],[32.39492256986682,2.480374755626656],[32.39346361093749,2.480978509821739],[32.392859290889646,2.481582263270923],[32.39147830418989,2.482374080995783],[32.38908414246771,2.483225037813497],[32.388406973541976,2.483654834258118],[32.38757779978863,2.483762602623017],[32.38683967478096,2.484180885236583],[32.38266571030556,2.489110238582668],[32.38134497657023,2.490097323985992],[32.379973640858736,2.490912414453817],[32.37913253270142,2.490969673168706],[32.37836524122963,2.491339329834375],[32.376723150660155,2.491752955207573],[32.37416139454501,2.49176624494936],[32.37251574562316,2.492157962733756],[32.37166682493881,2.492193159877274],[32.370026893034776,2.49262007469099],[32.36407045636338,2.492509911915249],[32.361728421342036,2.491482082682296],[32.359240299522355,2.490912414453817],[32.34983928054925,2.490912414605305],[32.349816426340396,2.490901380945047],[32.3475379021981,2.489801344560476],[32.3467372848948,2.489598075168203],[32.34401280981763,2.487924003810235],[32.333527234545215,2.485791027231755],[32.303615279538235,2.485789420760341],[32.295239119232804,2.486643254574346],[32.286765828587306,2.490912414453817],[32.270041499080264,2.493934971447288],[32.24352933095611,2.495574321012725],[32.24309564320157,2.495301096356513],[32.24256392023193,2.495236578294509],[32.24163258001295,2.494754646682338],[32.24108561154935,2.494754646873673],[32.23922316321671,2.493704395642112],[32.238818517097116,2.493342781083697],[32.23859081624016,2.492890558294164],[32.238158267939696,2.492683156830196],[32.23661120789819,2.491137559660785],[32.235941582449584,2.49038303925056],[32.235855973901266,2.489922114554645],[32.23544332109759,2.489630455642896],[32.23421299895443,2.487919867815208],[32.23228180182758,2.4846264230315],[32.22885134699874,2.480485367925553],[32.22458519561212,2.475873051097153],[32.22136131172783,2.473182779220053],[32.22136131172783,2.470996941773592],[32.223549185316585,2.461604343006741],[32.223549185316585,2.457779091829764],[32.2238060292741,2.457338916714548],[32.22409615366968,2.455273116626756],[32.22409615366968,2.448715505591395],[32.2235986981064,2.446044341512163],[32.223532368826,2.443320146827205],[32.223004971785656,2.440663250399552],[32.222455248522294,2.434723885342521],[32.222455248522294,2.431445033566831],[32.22325218993808,2.428656040777071],[32.223275700761235,2.426479860566076],[32.222832345337565,2.425730443242173],[32.22136131172783,2.424473425394126],[32.22130071661667,2.423987487396744],[32.22085159778385,2.423751469006675],[32.22081434293381,2.423220406995426],[32.21999965361624,2.422074809641686],[32.21999389073483,2.421534087908526],[32.2164385961529,2.417648410793561],[32.21551190401868,2.414864409089148],[32.21510813914631,2.414697312857186],[32.215618143556924,2.414660381770943],[32.22098426286317,2.40901096852582],[32.222711834545464,2.40434786756623],[32.22190827984588,2.393038228242858],[32.222843757534974,2.383000947215351],[32.22403996854024,2.381662776003282],[32.22512950370742,2.378051369307286],[32.22519473397341,2.376966285898732],[32.22572194886135,2.374848783195091],[32.22601054310422,2.365605068033403],[32.22601054310422,2.3612330430322],[32.22491660630976,2.358358076235675],[32.22464312167659,2.357309408584626],[32.22463886366222,2.356764665241371],[32.224369637673135,2.356329582354533],[32.224369637673135,2.354143556755957],[32.22409615366968,2.353710234955599],[32.22409615366968,2.352070713445755],[32.224369637673135,2.351022040748319],[32.22437346790832,2.350476435977498],[32.225897137327706,2.346998458836197],[32.228126723558205,2.344199231048151],[32.22942256909096,2.34160982404876],[32.2298093337738,2.341223382013766],[32.230287790867294,2.339750716922708],[32.23065977424335,2.339500693505272],[32.23175371115525,2.330774090166869],[32.23230067967211,2.33022757436197],[32.237265363980384,2.317609345154892],[32.24241959502075,2.307925555065424],[32.24241959502075,2.304646402994138],[32.24299910019778,2.299352133396667],[32.243240047383324,2.298905328501519],[32.243240047383324,2.298358800610856],[32.24351353138678,2.297925461673117],[32.24351353138678,2.295739345560264],[32.24286766785025,2.2949135971852],[32.24266930710485,2.294454007046966],[32.241599142424775,2.293684040926962],[32.241599142424775,2.29204444946788],[32.242146110471424,2.290582555724257],[32.242146110471424,2.28894296098656],[32.24241959502075,2.287914405773506],[32.24241959502075,2.286821340607446],[32.24259037925799,2.286302500116904],[32.243119738524626,2.285355165678425],[32.24367795086306,2.283835345665864],[32.244650573059346,2.282543161594447],[32.24509947378323,2.280967329712951],[32.24628471366407,2.27850749542182],[32.24667570894621,2.277489166681562],[32.246992950480774,2.277052636922576],[32.24843624704147,2.276650695837532],[32.24966839777045,2.27492583713348],[32.25082869295875,2.273766455951659],[32.251098632558126,2.273295859088876],[32.251830055859955,2.272492612021438],[32.25226546295437,2.271510863308151],[32.252921825031024,2.270636401277216],[32.25438682901034,2.267751688945623],[32.25488742189765,2.265965593207795],[32.255324998459116,2.265669565844291],[32.257317045391346,2.262508395466227],[32.25783425086411,2.261077442978717],[32.258281678350954,2.260807210307235],[32.25901462331615,2.25938915398757],[32.260504350213864,2.258051645809758],[32.26099357361596,2.25707395843159],[32.261721101198304,2.256481555330311],[32.26353913019,2.253981301315264],[32.26848768861419,2.249835981984461],[32.270041499080264,2.246715979476903],[32.27090125896024,2.245745349127276],[32.2711563051551,2.24472037957679],[32.271645528557144,2.244475956006909],[32.27168240427187,2.243952179472899],[32.272040016527626,2.243553644886276],[32.27223506682691,2.243091159722326],[32.27787914223126,2.238992033644081],[32.279533659991955,2.2371588301163],[32.281527835421684,2.23621194459696],[32.286214074356735,2.230775258532788],[32.286703297758606,2.230530832638465],[32.28806131870283,2.228910923458329],[32.288542558524,2.228655428463242],[32.28883510323425,2.228214472039838],[32.289530819513516,2.227715811476003],[32.31297851826179,2.19280760809778],[32.314072455056305,2.166298991554299],[32.3227587784761,2.141559763148223],[32.32309743361026,2.119755877227419],[32.323349772431925,2.119313733952197],[32.32394728504664,2.112947997768515],[32.32438558565008,2.111992777936393],[32.324464854603434,2.111478992828438],[32.324738338790894,2.110659097352993],[32.32544668824022,2.109727174287684],[32.325558791397896,2.109727173949125],[32.34377967613011,2.098452448509647],[32.34499215314031,2.098948914363859],[32.34591627143169,2.098164283078404],[32.34841070542865,2.098094849239772],[32.36100067049256,2.098948914363859],[32.395186195173494,2.098948914363859],[32.410266730379305,2.101084074682944],[32.41356333277463,2.101938138173125],[32.41776070721198,2.102392567959726],[32.42747007712808,2.108179891309874],[32.42829813158045,2.108343598095075],[32.43171668386901,2.108343598095075],[32.432347575184565,2.107803790523235],[32.43307195768074,2.107489538254413],[32.444239192641305,2.108810138235071],[32.44826206558224,2.110268108156788],[32.44947070597158,2.11147592865052],[32.44978034876266,2.11218686138011],[32.45050234561694,2.112506867505886],[32.45080450564086,2.113235851180889],[32.45140882649025,2.113839760117969],[32.4525656248162,2.114568742811571],[32.46872901989951,2.114749031654242],[32.47033742003174,2.115176059612338],[32.471192058152326,2.115176059612338],[32.48010391281582,2.119455782780165],[32.49482555141714,2.130751094935135],[32.507478986048966,2.148056857922029],[32.510434109657695,2.150978459314331],[32.511044171239575,2.151473005094658],[32.51171606683863,2.151655618467942],[32.512576446205,2.152754057657319],[32.51342940275373,2.152758114465882],[32.51584668422436,2.155173688509649],[32.516416576338884,2.155541691424162],[32.518174541620624,2.157451242431989],[32.51888976031347,2.157787592485761],[32.52070808716593,2.159586321696111],[32.52154440522071,2.15960462892582],[32.52156272546256,2.160440352741318],[32.52301631816994,2.161057188499228],[32.52334531805792,2.16172139795998],[32.52520475599397,2.162817053871038],[32.525817595805734,2.164271446440637],[32.52752687207061,2.165979502006053],[32.53022537086605,2.170261673180903],[32.53137274338678,2.170823173196595],[32.53150732804704,2.171542710279311],[32.53308201998033,2.173635383144358],[32.53335418677074,2.174376752192984],[32.53393665797552,2.174739543683188],[32.53408366577651,2.175532717430144],[32.534687986446954,2.176136601869132],[32.536021786123,2.178750470023203],[32.536500572268665,2.180260333112358],[32.53692789096783,2.180937479354725],[32.54376499636311,2.205191399526143],[32.54971775723345,2.215494637758525],[32.55487529160513,2.230042237451755],[32.56600752452465,2.237684292836036]]]}},{"type":"Feature","id":"gb:47994165B994646399882","properties":{"id":"gb:47994165B994646399882","name":"Omoro","parentId":"gb:17295835B80141219017784","level":"ADM2","countryCode":"UG"},"geometry":{"type":"Polygon","coordinates":[[[32.675614281733715,2.671234109888985],[32.67952868788916,2.676386562283881],[32.68189588251187,2.680926374691637],[32.682563568645094,2.683317931608258],[32.68317818356246,2.684397536497102],[32.68323125423285,2.68570948361355],[32.68456662674049,2.689277487323295],[32.68445458627491,2.695900618748283],[32.679225138171546,2.704764469295867],[32.679225138171546,2.716769369885412],[32.67989282448116,2.719160855682333],[32.679922085766975,2.72046549537248],[32.681053326555684,2.720957756430039],[32.68203970067441,2.721799361714147],[32.68427720004473,2.722844126677217],[32.68482500119245,2.723800158855624],[32.69053248916947,2.726424619450768],[32.69649167331562,2.728422073386014],[32.69781603258957,2.728468670912378],[32.70021021219867,2.729135600185771],[32.709938695839185,2.73980641242423],[32.7333237315238,2.751013864356935],[32.733174538741025,2.751560202231474],[32.73290105473757,2.751833370898339],[32.73143496646475,2.752366911051354],[32.723751784535864,2.75235109202265],[32.721871885530675,2.760744556578175],[32.72183739518215,2.766748620007718],[32.72123929254184,2.767403892584753],[32.71703884499544,2.769042882964925],[32.709386635220994,2.766656298152157],[32.707093654685764,2.768472175347256],[32.70279257776036,2.768769718058991],[32.701218030723965,2.769862377663912],[32.699030157373784,2.769862377304719],[32.698317754101765,2.770243465018098],[32.69777078534702,2.77078979389978],[32.69684059424333,2.771965915813269],[32.69640336443166,2.775078314798009],[32.69695033310876,2.775624641540276],[32.69695033310876,2.776170968123893],[32.697663712453334,2.776774582568009],[32.69813017793592,2.777050445286818],[32.69996687067089,2.777510964058365],[32.70105259608289,2.778274169556596],[32.70214653288235,2.779366819762288],[32.702573554351716,2.779576460095655],[32.70296031950568,2.779962769254894],[32.703391246299304,2.780242589802072],[32.70512599643149,2.78242788607082],[32.705154858828905,2.784038026901612],[32.691509511646984,2.784613177989456],[32.68967924260488,2.785592973526093],[32.689292354104055,2.785978983866357],[32.68835874408205,2.786365589386435],[32.68797197901927,2.786751897126521],[32.69038671234205,2.796346936112798],[32.69153969942158,2.797783826251589],[32.69231322954704,2.799649065715641],[32.692699994609825,2.800035369086061],[32.69284806969233,2.800520423100636],[32.69284806969233,2.803251995506059],[32.69241599800688,2.804165866722826],[32.69230110168547,2.804664645713558],[32.690822015333765,2.806304252254222],[32.68123164832974,2.811196142195683],[32.67945475654136,2.812469745096848],[32.67896640809846,2.812715475723849],[32.677792283892074,2.813855208972939],[32.675677663266754,2.817547174292713],[32.675487387513215,2.818604591784435],[32.67507159689404,2.819609656871933],[32.675061352506646,2.820154302698484],[32.67454245288667,2.822255420890315],[32.67452462882284,2.823345141384777],[32.67425114462418,2.824324606533537],[32.67425114462418,2.825417214018216],[32.67397765998214,2.82569036605679],[32.673600337531525,2.825859804953325],[32.673053369013246,2.825859804823665],[32.67254623577492,2.826028343674466],[32.671218866991296,2.826976333293146],[32.65842549459444,2.840336751360667],[32.658389061007824,2.841392955078959],[32.657295124095924,2.845476884906702],[32.656238400792915,2.847910541192391],[32.65544206495474,2.848637114378562],[32.65398254588723,2.849381337505974],[32.65359578082439,2.849767624332458],[32.65330359577649,2.850221995847846],[32.652514316204815,2.850847750614207],[32.65221754697092,2.851298822287959],[32.65209892443784,2.851817145414373],[32.65182544033826,2.852090290735362],[32.65181961665627,2.852634172056469],[32.65073150352231,2.854257835806948],[32.62709221285314,2.834105540372605],[32.62601368384503,2.83280471293449],[32.624798104263846,2.831814235480294],[32.624316732999205,2.830268549183984],[32.623728780292254,2.829837568536732],[32.623673660564805,2.829039025552447],[32.62330146155682,2.828557174248374],[32.623246341583865,2.827758629906043],[32.62239170346328,2.826405005819822],[32.62237883667473,2.82555673015554],[32.62177451605294,2.824953144557128],[32.620682426975634,2.823018133058554],[32.61940046997961,2.820232034882565],[32.61192890508056,2.813088883426644],[32.60698571682059,2.809980057455732],[32.606580898224195,2.809376337367951],[32.60354163060384,2.808497474348087],[32.601846423255495,2.808463549831913],[32.6011547172771,2.808070668588812],[32.599622442701104,2.807643862437146],[32.59876780458046,2.807643862437146],[32.59807386775498,2.8072563596686],[32.59723552938914,2.807217056190098],[32.59334109278234,2.80593663687165],[32.59248645500827,2.805936636744605],[32.591754900369324,2.805639843157735],[32.591131181467404,2.805083022963174],[32.59027654319118,2.805083022914516],[32.5890954625101,2.804229408334038],[32.58835583551911,2.803952078725899],[32.587740188613964,2.80337579313084],[32.58613178907632,2.802948985784042],[32.58472594108537,2.80203375874305],[32.58412162084335,2.801430160631639],[32.58198984340987,2.800388136362471],[32.57909948613542,2.799534518358428],[32.57397562845864,2.799502301402242],[32.57231498678914,2.799107709056557],[32.546675843169396,2.799107709056557],[32.523128563563034,2.800814944682486],[32.52188325244089,2.801330118606472],[32.52066833401972,2.802522178202025],[32.51986107197263,2.802722625388014],[32.51713217959872,2.804690932958977],[32.496185137226576,2.814472740336214],[32.48806150386804,2.812430377830253],[32.485526957856734,2.812277470929416],[32.48023521133683,2.809351085635171],[32.47938057321625,2.809351085635171],[32.478812499193396,2.809064865908852],[32.4772439779145,2.808924280069732],[32.46309272031249,2.804656216150875],[32.45474809177176,2.803802601258894],[32.45277606136278,2.802978974711834],[32.449369945539445,2.802948985744251],[32.44630539579782,2.802095369822496],[32.43604973818469,2.802095369607002],[32.434767781168944,2.80422940855857],[32.409586811420525,2.78891281495163],[32.401189936169544,2.788437429913131],[32.39085851610946,2.790571493496543],[32.38231213490286,2.790571493496543],[32.37299574142679,2.791425117845222],[32.37135580948723,2.791851930153371],[32.3577400626923,2.791710955271469],[32.35406778304832,2.789093855115823],[32.34722239780126,2.786327503626978],[32.34552313339117,2.786303362458284],[32.34016576627698,2.784169291134901],[32.3344556727057,2.772722165007906],[32.32900603617804,2.768986177568479],[32.326517727095506,2.767950222892864],[32.31540743167494,2.76795022296335],[32.314727505980215,2.768371523893336],[32.314123185131905,2.768975138499457],[32.311852613301255,2.770023461086055],[32.31002147035821,2.77136478185696],[32.289732361201175,2.770681870851718],[32.28649616387952,2.771219088036048],[32.284856162001006,2.771228199944062],[32.28108492830398,2.771748543674278],[32.27397754155993,2.771774528450237],[32.273323309318414,2.770789009690134],[32.27290384418342,2.769297591422855],[32.27154723486592,2.766516890612763],[32.265392902007136,2.758936373114636],[32.26511878350516,2.757024463605489],[32.273510801192856,2.749733912035595],[32.27397766800101,2.748994413142157],[32.27469073023377,2.747055412269958],[32.27469073023377,2.744323710056733],[32.27150183853587,2.742275056714107],[32.269446398551395,2.739733753556663],[32.26717958286832,2.736008787475669],[32.26436520956719,2.732778202581869],[32.25390117746451,2.726418902977059],[32.25314831184346,2.725020081674586],[32.25249340088561,2.72415288489384],[32.25200417748357,2.723175543408104],[32.25165904834478,2.722759239708637],[32.25144457357476,2.722263461812759],[32.25139692314076,2.721736825739185],[32.25101015807792,2.72080414523316],[32.25062412086544,2.720577537893917],[32.250269807149266,2.719245100187436],[32.249803667956826,2.719051634059326],[32.249802940321445,2.718505582326259],[32.24925669995008,2.717638882046344],[32.24922279282515,2.717106557893203],[32.248775060125695,2.716320896454192],[32.24843624704147,2.71611297539306],[32.24843624704147,2.713927557476211],[32.24870973158863,2.713494356158151],[32.24870973158863,2.7129480009242],[32.25089409565976,2.710041316653019],[32.251087478177226,2.709028615250418],[32.255273352355346,2.703107917854425],[32.25664077334835,2.697663721993706],[32.25664077334835,2.692746451860955],[32.25634133046702,2.691708794454541],[32.25567918980255,2.691188359451189],[32.2656657518329,2.673374190166953],[32.26652580068259,2.663323419554217],[32.26881535798884,2.66154315811815],[32.26903408111042,2.661137907079762],[32.26955570854142,2.660530415887138],[32.270861951490986,2.659751820868962],[32.270861951490986,2.659498770629511],[32.28865551734799,2.657398623353515],[32.29051423495304,2.656118044094171],[32.291555932244876,2.654928184316532],[32.29164675077038,2.649843426900361],[32.27679199081757,2.624956874398038],[32.27626326437627,2.624631304487991],[32.274689802950945,2.62438440428781],[32.2731478719366,2.623676261522064],[32.27232959923708,2.623588559907546],[32.27082385214311,2.623041885518035],[32.27011275025586,2.622568314210014],[32.26931044601099,2.622395647695669],[32.26861485869665,2.622012067872333],[32.267778171425164,2.621968776058623],[32.252713154855314,2.612909415316324],[32.25106131743951,2.610036045479319],[32.25087021433745,2.609227360110197],[32.25040890871776,2.608520694214405],[32.24891484473767,2.602232832247694],[32.247705122332036,2.573731349665081],[32.24806020661708,2.573232299650272],[32.24813244130394,2.572450685039883],[32.254042673153776,2.565152673712362],[32.25408360193893,2.564339778941701],[32.257232764690684,2.557112182844946],[32.25830863769079,2.555809147050638],[32.25994061155154,2.552898110988338],[32.26045245903151,2.552256124907331],[32.26058323536529,2.551532980531817],[32.26087977842684,2.550975438655314],[32.26087977842684,2.550121647181925],[32.262254208200375,2.549733017052233],[32.2628585282481,2.549129294252282],[32.2632987494498,2.548407412364156],[32.26389919478629,2.546818352386367],[32.26529610662885,2.545840331919749],[32.265900426819314,2.545236608207517],[32.26632202594527,2.544501315642719],[32.27087166475991,2.54069716388608],[32.27475751099189,2.535636091685319],[32.27621293231351,2.53488395198616],[32.281314541304425,2.530264510740267],[32.284238706575195,2.528552162531241],[32.28507639218532,2.528480422768666],[32.28550371169473,2.528053519262187],[32.285664283843175,2.527360129112083],[32.28826335609858,2.526114891675547],[32.29457164992078,2.521289320644428],[32.295919941373484,2.520639789657764],[32.296347260306106,2.520212883765055],[32.29844338649497,2.519108737032468],[32.29909459667999,2.518569993234621],[32.30056896934053,2.517859234201637],[32.30140228336205,2.51780780279654],[32.30182960212824,2.517380896108932],[32.30403900317964,2.516526572555733],[32.30446683302017,2.516100175644681],[32.30532147126479,2.516100175544125],[32.30605080091959,2.515797946115981],[32.30685374615598,2.515673268381533],[32.30840120153812,2.514988446462041],[32.30907637506516,2.514482916141503],[32.31716674896097,2.512013077433551],[32.31866946419251,2.511404189073005],[32.31984980852428,2.510625687893196],[32.33133701162677,2.506708185681703],[32.33576066447989,2.504373723312483],[32.33621077628493,2.503719810970267],[32.33690427568416,2.503331158760659],[32.33694257086489,2.502493183104662],[32.337743051299014,2.502439077141617],[32.338170370228795,2.502012165858559],[32.3420703997466,2.502012165858559],[32.349816426340396,2.490901380945047],[32.34983928054925,2.490912414605305],[32.359240299522355,2.490912414453817],[32.361728421342036,2.491482082682296],[32.36407045636338,2.492509911915249],[32.370026893034776,2.49262007469099],[32.37166682493881,2.492193159877274],[32.37251574562316,2.492157962733756],[32.37416139454501,2.49176624494936],[32.376723150660155,2.491752955207573],[32.37836524122963,2.491339329834375],[32.37913253270142,2.490969673168706],[32.379973640858736,2.490912414453817],[32.38134497657023,2.490097323985992],[32.38266571030556,2.489110238582668],[32.38683967478096,2.484180885236583],[32.38757779978863,2.483762602623017],[32.388406973541976,2.483654834258118],[32.38908414246771,2.483225037813497],[32.39147830418989,2.482374080995783],[32.392859290889646,2.481582263270923],[32.39346361093749,2.480978509821739],[32.39492256986682,2.480374755626656],[32.39597144387261,2.479385651190626],[32.40044633332025,2.477504441967938],[32.40243659215474,2.475913245488471],[32.403881470812735,2.475116454048873],[32.40724922353047,2.471474970507131],[32.408087508817914,2.470000764264171],[32.40867349322309,2.469566477211288],[32.40899284025471,2.468879129501715],[32.41299622543755,2.466587148404528],[32.41897490704423,2.466578018537859],[32.41941514980789,2.466992029891287],[32.42025686411131,2.467004941925723],[32.42153882110716,2.468285710155158],[32.42197906386832,2.47126125311263],[32.42497029745772,2.474146112726714],[32.425397616652674,2.4748231178894],[32.42588473211123,2.475235935819285],[32.42726992349964,2.47733249370873],[32.428019087871235,2.47773547703332],[32.42897939682399,2.479121806892408],[32.42967080725583,2.480543359411854],[32.429806829642246,2.481365116110453],[32.43084618671429,2.483548357346251],[32.43095276443677,2.484358087615931],[32.4313800833354,2.485035087156234],[32.4313800833354,2.485888921458184],[32.43180740255758,2.487495806729044],[32.43180740255758,2.494326451503866],[32.43140241724984,2.495968449146403],[32.4313800833354,2.499380133418754],[32.43095276443677,2.500057125398712],[32.43095276443677,2.500910949778131],[32.4305254450386,2.501337861727791],[32.43046862206114,2.502182472942707],[32.43019836175756,2.502992480571891],[32.42917683360855,2.504146722242638],[32.4305254450386,2.504757120935494],[32.4305254450386,2.507318582849337],[32.430098126316125,2.508925442211023],[32.43005220446207,2.510619188538556],[32.429164006801955,2.51206931269229],[32.428893746054825,2.512879314293002],[32.42838884974606,2.516239725404375],[32.42753421195425,2.517593691949799],[32.42753421195425,2.521008940300931],[32.42768482658329,2.521800425107187],[32.436663406999685,2.541714348653272],[32.44206305979816,2.548245621547153],[32.446336250383354,2.564618039422669],[32.44719088868004,2.565971955149564],[32.447741848800035,2.566597749999119],[32.44804552684985,2.567325869117155],[32.44975480267169,2.568679781403603],[32.45274603626109,2.58353130117564],[32.45383253871563,2.58525727366731],[32.45445531275476,2.585738964781513],[32.45509842664774,2.587180384576811],[32.45570274749923,2.587784088697276],[32.45673438696997,2.5922297346292],[32.457221284004675,2.592917984042913],[32.45760348996379,2.594535374738427],[32.459691439033634,2.598171919920901],[32.46086509865967,2.599393792340152],[32.46090008002767,2.600233075614483],[32.4624647096951,2.602222971981973],[32.46257437490107,2.603031350574327],[32.46300169396142,2.604311984340654],[32.46778240655783,2.613084557794252],[32.47281099329666,2.620223250129129],[32.474069417127055,2.621541904117294],[32.4744751564304,2.622267477726098],[32.47753196599854,2.625386589988977],[32.47966713731398,2.630054961887481],[32.487963801560454,2.633494258431881],[32.4899233959585,2.635201728700395],[32.49138217840323,2.635805834562575],[32.49169818487559,2.636515351511264],[32.493341346819875,2.637986050929499],[32.493992025225054,2.638189795338405],[32.49526040428657,2.639253086009376],[32.496024935272146,2.639470393064585],[32.49686693934393,2.63952385615562],[32.49906473358226,2.640750989350295],[32.51555317587486,2.640750989350295],[32.52926658732673,2.647153952137501],[32.535898287707425,2.64647500468044],[32.538086725504286,2.645569490545142],[32.53869104581702,2.644965813840258],[32.53939099961167,2.644592771181465],[32.539818318857954,2.644165907064973],[32.5406384860737,2.644020041427666],[32.54175316146694,2.642885314116086],[32.542607799270456,2.642885313858358],[32.54315725561065,2.64239204406357],[32.544595883762156,2.641830015055689],[32.54632891043491,2.64057784795807],[32.546929555208294,2.640324124255358],[32.56342040145847,2.638332507490702],[32.57233274713326,2.634368847420149],[32.57377460999953,2.633461866190999],[32.575342460326056,2.632812212102294],[32.57680390341062,2.631932622483362],[32.57795052112414,2.630933049607336],[32.654027779829335,2.630251616573958],[32.65251769721584,2.633628669452889],[32.65251769721584,2.638964504445426],[32.65781603262059,2.643722614990963],[32.658760283262154,2.645999809317402],[32.65970453390378,2.646943052866789],[32.66186998242807,2.648443892458602],[32.66340366802774,2.65057064261822],[32.665562473267585,2.652127757592268],[32.66745097453992,2.65401423462373],[32.67134808363471,2.656708253830232],[32.671880592137086,2.657916617240062],[32.67194528004222,2.659235297642283],[32.6732159640797,2.661484701855215],[32.6732159640797,2.665486490080127],[32.67442760697878,2.667653006843068],[32.674551336264074,2.668935736299943],[32.67521902211024,2.669993395177244],[32.675614281733715,2.671234109888985]]]}},{"type":"Feature","id":"gb:47994165B67304928066156","properties":{"id":"gb:47994165B67304928066156","name":"Aswa","parentId":"gb:17295835B80141219017784","level":"ADM2","countryCode":"UG"},"geometry":{"type":"Polygon","coordinates":[[[32.39536115904582,3.263502993121961],[32.39258590268048,3.267126994405032],[32.390784772765755,3.269890231279192],[32.39027827817603,3.271990603668485],[32.38778805733671,3.275335477452472],[32.38674843738909,3.277647786160685],[32.3822677754992,3.283812912206486],[32.38152136043294,3.284214842595532],[32.3805322321669,3.286413505295627],[32.380529115012905,3.2872654480704],[32.37582860565442,3.289544917032117],[32.37157859796605,3.294262462021265],[32.359470832025465,3.278379133341559],[32.34866581349473,3.279471279217319],[32.34320028364306,3.279437589265171],[32.34213585998151,3.279198243040184],[32.34158889186733,3.27919824290467],[32.3406004223213,3.278884367037506],[32.338864233445975,3.277191858342007],[32.336281360510156,3.273794092351466],[32.3234610222367,3.262632841862853],[32.319396081733544,3.262269842494845],[32.31728587476954,3.262747670885403],[32.31379897056951,3.263031761741502],[32.31352548656605,3.262758721086868],[32.313291589353355,3.262309365236717],[32.31287429961333,3.261996801295425],[32.31238494146396,3.261903735941985],[32.31212259433664,3.261433012164332],[32.31163337092943,3.261188796619479],[32.31137762239564,3.260711484152068],[32.31093400663815,3.260501683452731],[32.310740623845334,3.260035572350318],[32.30997019182672,3.259262012811234],[32.30977371140955,3.258797182451076],[32.30942322367986,3.258396040060461],[32.30919356385573,3.257944930242559],[32.30914973948137,3.256870884208013],[32.30778231848825,3.25401393590198],[32.30775336260626,3.253474674104098],[32.30599866180222,3.250529010148682],[32.29957779251049,3.246235214236265],[32.29791808315798,3.241245464929364],[32.29000584520463,3.231615724177743],[32.28995410134581,3.2239917138686],[32.2896279904399,3.223561913432832],[32.28901646127321,3.222067737155385],[32.288071725685484,3.220756904384359],[32.28316874061352,3.215545696208608],[32.2826217722162,3.214084935170604],[32.2826217722162,3.208077729253205],[32.282530733756744,3.207569268292389],[32.28025145545428,3.203382161479681],[32.275853620928615,3.197933380090547],[32.272185603790774,3.19583129917055],[32.271155579316314,3.192742550256128],[32.27028857211644,3.185216608857161],[32.27004396083231,3.184728141559447],[32.262760225606485,3.181992603267588],[32.24580420559886,3.181992603709716],[32.24553072140037,3.181719541116706],[32.244646979798176,3.181212866469934],[32.24356940929249,3.181173415856335],[32.243240047383324,3.181390686611678],[32.243022441142614,3.181719541116706],[32.24296656337992,3.182209874747116],[32.24138153595095,3.182265666230194],[32.240407889056826,3.18152520797355],[32.24007867557424,3.181173415856335],[32.239155317954896,3.180644796862794],[32.237223394816795,3.178389658394281],[32.236412241268,3.175448366357159],[32.23640294265118,3.171083173916202],[32.23667642680988,3.170055373874675],[32.23667642680988,3.167324713290839],[32.23694991081334,3.16705164611858],[32.23694991081334,3.166505513352149],[32.2374968794457,3.16595937983351],[32.237828694028224,3.165004345031491],[32.238215459182186,3.164618169748792],[32.23859081624016,3.164387234990727],[32.239289093925606,3.163668160354973],[32.23968504549492,3.163424183157986],[32.24020311081961,3.163301932673733],[32.24065314370682,3.163003403079983],[32.24161317325104,3.162576960403783],[32.24185778518887,3.16208848237153],[32.24238640856396,3.162058844694513],[32.24341398696464,3.160966572832763],[32.245662095703324,3.154218347957851],[32.24570140521075,3.149312343904228],[32.242146110471424,3.143919559154085],[32.242146110471424,3.139550388195858],[32.24180916468782,3.137419083499935],[32.241599142424775,3.13695979850894],[32.241599142424775,3.136413649558506],[32.23530900585689,3.129497247555776],[32.232384327228715,3.123995694415783],[32.23135147341878,3.122334695177528],[32.2301128060833,3.120982311081775],[32.2301128060833,3.120551708869414],[32.22840352964312,3.108502043291537],[32.22840352964312,3.107648662134864],[32.222848382057805,3.099114589098747],[32.220638244392035,3.091434292847282],[32.21902382450287,3.089748785659253],[32.21900251017604,3.08805080913794],[32.21817801531364,3.08716731208159],[32.21786702618226,3.086460174461138],[32.2164385961529,3.084990704483459],[32.21302004367021,3.077163659242501],[32.212935159389815,3.06779616312167],[32.21045612900582,3.059872965180546],[32.210883448368634,3.058266857579724],[32.210883448368634,3.05314631971504],[32.21002881024782,3.050260061452775],[32.21002881024782,3.037458575783944],[32.20849211604252,3.034854396189644],[32.207283475221345,3.033647449797968],[32.206958010237656,3.032975175801482],[32.206182938420625,3.032895720771876],[32.205824516690086,3.032190534829169],[32.20364314311928,3.031268292243965],[32.20146712894967,3.026985793428992],[32.19934583373981,3.025552867123224],[32.19876207263957,3.023972059337382],[32.198063876558706,3.012973607164554],[32.19934583373981,3.008231087000581],[32.19934583373981,3.00567070269193],[32.19904790937642,3.004940474470573],[32.19091568299325,2.998836999704622],[32.1882355377835,2.993859775293913],[32.18609894249079,2.992079614245995],[32.183782504160206,2.991582499178662],[32.18177189970112,2.990248509826984],[32.181398433206084,2.989549519222692],[32.18074026066205,2.989218274173709],[32.179531619840816,2.988011277207363],[32.17878872905726,2.987741862016037],[32.177947502041945,2.987709527942854],[32.177343181994104,2.987106028261167],[32.177125242602756,2.986342702249658],[32.17707197671467,2.985501781715925],[32.176697923542406,2.984736485417443],[32.17668977081274,2.982177968143276],[32.17584328542182,2.980746585145937],[32.17584328542182,2.979039620120261],[32.17541596602808,2.978612878459558],[32.17589051634815,2.976172702721101],[32.18054379490974,2.969258589299784],[32.183535028499136,2.962058940107056],[32.183971439047355,2.946774233416306],[32.18631671382548,2.943569467194834],[32.18928647324111,2.937616323137661],[32.190246782161296,2.9362305181034],[32.19083211901051,2.935613326082716],[32.192936047834905,2.932319820830003],[32.192936047834905,2.931466301396199],[32.19421800496201,2.930130701921826],[32.19891851424626,2.905378326746529],[32.19891851424626,2.904524786676234],[32.204301346989496,2.894626448270799],[32.20451567243987,2.889587734321935],[32.20490098142477,2.889119001649192],[32.20532830058437,2.886735119906518],[32.20532830058437,2.879906670427943],[32.21081836374384,2.870874449448593],[32.210883448368634,2.870047808744971],[32.211646042821144,2.869102313806138],[32.21216540554957,2.867663887226854],[32.21216540554957,2.866810319007186],[32.212592724298304,2.865529965338396],[32.212592724298304,2.861262109938821],[32.21270464090816,2.860454836573524],[32.21302004367021,2.859731744387204],[32.21302004367021,2.853756712148311],[32.213419512065286,2.852114298871413],[32.21344736259516,2.83846146014838],[32.213874681790855,2.836855032627454],[32.21430200085115,2.83617822609699],[32.21432944622035,2.834477513728871],[32.2154132824752,2.832270189176938],[32.21805324590213,2.829410770819948],[32.2201980688082,2.825655875145003],[32.22028446769576,2.818862807201981],[32.220711786756056,2.817332385355883],[32.22080238905238,2.816516263607923],[32.221517554758066,2.81532634716001],[32.2215664248767,2.814521551414259],[32.22199374376538,2.813844731806967],[32.22213618872166,2.81305005567782],[32.22274050930548,2.812446463048559],[32.222848382057805,2.810783872979414],[32.22370302017845,2.808750601374982],[32.22370302017845,2.807896989648953],[32.22413033905792,2.807470183848125],[32.224253295962455,2.806667439903777],[32.231323606780336,2.797115803975714],[32.231822081931455,2.784755027647861],[32.23251761038051,2.784596105708772],[32.23362256621135,2.783742476406246],[32.23721026733938,2.782545414253548],[32.24256870649168,2.781608400444611],[32.25282436359248,2.781608400495429],[32.2544366940005,2.782018586780566],[32.261269868447926,2.782035215636199],[32.264298330909355,2.780754768978341],[32.27397754155993,2.771774528450237],[32.28108492830398,2.771748543674278],[32.284856162001006,2.771228199944062],[32.28649616387952,2.771219088036048],[32.289732361201175,2.770681870851718],[32.31002147035821,2.77136478185696],[32.311852613301255,2.770023461086055],[32.314123185131905,2.768975138499457],[32.314727505980215,2.768371523893336],[32.31540743167494,2.76795022296335],[32.326517727095506,2.767950222892864],[32.32900603617804,2.768986177568479],[32.3344556727057,2.772722165007906],[32.34016576627698,2.784169291134901],[32.34552313339117,2.786303362458284],[32.34722239780126,2.786327503626978],[32.35406778304832,2.789093855115823],[32.3577400626923,2.791710955271469],[32.37135580948723,2.791851930153371],[32.37299574142679,2.791425117845222],[32.38231213490286,2.790571493496543],[32.39085851610946,2.790571493496543],[32.401189936169544,2.788437429913131],[32.409586811420525,2.78891281495163],[32.434767781168944,2.80422940855857],[32.43604973818469,2.802095369607002],[32.44630539579782,2.802095369822496],[32.449369945539445,2.802948985744251],[32.45277606136278,2.802978974711834],[32.45474809177176,2.803802601258894],[32.46309272031249,2.804656216150875],[32.4772439779145,2.808924280069732],[32.478812499193396,2.809064865908852],[32.47938057321625,2.809351085635171],[32.48023521133683,2.809351085635171],[32.485526957856734,2.812277470929416],[32.48806150386804,2.812430377830253],[32.496185137226576,2.814472740336214],[32.51713217959872,2.804690932958977],[32.51986107197263,2.802722625388014],[32.52066833401972,2.802522178202025],[32.52188325244089,2.801330118606472],[32.523128563563034,2.800814944682486],[32.546675843169396,2.799107709056557],[32.57231498678914,2.799107709056557],[32.57397562845864,2.799502301402242],[32.57909948613542,2.799534518358428],[32.58198984340987,2.800388136362471],[32.58412162084335,2.801430160631639],[32.58472594108537,2.80203375874305],[32.58613178907632,2.802948985784042],[32.587740188613964,2.80337579313084],[32.58835583551911,2.803952078725899],[32.5890954625101,2.804229408334038],[32.59027654319118,2.805083022914516],[32.591131181467404,2.805083022963174],[32.591754900369324,2.805639843157735],[32.59248645500827,2.805936636744605],[32.59334109278234,2.80593663687165],[32.59723552938914,2.807217056190098],[32.59807386775498,2.8072563596686],[32.59876780458046,2.807643862437146],[32.599622442701104,2.807643862437146],[32.6011547172771,2.808070668588812],[32.601846423255495,2.808463549831913],[32.60354163060384,2.808497474348087],[32.606580898224195,2.809376337367951],[32.60698571682059,2.809980057455732],[32.61192890508056,2.813088883426644],[32.61940046997961,2.820232034882565],[32.620682426975634,2.823018133058554],[32.62177451605294,2.824953144557128],[32.62237883667473,2.82555673015554],[32.62239170346328,2.826405005819822],[32.623246341583865,2.827758629906043],[32.62330146155682,2.828557174248374],[32.623673660564805,2.829039025552447],[32.623728780292254,2.829837568536732],[32.624316732999205,2.830268549183984],[32.624798104263846,2.831814235480294],[32.62601368384503,2.83280471293449],[32.62709221285314,2.834105540372605],[32.65073150352231,2.854257835806948],[32.642253493128464,2.869504851146303],[32.641604783729065,2.870109522228915],[32.64143304079113,2.870484277016658],[32.64050746723518,2.871580216411189],[32.64030372136381,2.872021509067622],[32.63541638842173,2.875093176751761],[32.63541638842173,2.878917129668025],[32.63404896742861,2.880989102177125],[32.632681546435606,2.886481106767974],[32.63211326974181,2.887338566055575],[32.63092302403663,2.888448988287394],[32.63040412425357,2.888621735120978],[32.62929957741488,2.889702441436157],[32.629013538565914,2.890161221641279],[32.627853243104084,2.891320040591552],[32.62738903059619,2.891598997268716],[32.62657839627366,2.892320128253175],[32.62560447877519,2.892768852699362],[32.62362639621023,2.894448958271198],[32.6228528660846,2.895221501305514],[32.62191183881549,2.89653815256554],[32.60700821692353,2.924618908041452],[32.606580898224195,2.927002709259398],[32.60487162163082,2.929209736232337],[32.60487162163082,2.930063257562892],[32.604084516819626,2.930130701783412],[32.60365719775916,2.930557462091031],[32.602979560988786,2.931837742037658],[32.6018762989105,2.932695345629895],[32.60026901433946,2.934398297655321],[32.59974379364729,2.93472728328021],[32.59769789855409,2.937295023222816],[32.59409415767152,2.944213705789764],[32.59241255637545,2.94598744876572],[32.592052049875406,2.946691828667326],[32.590901755357436,2.947923006332189],[32.58948813581782,2.950502279768443],[32.589060816757296,2.952636040697655],[32.58141800338046,2.959576780027248],[32.581369073412645,2.964648893149445],[32.577874038560935,2.969544724955711],[32.57666856400783,2.972674490687496],[32.57447258168105,2.976249523435911],[32.565985587499824,2.985305972763058],[32.565985587499824,2.987012928060153],[32.56475591944388,2.990302288285079],[32.56470363031872,2.991957017963898],[32.564276311072035,2.992383754851858],[32.564276311072035,2.993237226605174],[32.552738696312645,3.014905829102418],[32.54755938498187,3.018091266695762],[32.54695506464054,3.018694748823293],[32.54665290401175,3.019423215514735],[32.54604858396391,3.020026697335823],[32.54574642381937,3.02075516281576],[32.54242067554986,3.024929732574833],[32.54017840889094,3.025888703068233],[32.53957408883599,3.026492180934326],[32.53875353348161,3.026574349241685],[32.53665617177353,3.027699135306136],[32.53521861515628,3.029164908898224],[32.53519721291116,3.031716385261234],[32.53357875509471,3.034612736806139],[32.52901068353435,3.036815652857683],[32.52856028172573,3.037418419903361],[32.52595705561055,3.043731641184252],[32.52505992941781,3.045156329393592],[32.5245356386481,3.046739597435931],[32.52368100051325,3.048092954837216],[32.5235173885539,3.048845408868715],[32.52282636221656,3.049272363941611],[32.522752976987135,3.050080501032937],[32.51470730026051,3.059574508929586],[32.512998024019225,3.066901764872],[32.51017534405287,3.0682240821302],[32.50787019516861,3.069684441995037],[32.50146040929093,3.082431664371541],[32.49562393182072,3.088155852693092],[32.478812499193,3.113195626243169],[32.476248584479265,3.115092533783752],[32.47611392601635,3.11589021338915],[32.475807830576684,3.11660912848015],[32.47495712769046,3.117471987681142],[32.4745393085899,3.118152550608045],[32.47392119510522,3.118624473424745],[32.47321351040915,3.120066394522155],[32.472517714649086,3.120449304360022],[32.47153267268112,3.1217601181134],[32.47115046734331,3.12252339533012],[32.4700719382563,3.123823880919701],[32.46950547602046,3.124289466843834],[32.469411479865926,3.125048977571907],[32.46826930435799,3.126283309939424],[32.46796714428183,3.127011703654546],[32.4667585033402,3.128218544376296],[32.46567866449817,3.130463930941914],[32.46548756148621,3.132125608911849],[32.46442806777884,3.134385629552696],[32.46428365102048,3.13688597570399],[32.46491050151059,3.138896235381651],[32.466847565504054,3.141201246943353],[32.47197539389424,3.145988862981028],[32.483451658989054,3.146476795258707],[32.48422254744048,3.146831029666544],[32.48921503617362,3.147403473411259],[32.49150827070213,3.148548360922064],[32.49234829658474,3.148610167404684],[32.493797262388796,3.149473032670699],[32.49539776645838,3.150063497835617],[32.50006943814196,3.153675818638987],[32.50201199912976,3.155258422508439],[32.50249204886131,3.155863599998611],[32.50316968563163,3.15629027092865],[32.50224373553601,3.169677574958996],[32.50205258388047,3.169779044849804],[32.50144323246491,3.170370313184492],[32.50071878420442,3.170684138216416],[32.49932381399839,3.171917392356136],[32.499056319062845,3.172503636050067],[32.49862900036368,3.172930300665882],[32.49846917570159,3.17362404893629],[32.49804185690789,3.174050712250221],[32.49804185690789,3.174904038955162],[32.4976145374049,3.176433960426948],[32.4976145374049,3.182407219088191],[32.49718721870573,3.1836871983283],[32.49718721870573,3.184540517237167],[32.49682106988763,3.185242406285738],[32.495991769471686,3.18530348166405],[32.4939031531037,3.186449178850239],[32.49285390352918,3.187436774048081],[32.49205938982402,3.187496805936121],[32.49163207100298,3.187923463562868],[32.49128739624649,3.188634230867251],[32.49068307558724,3.189237615812999],[32.490350113821876,3.189953225958391],[32.490350113821876,3.190806539494815],[32.48992279453131,3.191483125384707],[32.48992279453131,3.200016216090205],[32.48977659522018,3.200809058059519],[32.48946571967713,3.201516391213204],[32.48864083753551,3.202399405060987],[32.488611081556485,3.203222998342028],[32.48818376214251,3.203649650092757],[32.487337839300665,3.20367065755147],[32.486681055775875,3.204201357817453],[32.48507318377443,3.204602197363727],[32.483629288315626,3.205511529736839],[32.48204070127326,3.206130688056987],[32.47762448099934,3.209789177675816],[32.47660883316274,3.210969660478327],[32.47539394671048,3.211999901106253],[32.47496662748341,3.213279843830151],[32.4745393085899,3.213706490735547],[32.473939247649184,3.214061698050443],[32.47333492748106,3.214665067975886],[32.442833368747586,3.235647991822475],[32.42647802130284,3.244068010136345],[32.422731499936845,3.246842552803628],[32.419624640594066,3.247915836029847],[32.417940091833486,3.248020413447307],[32.41665813465255,3.248447045984449],[32.41580349653191,3.248447045984449],[32.413546457792904,3.249186718590238],[32.40272439171048,3.256202222674062],[32.40245413142185,3.257011693981269],[32.40062502709503,3.25867427548684],[32.399758472646,3.260022428844138],[32.39536115904582,3.263502993121961]]]}},{"type":"Feature","id":"gb:47994165B88415518747117","properties":{"id":"gb:47994165B88415518747117","name":"Dokolo","parentId":"gb:17295835B80141219017784","level":"ADM2","countryCode":"UG"},"geometry":{"type":"Polygon","coordinates":[[[33.27755728670519,2.05973223778426],[33.27400199196569,2.066334303772237],[33.27372850796246,2.067860934370344],[33.2669036132869,2.074459026429906],[33.257341319276975,2.091394196865508],[33.25075583529252,2.096569026631414],[33.24971097625303,2.098423791919288],[33.248841445685514,2.10038014853501],[33.248841445685514,2.10092674896606],[33.24849348316894,2.101329315949215],[33.239080022126586,2.105571719175089],[33.23745607430595,2.105627686255616],[33.237022386772935,2.105354386692397],[33.23650816433286,2.105301437894354],[33.23559837217266,2.103950907850958],[33.2352549228832,2.102982316489886],[33.2344813931029,2.102209307334931],[33.234045908037444,2.101227514774394],[33.229154326346645,2.097701979431463],[33.225325547586294,2.097701979487226],[33.22326679572063,2.098248581245059],[33.22162589052897,2.098248581245059],[33.219567138223454,2.098795182873346],[33.21792960108877,2.098803308070615],[33.21676930562671,2.099962823830992],[33.216154707953706,2.100850309733005],[33.215767942799744,2.101236814874994],[33.2151446951749,2.102679543541171],[33.21453009733665,2.103567027361464],[33.214336714549745,2.104580178881804],[33.21410895267883,2.105032499802633],[33.213835468095965,2.105305799861981],[33.21333712017247,2.105354386692397],[33.21290343263951,2.105627686255616],[33.21235646384588,2.105627685929335],[33.211327087955,2.105900986147162],[33.20695134113163,2.105900985770916],[33.20649824693891,2.106127465067743],[33.20447057668446,2.106513968810873],[33.19703336909441,2.114023040829466],[33.19607088090714,2.114373246653827],[33.19442997587339,2.114373246938214],[33.19285638340676,2.114743621747948],[33.18734276965665,2.116730079706258],[33.18687738281153,2.116989454316752],[33.18649061774869,2.117375955358057],[33.18594512761848,2.117379522313684],[33.1833496162688,2.119357112104467],[33.181758033023016,2.119565900288194],[33.180847667820046,2.12000877803581],[33.18034368955966,2.120112494365003],[33.179917423640745,2.12039779153281],[33.17823820321655,2.122431735726138],[33.17806523677376,2.122950279129554],[33.17702056976253,2.12419049849035],[33.17652738780913,2.125107933061486],[33.1750332110139,2.1266391312667],[33.17277825280121,2.130224449990408],[33.17250476877729,2.130497745094658],[33.17171890189445,2.130965694574343],[33.171250628648295,2.13104433530134],[33.17039565742027,2.131667308314775],[33.169876757315535,2.131840155576583],[33.16659885514946,2.131864220047191],[33.16352742432923,2.130367617199852],[33.15321731775646,2.122025572114239],[33.14081518708241,2.122850099317873],[33.13844711887208,2.123618738590096],[33.13736419303575,2.123665351423199],[33.1363146369564,2.123938647496402],[33.13522070016211,2.123938647496402],[33.128283613097324,2.125305128461946],[33.1260488169861,2.126125016765684],[33.125854913835326,2.126590306447326],[33.12534164522799,2.126671608132881],[33.120030388357236,2.099089149227211],[33.11683381841584,2.098795182811727],[33.106441418636905,2.098795182873346],[33.1053918620932,2.098521882308944],[33.103758339529406,2.098476418540372],[33.10270140063085,2.098248580799179],[33.09942469559627,2.098217143049169],[33.097340658105054,2.097701979487226],[33.096793689453705,2.097701979431463],[33.09574413291,2.097428678675897],[33.08877112401029,2.09658143893887],[33.084203957951786,2.095241983645337],[33.079333871894676,2.090322836908115],[33.07928124276464,2.089828826925498],[33.07846079016866,2.088800135311146],[33.07709336917566,2.084847255759428],[33.07709336917566,2.081567614356004],[33.076819884977,2.081294310597571],[33.076813143511856,2.079110669625493],[33.07603961320393,2.077791040060049],[33.07517897955108,2.077165483846102],[33.07495814850125,2.076710286026412],[33.07457138334735,2.076323774850096],[33.07435852718959,2.075865275472779],[33.07408504263901,2.075591970401945],[33.06707000575909,2.071191565906929],[33.065686525580645,2.069164002002992],[33.063412131525695,2.066811648261648],[33.06220311620763,2.065056805788402],[33.061902866454545,2.064061362573568],[33.06158851849659,2.063622686959718],[33.06150476985499,2.062564126602808],[33.0605614162796,2.061291125815899],[33.052150272882216,2.053917226682643],[33.051693375355626,2.045500639119382],[33.05000554783629,2.044680708796477],[33.04781767401232,2.044680708796477],[33.04564268633561,2.043640906798714],[33.0446022223021,2.043587468047861],[33.042318706170875,2.042767536713484],[33.04205757310439,2.04246442675327],[33.04161153441294,2.042220916212614],[33.04093045691735,2.041611337564632],[33.03999672375653,2.041224817875843],[33.03877215114096,2.040154381975015],[33.03852753971029,2.039758842572724],[33.037177219173145,2.038941186920397],[33.03678678004002,2.038563530632302],[33.03630984379447,2.038394564809778],[33.03466893887571,2.038394564809778],[33.034212141700664,2.038612119453774],[33.03368828298517,2.038667875847807],[33.03325459535978,2.038941186611339],[33.03221585273542,2.039240588645498],[33.030470288696165,2.040307741200252],[33.0289314143443,2.042098619730893],[33.02572961022361,2.044680708713543],[33.00661643237737,2.053932257377937],[32.99094207159203,2.053427865050537],[32.98316426003049,2.055190407081454],[32.98277749496782,2.055576923309388],[32.98179504150522,2.056012128082557],[32.980906959213655,2.056626329713083],[32.98052019405969,2.057012845684483],[32.98007273316932,2.057252922739792],[32.979430122299334,2.058072846306004],[32.978504996196364,2.058480128746112],[32.9781182310424,2.058866644268107],[32.976998152257295,2.062615809890531],[32.976152264449865,2.063043216148117],[32.975357247338536,2.064446812121275],[32.97526929149234,2.064905526289238],[32.97502156847639,2.06524098714317],[32.97424399289537,2.066008404872207],[32.97375476948838,2.066252857548932],[32.97102421528268,2.068573817587321],[32.96578530003262,2.071907403618354],[32.958359665095486,2.080641345606693],[32.954241559661,2.082962782067511],[32.94546207286106,2.086402619913883],[32.94300767518058,2.087589812548742],[32.94214030033129,2.088136417852184],[32.9418668161328,2.088409720422476],[32.91992771423497,2.085949995831527],[32.91886381968101,2.0861938677387],[32.91722860891281,2.086248280005577],[32.91398999811656,2.086769904287678],[32.911804197916695,2.08679083338842],[32.90911405256685,2.0872809558727],[32.90692912346924,2.087316509855953],[32.90587956697101,2.087589812548742],[32.891261396438665,2.088455090515197],[32.8892184474534,2.089225269386304],[32.88812554023656,2.089229627848113],[32.886068585225814,2.089911574505322],[32.8855440198638,2.090049534845889],[32.884997051398614,2.090049534865784],[32.8839725156306,2.090343328208007],[32.883483292228505,2.090587776665529],[32.88277809586589,2.091142743647254],[32.88195764367083,2.091416045557082],[32.87280067239698,2.073753802814053],[32.86425429122653,2.065532924102911],[32.86510892952339,2.060762192523214],[32.8710752045688,2.049855609026793],[32.87109139657332,2.049008220473297],[32.87149581711054,2.048558290691176],[32.87194603469396,2.044487598070305],[32.87319435700664,2.041365720041142],[32.8731755022697,2.027153394278344],[32.87194603469396,2.024093767029512],[32.870664077104266,2.021986046323264],[32.87059673489904,2.021159817065097],[32.85841621381644,2.007278601338044],[32.85163012011344,1.994635849506608],[32.84752835576376,1.984318761041322],[32.84630689107439,1.979375368532828],[32.85100740073801,1.965087825061289],[32.85152169525537,1.964681277752391],[32.8528885376557,1.962548025348156],[32.856273814549354,1.958887722058194],[32.85654407528477,1.95807741437892],[32.85727470988985,1.957666154209335],[32.85851318968696,1.956499593618673],[32.85919995800987,1.956166843290021],[32.85961724581546,1.955459607703119],[32.861794139444726,1.954398063394649],[32.862242109464205,1.953709879036126],[32.86305289037506,1.95343977581399],[32.865127921705096,1.952014570940605],[32.866144952048955,1.950671188678257],[32.86686378483762,1.950243652496738],[32.86895480127174,1.946694511761621],[32.8883078676987,1.952959002896876],[32.8928697913272,1.955032537762463],[32.894652383922505,1.956313748054129],[32.895448583011955,1.956372153079258],[32.89857157181052,1.958876165701042],[32.90625655384724,1.958917806356283],[32.90960593417816,1.959331129864665],[32.91037034568774,1.959713112566988],[32.91891266623588,1.959730304397397],[32.92205334102192,1.958876165929155],[32.92496309469283,1.957366682908059],[32.93604389374303,1.948129132657868],[32.93909755029841,1.940814383144925],[32.94017878872273,1.938803786643177],[32.94149208070314,1.93730928775534],[32.94245367964794,1.934772072583314],[32.94373563664914,1.93291441354728],[32.94409113863463,1.927983340115077],[32.943391254532685,1.926501473051871],[32.9398897652859,1.903438918312872],[32.93408225678371,1.888505762999671],[32.93262534126035,1.882794347481877],[32.932581637550356,1.880249908627775],[32.93205843612509,1.879587477438918],[32.931770703139705,1.878801186964949],[32.931770703139705,1.874530288349035],[32.93048874595877,1.868790450406493],[32.92929150032995,1.865599411636936],[32.92821401606244,1.858235792003256],[32.924909872220894,1.85081234484511],[32.91975219600482,1.844257112438981],[32.91834738181734,1.841251723275661],[32.91774306174693,1.840647714419561],[32.917440901541624,1.839918611398048],[32.91717663984696,1.838308007952037],[32.91641222833738,1.836779971109934],[32.91638721654493,1.835931673325376],[32.91553257884743,1.832868694099034],[32.91553257884743,1.83116029154877],[32.91510525954908,1.829552712609086],[32.91510525954908,1.826990102906564],[32.91495149377829,1.826172180043955],[32.91433085133724,1.82458461179391],[32.913750568387684,1.820500118529083],[32.91339598354568,1.820000317579115],[32.91334455260903,1.81916740281298],[32.938607807767426,1.81281224163223],[32.940744403059966,1.802134580448694],[32.95142737952267,1.794019515696959],[32.9621103559856,1.780779070623851],[32.97151137545251,1.763267367230867],[32.97236601374914,1.744901258157824],[32.98176703319791,1.737213065866854],[32.98827107518257,1.7273314233834],[32.992450009679146,1.720982335115764],[33.007833495878,1.714575430026116],[33.026635534360025,1.709877019218879],[33.05013808257837,1.710304147598833],[33.077486502682575,1.722263714325265],[33.08475092673672,1.73849443340174],[33.085178245556165,1.748745341901042],[33.090733393137214,1.755579250598828],[33.09244266973053,1.764975833684673],[33.10355296539109,1.781633295443612],[33.1018436891498,1.79487373477059],[33.10568956069267,1.806832758867301],[33.11594521794888,1.822208531568549],[33.112953984359535,1.830323469103803],[33.112953984359535,1.850397105324987],[33.1249189184075,1.858084820954218],[33.14072972363948,1.858511915279848],[33.15226733792247,1.874314332821257],[33.16252299568623,1.874314332821257],[33.209528092122525,1.91189788473406],[33.224911578523916,1.915314530766977],[33.22501037163397,1.915344151851741],[33.233457959730345,1.917877010799771],[33.23602187393004,1.92257488081475],[33.241149702811924,1.923856115684032],[33.25354195556582,1.939657935618015],[33.25396927456734,1.956740817634682],[33.261233698651665,1.957594957410322],[33.26935276079786,1.961865648661444],[33.270634717978794,1.999874317667718],[33.27832646106481,2.009696640202264],[33.28001864453245,2.056471968380492],[33.2794716761465,2.057018584133857],[33.27925072036055,2.057473736094607],[33.27886395529771,2.057860251769341],[33.27837773935198,2.05875221545341],[33.278010323272554,2.058986640062074],[33.27755728670519,2.05973223778426]]]}},{"type":"Feature","id":"gb:47994165B47733876177687","properties":{"id":"gb:47994165B47733876177687","name":"Kalaki","parentId":"gb:17295835B57878138064711","level":"ADM2","countryCode":"UG"},"geometry":{"type":"Polygon","coordinates":[[[33.3821649927242,1.993041362947679],[33.37879633046731,1.996884903443117],[33.37874643983292,1.997689162203869],[33.37794169269557,1.997739022369842],[33.37683673652333,1.998593141143942],[33.37604080223207,1.998734777636344],[33.37573178087615,1.999447258430166],[33.37488400391163,1.99946381327851],[33.37341888116566,2.000187651377132],[33.37276689667084,2.000725513087843],[33.3720374170494,2.00102748978054],[33.371420137812265,2.001613472229963],[33.37065572623874,2.001995444766976],[33.36897735602827,2.003717842199649],[33.36891810166685,2.004512739780978],[33.36823052126698,2.00483205970562],[33.365990241324766,2.008779193593455],[33.365072230311114,2.016162252438619],[33.36472777168359,2.016873770563734],[33.364644911081825,2.017693577642717],[33.36421759219047,2.018370794538953],[33.36415805204558,2.019210855845131],[33.36378007207378,2.019976541390179],[33.36254688765075,2.02406229597284],[33.36219723279959,2.024838264770153],[33.36057943936186,2.026790673555865],[33.35998155569217,2.02720585103333],[33.35957881162119,2.027936573186025],[33.35709119861616,2.028059954047421],[33.35695316816492,2.02877611268633],[33.35695316816492,2.033900719024189],[33.357807806285564,2.035859077247835],[33.358285341734415,2.036274279527674],[33.35866244440621,2.037039412139166],[33.359094866581586,2.037465257181282],[33.35975598106495,2.038974950858346],[33.33881774724455,2.051240137053412],[33.33173658861375,2.05124013694342],[33.32391194628195,2.052606681054215],[33.32219807825459,2.053363780437905],[33.32076105511726,2.054519841385172],[33.31255818232347,2.058346154067692],[33.31201121362005,2.058346154272328],[33.3109596408371,2.058607042519668],[33.30987973834982,2.058693469998559],[33.30936083856676,2.058866324942585],[33.30444241687127,2.058892769265071],[33.29275375024912,2.053699915751451],[33.290018908262994,2.053699915751451],[33.28903825190616,2.05397322399682],[33.28630341007545,2.05397322399682],[33.285838116677326,2.054170277798903],[33.28532275431405,2.054246533163223],[33.28422881740215,2.054246533163223],[33.28189298835588,2.055106477928746],[33.28001864453245,2.056471968380492],[33.27832646106481,2.009696640202264],[33.270634717978794,1.999874317667718],[33.26935276079786,1.961865648661444],[33.261233698651665,1.957594957410322],[33.25396927456734,1.956740817634682],[33.25354195556582,1.939657935618015],[33.241149702811924,1.923856115684032],[33.23602187393004,1.92257488081475],[33.233457959730345,1.917877010799771],[33.22501037163397,1.915344151851741],[33.23544072017029,1.893806631111943],[33.24282479311893,1.858272742726399],[33.30545267481608,1.806063966633474],[33.30551463611283,1.792444548062235],[33.290157857279155,1.774425758396433],[33.28748711342041,1.739055031424698],[33.262115043951894,1.715696640036981],[33.263450416277124,1.706353203371066],[33.237410661038496,1.682994413710105],[33.22806305653279,1.657633125482732],[33.214041649926855,1.618255746282728],[33.236250233398266,1.623884873989994],[33.27633207718401,1.639631175401178],[33.29961105253187,1.657301878104761],[33.32026457921103,1.66674951572935],[33.37294857523102,1.684769883808315],[33.38096214426463,1.68993527129885],[33.391676772964615,1.696841687350911],[33.40199259712324,1.71093629821172],[33.40281304971904,1.756587249848792],[33.41183802827322,1.763421129360665],[33.410197122683314,1.779002280927841],[33.41758119616543,1.779548985217673],[33.4277001114782,1.79157644747886],[33.42934101698427,1.824651558543735],[33.44383567935756,1.850345853532303],[33.44383567935756,1.885333230805372],[33.43255371973805,1.905064572722324],[33.43102144506145,1.904637489436993],[33.42845753050153,1.904637489259528],[33.427602892204845,1.905491655181493],[33.42632093520899,1.905918737534989],[33.424042260574424,1.907912148936305],[33.42332970161982,1.908054149507564],[33.42129679166442,1.909335395795665],[33.41865956078186,1.911470803865939],[33.417648742943925,1.912735787753547],[33.41688864089542,1.913123756682012],[33.416563274692805,1.913820650974856],[33.41592319810337,1.914159653011779],[33.415796763820424,1.914887450527033],[33.415369444792816,1.915314530766977],[33.41467699737501,1.915705874957439],[33.4143042637657,1.91633708575182],[33.413663227291295,1.916842383836297],[33.41323554028298,1.917573605365305],[33.411650007518176,1.919229524049058],[33.41157869296285,1.920012408191667],[33.41087010153876,1.920364797195305],[33.41046042850229,1.92110899313451],[33.409842006548615,1.921490984053378],[33.40951341222569,1.922267614429586],[33.407380643756255,1.925556778620034],[33.40694949822313,1.925982953743642],[33.40622295700183,1.927443765354553],[33.405693079361754,1.928101368642615],[33.40549258984487,1.928903673486502],[33.405034930444685,1.929613298520621],[33.40473277023938,1.931196516889997],[33.40412844957689,1.931800494110064],[33.40395826464464,1.933438345032357],[33.403103626347956,1.935723078372803],[33.403103626347956,1.936577228754857],[33.4026763076198,1.93725447855104],[33.402563820295995,1.938916209890408],[33.4018216693521,1.940317273800076],[33.401657339638916,1.941103392880848],[33.400967031055416,1.942525917471073],[33.400967031055416,1.943380063520976],[33.40053971231805,1.944057310797177],[33.40053971231805,1.945765602358733],[33.400668424766764,1.946491109659519],[33.4018216693521,1.947900964497592],[33.402340001762695,1.951706931923923],[33.40524022164044,1.956414841191872],[33.40737681693315,1.964751778287052],[33.40786983571718,1.965413515533385],[33.4089551245479,1.967417530718478],[33.40908609352471,1.968140773510697],[33.40908609352471,1.97070317339427],[33.40865877446441,1.972234541303749],[33.408231455404064,1.972661607174757],[33.40811210653533,1.975104722138951],[33.405902194664975,1.978521240360692],[33.40504755636829,1.978521240360692],[33.403088766416545,1.980234446525913],[33.398356514263355,1.982174570550001],[33.39690775955535,1.98307641377977],[33.39370260735302,1.984073066858627],[33.3821649927242,1.993041362947679]]]}},{"type":"Feature","id":"gb:47994165B45261633624927","properties":{"id":"gb:47994165B45261633624927","name":"Kaberamaido","parentId":"gb:17295835B57878138064711","level":"ADM2","countryCode":"UG"},"geometry":{"type":"Polygon","coordinates":[[[32.98827107518257,1.7273314233834],[32.97563073134194,1.7120625500811],[32.97510564180391,1.678821430789128],[32.96617911758773,1.668149161898612],[32.94657577001442,1.667974206285407],[32.941499903281795,1.661675789817423],[32.94167493339239,1.653277870599254],[32.9488511586116,1.642605463486007],[32.94886346553096,1.589850164590757],[32.95997376069289,1.580879898835519],[32.95954644199389,1.49459254308448],[32.959716512466336,1.494355120085464],[32.97020480461788,1.479713179356679],[32.990333242001384,1.476913633328934],[33.00153515454258,1.469039891126727],[33.01378724688169,1.467115194246787],[33.02726454818918,1.49913493268599],[33.05299394159414,1.529404528195926],[33.10287745942043,1.560198591806113],[33.16326277047341,1.593441676940699],[33.214041649926855,1.618255746282728],[33.22806305653279,1.657633125482732],[33.237410661038496,1.682994413710105],[33.263450416277124,1.706353203371066],[33.262115043951894,1.715696640036981],[33.28748711342041,1.739055031424698],[33.290157857279155,1.774425758396433],[33.30551463611283,1.792444548062235],[33.30545267481608,1.806063966633474],[33.24282479311893,1.858272742726399],[33.23544072017029,1.893806631111943],[33.22501037163397,1.915344151851741],[33.224911578523916,1.915314530766977],[33.209528092122525,1.91189788473406],[33.16252299568623,1.874314332821257],[33.15226733792247,1.874314332821257],[33.14072972363948,1.858511915279848],[33.1249189184075,1.858084820954218],[33.112953984359535,1.850397105324987],[33.112953984359535,1.830323469103803],[33.11594521794888,1.822208531568549],[33.10568956069267,1.806832758867301],[33.1018436891498,1.79487373477059],[33.10355296539109,1.781633295443612],[33.09244266973053,1.764975833684673],[33.090733393137214,1.755579250598828],[33.085178245556165,1.748745341901042],[33.08475092673672,1.73849443340174],[33.077486502682575,1.722263714325265],[33.05013808257837,1.710304147598833],[33.026635534360025,1.709877019218879],[33.007833495878,1.714575430026116],[32.992450009679146,1.720982335115764],[32.98827107518257,1.7273314233834]]]}},{"type":"Feature","id":"gb:47994165B3162512256822","properties":{"id":"gb:47994165B3162512256822","name":"Kasilo","parentId":"gb:17295835B57878138064711","level":"ADM2","countryCode":"UG"},"geometry":{"type":"Polygon","coordinates":[[[33.214041649926855,1.618255746282728],[33.16326277047341,1.593441676940699],[33.10287745942043,1.560198591806113],[33.05299394159414,1.529404528195926],[33.02726454818918,1.49913493268599],[33.01378724688169,1.467115194246787],[33.044942566538225,1.453992217394216],[33.0613953761756,1.445593472548865],[33.11075380442759,1.418822266023142],[33.121500365529755,1.399330790152987],[33.14671219034142,1.373699152781114],[33.187307500900204,1.350203244334182],[33.20739149683004,1.342940827220616],[33.24755948868966,1.340377615229897],[33.305247561588885,1.37754391626612],[33.38002839742245,1.372417564130444],[33.3988032480637,1.34822568816611],[33.399257755137285,1.347640040840474],[33.424896898756856,1.3459312367861],[33.43045204645216,1.39505887005339],[33.45053604237643,1.430088383521593],[33.451817999377795,1.459136843796102],[33.43814378932569,1.483485999726895],[33.42019638868857,1.507407716006412],[33.37660984454044,1.51424244463584],[33.39412992641337,1.521077150981625],[33.395702460555356,1.543358143554372],[33.40199259712324,1.558941030505139],[33.39406155536358,1.57780437080612],[33.385310061008056,1.591746729893771],[33.385310061008056,1.602408470332364],[33.40882970176801,1.62236491178129],[33.41183802827322,1.630019385400999],[33.393514586797096,1.65352937134071],[33.38121723442231,1.689195439534501],[33.391676772964615,1.696841687350911],[33.38096214426463,1.68993527129885],[33.37294857523102,1.684769883808315],[33.32026457921103,1.66674951572935],[33.29961105253187,1.657301878104761],[33.27633207718401,1.639631175401178],[33.236250233398266,1.623884873989994],[33.214041649926855,1.618255746282728]]]}},{"type":"Feature","id":"gb:47994165B94890268111599","properties":{"id":"gb:47994165B94890268111599","name":"Kioga","parentId":"gb:17295835B80141219017784","level":"ADM2","countryCode":"UG"},"geometry":{"type":"Polygon","coordinates":[[[32.31252531041366,1.652363933988397],[32.324464854603434,1.6259187782357],[32.34853146408096,1.612250027639107],[32.36138522129926,1.600768206152793],[32.401313914412526,1.596120783943604],[32.42920930265467,1.587099287154331],[32.445891838540945,1.578624511789144],[32.46941147986627,1.559214413460495],[32.49539247873412,1.544725068047967],[32.52027954046963,1.521487232678226],[32.541611308007305,1.538710593977157],[32.56567791737558,1.514105749933037],[32.5826510304085,1.482204472035846],[32.620682426975634,1.44632139251388],[32.65956846171167,1.441195191527697],[32.67783037433554,1.449752739315443],[32.68691688157253,1.454010671890842],[32.735631254074974,1.465544542096779],[32.78220903181244,1.484340351408036],[32.80504823527872,1.490023815363315],[32.81343003071578,1.492109595234638],[32.959716512466336,1.494355120085464],[32.95954644199389,1.49459254308448],[32.95997376069289,1.580879898835519],[32.94886346553096,1.589850164590757],[32.9488511586116,1.642605463486007],[32.94167493339239,1.653277870599254],[32.941499903281795,1.661675789817423],[32.94657577001442,1.667974206285407],[32.96617911758773,1.668149161898612],[32.97510564180391,1.678821430789128],[32.97563073134194,1.7120625500811],[32.98827107518257,1.7273314233834],[32.98176703319791,1.737213065866854],[32.97236601374914,1.744901258157824],[32.97151137545251,1.763267367230867],[32.9621103559856,1.780779070623851],[32.95142737952267,1.794019515696959],[32.940744403059966,1.802134580448694],[32.938607807767426,1.81281224163223],[32.91334455260903,1.81916740281298],[32.90955011196803,1.812620530238235],[32.908695473671344,1.811766319386322],[32.907398711099916,1.811103819845925],[32.90654840941255,1.811093355969604],[32.90586643620895,1.810676714200895],[32.8973200550023,1.810676714200895],[32.8965385199308,1.810986228816034],[32.89571165484773,1.811103819706318],[32.88887455014202,1.811103819845925],[32.885632999330994,1.811530925787849],[32.885205679733474,1.811958030870699],[32.881787127445136,1.811958030870699],[32.87864645268081,1.81281224142009],[32.874373262077484,1.81281224142009],[32.87368381783074,1.813210854447505],[32.86870648550524,1.81409355656973],[32.867009951514035,1.814172041645747],[32.863818221140036,1.815374870599555],[32.86296358343401,1.815374870757466],[32.862154982306606,1.815569789770848],[32.85696011125685,1.817937496832201],[32.856108614864866,1.817950797062792],[32.85467407489307,1.818791704222349],[32.85381943663174,1.818791703870261],[32.85246416323156,1.819645911577879],[32.85165193472062,1.81978591036534],[32.84861090102788,1.821298548384107],[32.82878680954963,1.835854780196541],[32.813805991831885,1.834582155832777],[32.81304158032236,1.834200145499551],[32.81169404718804,1.833313174115574],[32.81169404718804,1.832458973255996],[32.798019837157085,1.827760861399838],[32.7141360801495,1.748627115483941],[32.64313045725487,1.685555714052043],[32.62313951151714,1.63093668129892],[32.588419837788194,1.613583802468668],[32.45518901815092,1.68900098618559],[32.452794838825014,1.691003173311401],[32.45154420165625,1.691087871302784],[32.45014891297399,1.692397853852754],[32.44954114356102,1.693481006588968],[32.448397600991086,1.693672752339637],[32.44616104098617,1.695007540728398],[32.44286428324341,1.695716588660446],[32.4414872387639,1.697009721332506],[32.43881649446246,1.697009721654524],[32.43646497005153,1.698067082048453],[32.43524456202573,1.698344507230104],[32.43390919028366,1.698344507250567],[32.43284997568992,1.699010917373187],[32.43021383081435,1.69922250850783],[32.42894698560855,1.699644604334026],[32.426292707962716,1.69978866620437],[32.42367382788211,1.700312211671985],[32.41967112661354,1.700346684313445],[32.41715800157124,1.701014076512536],[32.41048114116961,1.701014076512536],[32.398068451440736,1.68426836794805],[32.39331364528573,1.680183009590451],[32.38701659258635,1.67698782248516],[32.385445267463695,1.674989585425237],[32.384306608037775,1.674516831938263],[32.381994731555835,1.672316016436298],[32.357673515309045,1.658573461652225],[32.35645124166922,1.656965718471668],[32.35519833169809,1.65676672066536],[32.35405706231046,1.656298311695252],[32.352723148477025,1.65629479268739],[32.350723610860484,1.65523496970053],[32.34843675926686,1.654487955686477],[32.34463357502608,1.653628681615942],[32.343306739394166,1.653592534320978],[32.33893963892905,1.651626456989277],[32.31490294217912,1.651626456699375],[32.31384413472529,1.652293865229069],[32.31252531041366,1.652363933988397]]]}},{"type":"Feature","id":"gb:47994165B20913720061072","properties":{"id":"gb:47994165B20913720061072","name":"Serere","parentId":"gb:17295835B57878138064711","level":"ADM2","countryCode":"UG"},"geometry":{"type":"Polygon","coordinates":[[[33.424896898756856,1.3459312367861],[33.44305795840876,1.328576127675774],[33.48245143450856,1.335918689018854],[33.52518334035989,1.317228491215758],[33.53987243342584,1.322568561904347],[33.5513805395089,1.342894049450706],[33.559903014088604,1.357946240006527],[33.59729343215736,1.401333249680988],[33.630677733745415,1.407340619033675],[33.64870525644142,1.41601790309619],[33.66606509330575,1.432037418228731],[33.66740046549228,1.456733952116338],[33.67140658168273,1.468080917555028],[33.6838522488693,1.497582756992074],[33.691971311340524,1.521504319795042],[33.690262035219746,1.536027995987013],[33.698808416426175,1.55140589884337],[33.69795377830553,1.571055278560323],[33.65094868166972,1.579171272901078],[33.63086468583424,1.575326858470021],[33.61419924248162,1.567210849173023],[33.5864235035603,1.562512092561519],[33.570185379267855,1.584297147744223],[33.54796478813097,1.61846932058728],[33.48643084344394,1.632138029165446],[33.38121723442231,1.689195439534501],[33.393514586797096,1.65352937134071],[33.41183802827322,1.630019385400999],[33.40882970176801,1.62236491178129],[33.385310061008056,1.602408470332364],[33.385310061008056,1.591746729893771],[33.39406155536358,1.57780437080612],[33.40199259712324,1.558941030505139],[33.395702460555356,1.543358143554372],[33.39412992641337,1.521077150981625],[33.37660984454044,1.51424244463584],[33.42019638868857,1.507407716006412],[33.43814378932569,1.483485999726895],[33.451817999377795,1.459136843796102],[33.45053604237643,1.430088383521593],[33.43045204645216,1.39505887005339],[33.424896898756856,1.3459312367861]]]}},{"type":"Feature","id":"gb:47994165B98524578813070","properties":{"id":"gb:47994165B98524578813070","name":"Soroti","parentId":"gb:17295835B57878138064711","level":"ADM2","countryCode":"UG"},"geometry":{"type":"Polygon","coordinates":[[[33.801964488331635,1.717698799085667],[33.78854541909487,1.734650328190355],[33.78854541909487,1.734995189283495],[33.78654033447367,1.737081615099783],[33.78520653480439,1.737987679280081],[33.778289761339806,1.750283303979472],[33.77664927323946,1.75422913864594],[33.7765804854057,1.755909133904595],[33.77615316604732,1.756586452625697],[33.77615316604732,1.757440689110069],[33.77574279226934,1.758125022419392],[33.77572584728506,1.759826477389197],[33.775298528224766,1.762212263059553],[33.77444389010412,1.764497217162102],[33.77444389010412,1.77987334523101],[33.77327168233131,1.78280493604683],[33.772734613758985,1.784895057778499],[33.772114884010705,1.785242509249827],[33.771812723962285,1.785971634448458],[33.77060408299275,1.787179688114406],[33.76418341645882,1.79957674598802],[33.7629062754753,1.801610646468077],[33.76222851018554,1.802046187743258],[33.76182206833363,1.802561687741331],[33.75906040370688,1.806781666427469],[33.7578879082248,1.808004670893354],[33.75564185141832,1.813157901033776],[33.75363619186663,1.81609820978116],[33.75307793708771,1.81647110601773],[33.75283578913394,1.817083288297852],[33.74971787354792,1.819341689593728],[33.747345947498786,1.820249767687301],[33.74610193803551,1.821400599233641],[33.73983104607373,1.823916942089511],[33.73940372715731,1.824344044797044],[33.72017436944259,1.841428061923523],[33.71886398910112,1.842282258493526],[33.70779011341307,1.854232974844592],[33.70491587535872,1.855886884516224],[33.703926549188964,1.857230631992707],[33.698911866401545,1.860971083654874],[33.697422441893195,1.861501572666555],[33.69606716820027,1.862355759203183],[33.693994407942455,1.863053118871676],[33.69332436370297,1.863565981717898],[33.6911439009653,1.864491224983169],[33.689551808717226,1.865628167628302],[33.687790690055806,1.866961260013227],[33.6869922551478,1.868464761414259],[33.68470688716616,1.871141570781845],[33.68162007262316,1.873651212018046],[33.68117548481359,1.874314332510778],[33.680320846621726,1.874314332821257],[33.675477566211725,1.877132357050016],[33.674016410668855,1.878585231946488],[33.6731692724066,1.878592727949751],[33.67286180935457,1.879319619094531],[33.672056816725046,1.879439409800966],[33.66949965806424,1.881059685221828],[33.660305808068074,1.889689520385616],[33.65946402605226,1.8897205404445],[33.658788631706614,1.890209593635177],[33.65797785006038,1.890479707404552],[33.65386283568614,1.891436385043562],[33.65103239159231,1.893022546363341],[33.65021242736725,1.893106210186204],[33.6483847671924,1.894946414635342],[33.64798931583965,1.895636873419505],[33.64795744824738,1.896477850859753],[33.64753012889571,1.897155116000761],[33.64710281012674,1.898762633844569],[33.64710281012674,1.910720956510374],[33.650094043548904,1.922801008668785],[33.650094043548904,1.927925942429169],[33.64993405699124,1.928713865499049],[33.64932973648081,1.930171996742729],[33.64923940542832,1.931842907316366],[33.64881208636797,1.932520158806824],[33.64868951616103,1.933251810107777],[33.642727828673856,1.935387188047685],[33.63503608558807,1.935387188047685],[33.63433642050251,1.935761111986608],[33.63022095521683,1.936455792921777],[33.62194676088268,1.940270675274519],[33.62114914494509,1.940512083868441],[33.618585230055146,1.940512083868441],[33.61814067170269,1.941175225958318],[33.617404149367985,1.941366231628763],[33.61719047590384,1.942006828261754],[33.616189860626264,1.942933935840188],[33.609718685724374,1.946167659426521],[33.60894044812096,1.946491109296289],[33.60809963641037,1.946549645113009],[33.60652281139812,1.947197795576415],[33.60061689297822,1.947772326280699],[33.59913102915067,1.947233272546953],[33.598526708550196,1.946629301252642],[33.597729344141044,1.946491109659519],[33.59705170777585,1.946064036751807],[33.593649197726336,1.946102744272935],[33.59217820304616,1.946818463450882],[33.58831002689004,1.948022254065279],[33.58770570658851,1.948626224690599],[33.586097408526655,1.949053542290585],[33.56818941652767,1.96727698145753],[33.55822413271568,1.972969394823963],[33.55551358563412,1.975531787272757],[33.54994161297111,1.978840590460493],[33.54711015014499,1.981666099670406],[33.54328769284689,1.984701961161477],[33.54070036410542,1.989093699636555],[33.54012690392278,1.999874317667718],[33.524462239812976,2.017456820254438],[33.51974642714919,2.027632902596679],[33.51142447716711,2.035110815140285],[33.505910196756304,2.037882106255609],[33.50505555863572,2.038736203620374],[33.498976255807634,2.040444396989869],[33.49042987460098,2.040444396989869],[33.490002555107594,2.040017349143],[33.48734193927112,2.038792625588428],[33.48626036856825,2.037882106590132],[33.485455661330036,2.037761638795985],[33.484227458622456,2.036600958980955],[33.48343961002155,2.036534212081563],[33.48223558441185,2.035824743245882],[33.480659464400105,2.035319811250815],[33.478961284695345,2.035251476424662],[33.47731025666155,2.034892762080403],[33.47570671421056,2.034445148875932],[33.47494230263686,2.034063183961507],[33.47323881870608,2.034038662502667],[33.46999048697552,2.033184562656913],[33.46913584885493,2.033184562656913],[33.46870852938832,2.032757512737021],[33.467853891674,2.032757512560295],[33.46748580460735,2.032187552717744],[33.46632161674518,2.031476361954788],[33.46343406835098,2.030195209609474],[33.46300674890523,2.029768158732509],[33.4626816099763,2.029094577328351],[33.46104565028321,2.027459642594465],[33.45953898843709,2.026793413106134],[33.45908242355216,2.026134263371716],[33.458437484382216,2.025924695334481],[33.45554993613973,2.023789434148682],[33.45523655166636,2.023248517842092],[33.45472866845921,2.022854815304811],[33.45401766089492,2.022508276266819],[33.45369702934835,2.021823818346263],[33.45352727579865,2.021039982530795],[33.45309995637365,2.020612928901926],[33.451817999377795,2.018581281735351],[33.45139068049707,2.018154227752746],[33.45130711400111,2.01738363373164],[33.4499439618798,2.015510756698234],[33.44925408519549,2.01408811709922],[33.44925408519549,2.013234006736866],[33.44868977360602,2.012839270811526],[33.44795201331442,2.010530649815621],[33.44711748989374,2.00916788380664],[33.44704553280957,2.008343558160504],[33.44633809019342,2.007988413996088],[33.4462628517731,2.00720949338114],[33.4462628517731,1.998668333717376],[33.44711748989374,1.994675446555618],[33.44716995889269,1.992988925515306],[33.44777427953528,1.992384970494925],[33.447972128014385,1.991612750839067],[33.44801877763649,1.989912071869867],[33.44839944707468,1.988265562468484],[33.44832127210009,1.987489566183115],[33.4412706011492,1.972386259223356],[33.43899842762238,1.965387287589124],[33.43814378932569,1.957901686740627],[33.43814378932569,1.946797841059094],[33.438228932546735,1.945978942462546],[33.43857110868731,1.945266449583244],[33.43857110868731,1.931600064737779],[33.44019623403574,1.927272738492547],[33.440280384618404,1.926502686453148],[33.44105087220606,1.925564427851668],[33.44156234210948,1.923262964446053],[33.44198966116983,1.922835886053122],[33.44198966116983,1.916002617246136],[33.43742197143547,1.907332731681151],[33.43255371973805,1.905064572722324],[33.44383567935756,1.885333230805372],[33.44383567935756,1.850345853532303],[33.42934101698427,1.824651558543735],[33.4277001114782,1.79157644747886],[33.41758119616543,1.779548985217673],[33.410197122683314,1.779002280927841],[33.41183802827322,1.763421129360665],[33.40281304971904,1.756587249848792],[33.40199259712324,1.71093629821172],[33.391676772964615,1.696841687350911],[33.38121723442231,1.689195439534501],[33.48643084344394,1.632138029165446],[33.54796478813097,1.61846932058728],[33.570185379267855,1.584297147744223],[33.5864235035603,1.562512092561519],[33.61419924248162,1.567210849173023],[33.63086468583424,1.575326858470021],[33.65094868166972,1.579171272901078],[33.69795377830553,1.571055278560323],[33.705645521391375,1.58771439059575],[33.70610702597668,1.613616906841798],[33.71786684651681,1.637947202220744],[33.74302739278886,1.674032038806388],[33.76408567608178,1.674305406263557],[33.76955536005386,1.666377734548405],[33.791434095630166,1.668838049764133],[33.80672760698244,1.685885854654912],[33.80615131350743,1.686331401250811],[33.80561147363244,1.687126588396438],[33.805497124385,1.688390740097816],[33.80430273156958,1.688987677141256],[33.80360841560184,1.691364364649928],[33.80360841560184,1.696703517899721],[33.80335290399,1.697932514217428],[33.80285594603998,1.699011899863876],[33.79167073420592,1.704937791902637],[33.792143673076396,1.705685813640514],[33.79588381954164,1.707020593210245],[33.7984703171698,1.707223892392392],[33.79954171266621,1.707991397974808],[33.800791123699355,1.708355371853258],[33.801778297557746,1.709195624087783],[33.802273043880746,1.710325561975765],[33.802273043880746,1.712995114635021],[33.801605357571134,1.714053448562368],[33.801605357571134,1.716722996025453],[33.801964488331635,1.717698799085667]]]}},{"type":"Feature","id":"gb:47994165B3926647194046","properties":{"id":"gb:47994165B3926647194046","name":"Ngora","parentId":"gb:17295835B57878138064711","level":"ADM2","countryCode":"UG"},"geometry":{"type":"Polygon","coordinates":[[[33.87799717664427,1.662972370769694],[33.871577055649254,1.667779477472607],[33.86503553089324,1.673913594541489],[33.861920802352245,1.675874918987631],[33.8593910369176,1.676471859861067],[33.85711871214659,1.677655222359363],[33.855783339854554,1.677655222707358],[33.854056846150456,1.678990021570655],[33.85138610247054,1.678990021565141],[33.849383044375145,1.678322622076223],[33.830687835194226,1.678322621803886],[33.829439074228105,1.678113614783115],[33.82829365596854,1.677655222359363],[33.82028142358746,1.677655222359363],[33.816488796865656,1.678559190403973],[33.8131958408801,1.680752501261509],[33.81224185678229,1.681682846033254],[33.81104746328424,1.682279785068886],[33.80921317893262,1.684996606511902],[33.8078778072055,1.684996606700167],[33.80672760698244,1.685885854654912],[33.791434095630166,1.668838049764133],[33.76955536005386,1.666377734548405],[33.76408567608178,1.674305406263557],[33.74302739278886,1.674032038806388],[33.71786684651681,1.637947202220744],[33.70610702597668,1.613616906841798],[33.705645521391375,1.58771439059575],[33.69795377830553,1.571055278560323],[33.698808416426175,1.55140589884337],[33.690262035219746,1.536027995987013],[33.691971311340524,1.521504319795042],[33.6838522488693,1.497582756992074],[33.67140658168273,1.468080917555028],[33.66740046549228,1.456733952116338],[33.66606509330575,1.432037418228731],[33.64870525644142,1.41601790309619],[33.630677733745415,1.407340619033675],[33.59729343215736,1.401333249680988],[33.559903014088604,1.357946240006527],[33.5513805395089,1.342894049450706],[33.56498917910773,1.338036546346757],[33.569364926671994,1.326279904479975],[33.59507244104259,1.327920369374567],[33.616130724576806,1.330654475209485],[33.630351902635766,1.325186260515466],[33.65852077541854,1.326279904479975],[33.680399511192775,1.336942907477351],[33.711850194043166,1.356081515653671],[33.72388349888621,1.351433581553692],[33.72680884313621,1.353348711699141],[33.75136866083312,1.369427186497148],[33.77487120905147,1.368145595305748],[33.79410056668462,1.360883231109824],[33.800510352562355,1.368999989808799],[33.7992283955665,1.378825502417271],[33.78085367600903,1.406593036133756],[33.79367324781879,1.422826210737014],[33.79580984312037,1.439486455349879],[33.80820209543589,1.445467026334995],[33.837687110832576,1.493311021847944],[33.85477987317324,1.524067328303545],[33.85734378780745,1.550551573829296],[33.865832737242556,1.563347959234079],[33.88018518791051,1.592216941375284],[33.879310038380936,1.624584712352373],[33.8884115927695,1.634207463564906],[33.88425205754851,1.659479804724072],[33.88384434315333,1.659635344235824],[33.8830630537509,1.660189194388067],[33.88250897108986,1.660970155675898],[33.88133588577193,1.661361786427733],[33.880391355759855,1.662304966459033],[33.87925182395725,1.662777566933869],[33.87799717664427,1.662972370769694]]]}},{"type":"Feature","id":"gb:47994165B5785370496570","properties":{"id":"gb:47994165B5785370496570","name":"Kumi","parentId":"gb:17295835B57878138064711","level":"ADM2","countryCode":"UG"},"geometry":{"type":"Polygon","coordinates":[[[34.228735329518656,1.646287180262448],[34.217332136145274,1.646287180262448],[34.21666445073396,1.645619769440714],[34.2135676390476,1.645619769440714],[34.00568820450212,1.648956820416345],[33.99795253670601,1.646954590860844],[33.989987755393486,1.640947890133134],[33.9873170116191,1.640947889797758],[33.9848038867832,1.640280477469503],[33.98346851428994,1.640280477527028],[33.982247458568,1.639796425864631],[33.980955389883775,1.639613064918649],[33.97694927369315,1.639613064918649],[33.97628158766133,1.638945652145082],[33.96960472734372,1.638945652145082],[33.96721054782654,1.638278239149258],[33.964539803699495,1.638278239149258],[33.963853063442684,1.637629872158413],[33.96120137326784,1.637610825775312],[33.96014256587341,1.636943412057065],[33.94812421751527,1.636943412490496],[33.94422645185165,1.637610825930892],[33.93754959152477,1.637610825775312],[33.93554653343881,1.638278239149258],[33.931540417248186,1.638278239149258],[33.92651416734833,1.639613064698381],[33.92384342300818,1.639613064698381],[33.918268433064384,1.641615301903414],[33.91577966891083,1.641797207630304],[33.91493000278922,1.642282713779025],[33.91359463084194,1.64228271378613],[33.91250812030586,1.642883271782011],[33.911200451054356,1.642950125716823],[33.89883843231627,1.651626456699375],[33.893263441931424,1.653628681615942],[33.89114582702382,1.654963497104802],[33.88840454189318,1.657562613895266],[33.88425205754851,1.659479804724072],[33.8884115927695,1.634207463564906],[33.879310038380936,1.624584712352373],[33.88018518791051,1.592216941375284],[33.865832737242556,1.563347959234079],[33.85734378780745,1.550551573829296],[33.85477987317324,1.524067328303545],[33.837687110832576,1.493311021847944],[33.80820209543589,1.445467026334995],[33.79580984312037,1.439486455349879],[33.79367324781879,1.422826210737014],[33.78085367600903,1.406593036133756],[33.7992283955665,1.378825502417271],[33.800510352562355,1.368999989808799],[33.79410056668462,1.360883231109824],[33.77487120905147,1.368145595305748],[33.75136866083312,1.369427186497148],[33.72680884313621,1.353348711699141],[33.741113003069586,1.326279904601336],[33.754359894268646,1.319017415970222],[33.77358925198331,1.318163004161534],[33.789400057215516,1.319017415970222],[33.80862941493018,1.319017415970222],[33.82163421532501,1.30736809172621],[33.86204429734761,1.271169908446495],[33.91396208407036,1.269880022522216],[33.91577966891083,1.269834865017458],[33.98254827248326,1.314558451118444],[33.9945666210549,1.329243634482907],[34.007920341690124,1.349268743588937],[34.00524959756291,1.412013006724465],[34.01192645788052,1.419355311250627],[34.01259414391234,1.429367507101517],[34.00658496929401,1.452729127241753],[34.03930158499219,1.494111973157317],[34.05933216613562,1.507461112690976],[34.082033490843685,1.518140366057764],[34.10072870010487,1.542835935449318],[34.09805795597771,1.560856846249919],[34.11341473470833,1.569533526106113],[34.16616193082535,1.567531218868453],[34.22950266652173,1.569532632847273],[34.228735329518656,1.646287180262448]]]}},{"type":"Feature","id":"gb:47994165B84551843907837","properties":{"id":"gb:47994165B84551843907837","name":"Bukedea","parentId":"gb:17295835B57878138064711","level":"ADM2","countryCode":"UG"},"geometry":{"type":"Polygon","coordinates":[[[34.22950266652173,1.569532632847273],[34.16616193082535,1.567531218868453],[34.11341473470833,1.569533526106113],[34.09805795597771,1.560856846249919],[34.10072870010487,1.542835935449318],[34.082033490843685,1.518140366057764],[34.05933216613562,1.507461112690976],[34.03930158499219,1.494111973157317],[34.00658496929401,1.452729127241753],[34.01259414391234,1.429367507101517],[34.01192645788052,1.419355311250627],[34.00524959756291,1.412013006724465],[34.007920341690124,1.349268743588937],[33.9945666210549,1.329243634482907],[33.98254827248326,1.314558451118444],[33.91577966891083,1.269834865017458],[33.91396208407036,1.269880022522216],[33.921121157561174,1.253146759588162],[33.935142563805755,1.237793608539732],[33.97787447026087,1.231785830112472],[33.99656967914086,1.22043776692658],[34.03396009692875,1.211092266358492],[34.09872564200947,1.188395918079664],[34.11162257010053,1.184379696983545],[34.13945448994696,1.175712583168263],[34.16950036137621,1.17437749192004],[34.17484184925752,1.185725747486629],[34.190198628091366,1.211092266497076],[34.20021391883705,1.234455955722467],[34.21629179811299,1.256217379008262],[34.229204566485976,1.272905428217939],[34.2338118799554,1.278859747113472],[34.22996600816509,1.301501915932988],[34.24193094210153,1.31944462176449],[34.243640218217195,1.344649632823405],[34.245776813509906,1.357892840282261],[34.25688710921287,1.367718398263889],[34.260305661695554,1.376262329336782],[34.26586080943969,1.384379035920745],[34.26980171678184,1.397650046478645],[34.26980171678184,1.401499555231794],[34.27120195586207,1.412173160267514],[34.269626686894526,1.416897526793946],[34.26420076039426,1.420222075438687],[34.26472585005564,1.422146811942412],[34.26542596960411,1.423896571007504],[34.26315058107156,1.425996280132097],[34.26155343335171,1.431814214149483],[34.25663071777683,1.437828980033601],[34.25307542307229,1.440289561086104],[34.25061406524486,1.443296935388787],[34.245964834030985,1.446851099123137],[34.24405044464072,1.447671289991774],[34.23584591828086,1.46380164974812],[34.22627397173119,1.468996147933979],[34.229282297707414,1.483759392049365],[34.22955578171087,1.565929370784716],[34.22953868935207,1.565929371141237],[34.22950266652173,1.569532632847273]]]}},{"type":"Feature","id":"gb:47994165B13948699459529","properties":{"id":"gb:47994165B13948699459529","name":"Bulambuli","parentId":"gb:17295835B57878138064711","level":"ADM2","countryCode":"UG"},"geometry":{"type":"Polygon","coordinates":[[[34.3615556613712,1.565135875508872],[34.35775472381573,1.564135300580858],[34.35722683642666,1.564181350003992],[34.35645330611857,1.564954591034677],[34.35509835741266,1.565762270206903],[34.35407450256764,1.56604897540501],[34.3524335974904,1.566048975790807],[34.35083707267461,1.566322357821093],[34.34646132545049,1.566322358137995],[34.33872185598409,1.560080424181422],[34.326242786145656,1.558667647906816],[34.298079959687925,1.56208493234783],[34.29544272880088,1.559094808453551],[34.27568914760576,1.55744546049101],[34.26693044242262,1.568277412141811],[34.26548722130292,1.568919485328422],[34.2629233067824,1.568919485138906],[34.26201493755366,1.569720092101477],[34.261323452143245,1.57003787045943],[34.26071339527937,1.570628120088543],[34.25998965246703,1.570944010567644],[34.25604325424638,1.575754015979555],[34.250192032232974,1.571482437282953],[34.24791340880239,1.567279535063051],[34.24534488999552,1.565929371141237],[34.22955578171087,1.565929370784716],[34.229282297707414,1.483759392049365],[34.22627397173119,1.468996147933979],[34.23584591828086,1.46380164974812],[34.24405044464072,1.447671289991774],[34.245964834030985,1.446851099123137],[34.25061406524486,1.443296935388787],[34.25307542307229,1.440289561086104],[34.25663071777683,1.437828980033601],[34.26155343335171,1.431814214149483],[34.26315058107156,1.425996280132097],[34.26542596960411,1.423896571007504],[34.26472585005564,1.422146811942412],[34.26420076039426,1.420222075438687],[34.269626686894526,1.416897526793946],[34.27120195586207,1.412173160267514],[34.26980171678184,1.401499555231794],[34.26980171678184,1.397650046478645],[34.26586080943969,1.384379035920745],[34.260305661695554,1.376262329336782],[34.25688710921287,1.367718398263889],[34.245776813509906,1.357892840282261],[34.243640218217195,1.344649632823405],[34.24193094210153,1.31944462176449],[34.22996600816509,1.301501915932988],[34.2338118799554,1.278859747113472],[34.229204566485976,1.272905428217939],[34.24561656899675,1.257819439792172],[34.28901616106123,1.285855344220408],[34.31639128836349,1.245803959580144],[34.33575418328451,1.231785830112472],[34.35778782233257,1.213094876250977],[34.38048914729018,1.197073955507165],[34.408531960617324,1.183055573746344],[34.45393461080897,1.179717852733177],[34.48130973782662,1.168369573741643],[34.51269098170104,1.151680843718282],[34.530164995439236,1.174392381188738],[34.532721562653876,1.177715218843161],[34.53154649550186,1.18253197347866],[34.526044702336264,1.205084427812039],[34.522133263471915,1.208185916041487],[34.487318912494175,1.235791017522274],[34.45794072687028,1.255816863477264],[34.431233285826295,1.271169908450588],[34.39533848475884,1.286549562736695],[34.37354521236466,1.290394461779215],[34.35602513120864,1.301074706672694],[34.341496282976095,1.306201208169398],[34.31970301108106,1.315599766977073],[34.30175561054733,1.319017415970222],[34.29961901524558,1.337387198583826],[34.30816539645218,1.355329644226344],[34.3094473535877,1.367291200498357],[34.31884837296025,1.382670257564428],[34.33765041161479,1.403175511256961],[34.35132462114234,1.41641839250866],[34.37397253174237,1.42923401144327],[34.37952767952663,1.435214609305717],[34.38892869885393,1.438632086780558],[34.39533848475884,1.442903926423696],[34.40687609938766,1.444185476753148],[34.417986394809475,1.449311671156352],[34.431233285826295,1.459991204533083],[34.44234358132428,1.472806578182656],[34.44832604823938,1.480922943060079],[34.44742942275707,1.484358856897302],[34.445762133612845,1.490747977134049],[34.443625538320305,1.50954357084396],[34.404063607991986,1.558394264487788],[34.4004815823468,1.560309768149239],[34.39970805212664,1.561083011304959],[34.399241185097026,1.561276321650098],[34.398854420428336,1.56166294351317],[34.39702716745791,1.562768388647896],[34.39675368325942,1.563041771105702],[34.39173712274379,1.565228829486159],[34.38517350197708,1.565228829486159],[34.38308871171682,1.564718149705755],[34.37871882208839,1.564682064796443],[34.376217613065364,1.563899054675915],[34.37349154072132,1.563861918542614],[34.37308044522007,1.564189821422076],[34.372465847024955,1.565077572115968],[34.37207908187099,1.565464192950685],[34.369487189622475,1.567325428432696],[34.36896158288192,1.567415886019717],[34.36622674105121,1.567415886019717],[34.36330061433716,1.566322357821093],[34.362810223389374,1.566082781434943],[34.36202252810119,1.565329185884195],[34.3615556613712,1.565135875508872]]]}},{"type":"Feature","id":"gb:47994165B18254739821586","properties":{"id":"gb:47994165B18254739821586","name":"Tingey","parentId":"gb:17295835B57878138064711","level":"ADM2","countryCode":"UG"},"geometry":{"type":"Polygon","coordinates":[[[34.522133263471915,1.208185916041487],[34.52310688374274,1.232293153806438],[34.530798626616445,1.251945211978864],[34.51883369315772,1.266897765969418],[34.5248161600378,1.282277445798798],[34.5154151407105,1.303637958712272],[34.45772706756651,1.367718398263889],[34.46541881065235,1.374553545564879],[34.48080229659058,1.385660618384577],[34.49319454957367,1.404884274320295],[34.494476506642684,1.423680585621298],[34.4812296158845,1.43350586865256],[34.49105795427192,1.446321392362904],[34.48977599709093,1.469816330732101],[34.44742942275707,1.484358856897302],[34.44832604823938,1.480922943060079],[34.44234358132428,1.472806578182656],[34.431233285826295,1.459991204533083],[34.417986394809475,1.449311671156352],[34.40687609938766,1.444185476753148],[34.39533848475884,1.442903926423696],[34.38892869885393,1.438632086780558],[34.37952767952663,1.435214609305717],[34.37397253174237,1.42923401144327],[34.35132462114234,1.41641839250866],[34.33765041161479,1.403175511256961],[34.31884837296025,1.382670257564428],[34.3094473535877,1.367291200498357],[34.30816539645218,1.355329644226344],[34.29961901524558,1.337387198583826],[34.30175561054733,1.319017415970222],[34.31970301108106,1.315599766977073],[34.341496282976095,1.306201208169398],[34.35602513120864,1.301074706672694],[34.37354521236466,1.290394461779215],[34.39533848475884,1.286549562736695],[34.431233285826295,1.271169908450588],[34.45794072687028,1.255816863477264],[34.487318912494175,1.235791017522274],[34.522133263471915,1.208185916041487]]]}},{"type":"Feature","id":"gb:47994165B23169852214817","properties":{"id":"gb:47994165B23169852214817","name":"Kween","parentId":"gb:17295835B57878138064711","level":"ADM2","countryCode":"UG"},"geometry":{"type":"Polygon","coordinates":[[[34.404063607991986,1.558394264487788],[34.443625538320305,1.50954357084396],[34.445762133612845,1.490747977134049],[34.44742942275707,1.484358856897302],[34.48977599709093,1.469816330732101],[34.49105795427192,1.446321392362904],[34.4812296158845,1.43350586865256],[34.494476506642684,1.423680585621298],[34.49319454957367,1.404884274320295],[34.48080229659058,1.385660618384577],[34.46541881065235,1.374553545564879],[34.45772706756651,1.367718398263889],[34.5154151407105,1.303637958712272],[34.5248161600378,1.282277445798798],[34.51883369315772,1.266897765969418],[34.530798626616445,1.251945211978864],[34.52310688374274,1.232293153806438],[34.522133263471915,1.208185916041487],[34.526044702336264,1.205084427812039],[34.53154649550186,1.18253197347866],[34.54361819837169,1.196833641244098],[34.54874602725357,1.226312064440265],[34.55387385613545,1.241264764000221],[34.58720474251987,1.276296470266175],[34.589768657207514,1.28569513992062],[34.606434100153024,1.303210750080098],[34.615407800827086,1.306628416126784],[34.62908201075754,1.314745353996898],[34.645747453715785,1.324143880785186],[34.67523246911264,1.326707108784092],[34.711981908460984,1.360028834284378],[34.72736539443105,1.37668952481647],[34.72736539443105,1.401893938120281],[34.73591177560127,1.41129212478404],[34.73715982714231,1.429439798948692],[34.732426711999494,1.435563102107608],[34.7309507242104,1.436672639306607],[34.7296702747189,1.436942732731211],[34.72955825570136,1.437054716519356],[34.72933421766618,1.437054716519356],[34.727292055752116,1.438205810509942],[34.72394752832889,1.438588231274537],[34.723644280571705,1.438779399430643],[34.72346518165676,1.43908757438038],[34.721784894596,1.440771363002341],[34.72158606851258,1.441086133188264],[34.72144883748001,1.441172912953505],[34.721170808831744,1.441673038258216],[34.72100076057427,1.441791943895225],[34.720970422670575,1.441997166392696],[34.72077337986502,1.442100669821968],[34.720272415096304,1.443102281795461],[34.72011438092886,1.44352046355931],[34.719817850169306,1.444123106667178],[34.71976855056363,1.44433543939158],[34.719766956821275,1.444558421781608],[34.719566570578934,1.444658583280443],[34.71954451230812,1.444868921289697],[34.719320474052665,1.44547626476475],[34.71930436672045,1.445693562329211],[34.71920845449597,1.445877813695404],[34.71920845449597,1.447445581869886],[34.719320474052665,1.44786707930416],[34.719348180710426,1.448308474148064],[34.72032864620252,1.451388610003221],[34.71967365154683,1.45828248254162],[34.71967365154683,1.459136843699639],[34.72005585733365,1.459901007275278],[34.720854732238365,1.459991204805419],[34.721810246848406,1.461849317956251],[34.722237565549165,1.466270506097317],[34.721810246848406,1.466947920930693],[34.7205672653742,1.467641474479535],[34.720156090580076,1.468107616229588],[34.719246332486534,1.471192156051757],[34.719246332486534,1.472900868192937],[34.71839169436589,1.474859813821411],[34.710851218998584,1.485043485362496],[34.70921304585653,1.486903403572001],[34.706575814964594,1.489039278401322],[34.70187260983613,1.492310364371974],[34.698065714053655,1.501242040465797],[34.69661020763766,1.502708828260495],[34.696598422038335,1.504405734598606],[34.69574378374165,1.50669098175365],[34.69574378374165,1.513525712637829],[34.694951855038255,1.514971409868735],[34.69468613754418,1.515726891021075],[34.69317986974994,1.517165749415426],[34.69317986974994,1.518020087939306],[34.69275255074615,1.519551824262123],[34.69275255074615,1.522114835461139],[34.692622858578204,1.522915470198143],[34.69164118387704,1.524921663918235],[34.682010626159695,1.527911835899772],[34.68115598794384,1.527911836243277],[34.67950565969767,1.526748345754982],[34.67809143825673,1.526203166705329],[34.66562586914756,1.525348831598706],[34.664976811825,1.525554339538587],[34.664831444173046,1.526348482298488],[34.66301848301691,1.528160799902594],[34.65984898310103,1.532050516337392],[34.6592035608972,1.532506098633178],[34.65209226779365,1.534319333262147],[34.64180421930263,1.540134728526482],[34.63289305299821,1.543289797306613],[34.63207324417988,1.544178941899588],[34.63203841487763,1.544998452841185],[34.631645924964516,1.544998453112214],[34.62516090855388,1.566356530572307],[34.62430627043324,1.566356530572307],[34.62347366686299,1.566409706804563],[34.60908719169964,1.578654972874517],[34.59771588923519,1.583015679791856],[34.58489837359292,1.583998715342432],[34.582883789087305,1.582351659323763],[34.58175625879272,1.581264008050709],[34.58150101269257,1.58078263215441],[34.58111424753861,1.580396015055896],[34.580659799619696,1.580103266526464],[34.57709983823054,1.579171273027043],[34.56596651166302,1.584365492656559],[34.56541954315611,1.584365492667189],[34.56330971749617,1.584912251873845],[34.55674940288583,1.584945631792891],[34.54136772867918,1.587762762991474],[34.52493550601321,1.596120783645688],[34.509437920750315,1.601314960627178],[34.50232733127166,1.601314960627178],[34.49243447789837,1.603501978862141],[34.48922575858569,1.609109470431576],[34.48873407649455,1.609242890377232],[34.48654620267058,1.609242890377232],[34.482255181425444,1.60658876650615],[34.482255181425444,1.605495259330837],[34.48298403492123,1.604050045429062],[34.48425894014207,1.602319136087146],[34.48503247044994,1.601545908096],[34.485263507813954,1.601094814716475],[34.48504327538626,1.600768206152793],[34.48434739455314,1.600173639388288],[34.479310270362134,1.598059785661349],[34.47839100546736,1.597469981822542],[34.476914648513684,1.596796640754292],[34.47662256812731,1.596341807479575],[34.47651201345843,1.594727626785073],[34.47623852885886,1.593698648937959],[34.4759650448554,1.593265129794872],[34.4759650448554,1.592718372280785],[34.475565391956366,1.591767868119916],[34.4748711079435,1.590340131698383],[34.474590970118754,1.589966441756587],[34.47348160600137,1.589012941398835],[34.47296584128122,1.58888081132767],[34.472519889752334,1.588576280210532],[34.47151287483132,1.588291297077831],[34.47076884519731,1.587706141031333],[34.470281994871016,1.587646045794145],[34.47003103634347,1.587277282907053],[34.46855585178304,1.586800798090451],[34.468307487370055,1.58635687630084],[34.467838275474946,1.586279149285417],[34.46756479083575,1.58600576961328],[34.466150447812936,1.585459010946863],[34.46396257422418,1.585459010946863],[34.46311128771197,1.585007609792171],[34.45873554054896,1.578547355417868],[34.458384870116504,1.578351131565228],[34.45735549422568,1.5780777513055],[34.45664832246774,1.577530990677985],[34.45307778691125,1.576437468094014],[34.45271888817956,1.576089326994406],[34.45247262225814,1.575644533572074],[34.45154496236165,1.575167274953287],[34.44984899204849,1.573909538624321],[34.4493506435598,1.573703659571322],[34.44861662475125,1.573135032062908],[34.44840777595732,1.572674745269296],[34.4474538927023,1.572336753451339],[34.44210432672645,1.572554614860223],[34.43890594702265,1.571823666877719],[34.43734626687353,1.571315194370072],[34.43431043894083,1.568151054940472],[34.42893392063189,1.566322358137995],[34.42854476595909,1.565941503389695],[34.427831826106,1.563385303964253],[34.427618598313416,1.562888856631389],[34.42699336638924,1.562203623197661],[34.426552220014,1.561948240908123],[34.42272344127139,1.561948240908123],[34.42176398741867,1.561623691154637],[34.42036338722869,1.560496993480683],[34.41891409842492,1.560034562113856],[34.41782869196811,1.559982014298498],[34.41730979239361,1.559809111508855],[34.41677060502241,1.559761178876897],[34.41403576319169,1.559761178876897],[34.41197701136031,1.559214413460495],[34.410883074498145,1.559214413462826],[34.41044938674361,1.558941030702499],[34.4066851690219,1.558667647906816],[34.40616408477382,1.558605180992458],[34.40570451318359,1.558394264487788],[34.404063607991986,1.558394264487788]]]}},{"type":"Feature","id":"gb:47994165B90341384150702","properties":{"id":"gb:47994165B90341384150702","name":"Kongasis","parentId":"gb:17295835B57878138064711","level":"ADM2","countryCode":"UG"},"geometry":{"type":"Polygon","coordinates":[[[34.73715982714231,1.429439798948692],[34.73591177560127,1.41129212478404],[34.72736539443105,1.401893938120281],[34.72736539443105,1.37668952481647],[34.711981908460984,1.360028834284378],[34.67523246911264,1.326707108784092],[34.645747453715785,1.324143880785186],[34.62908201075754,1.314745353996898],[34.615407800827086,1.306628416126784],[34.606434100153024,1.303210750080098],[34.589768657207514,1.28569513992062],[34.58720474251987,1.276296470266175],[34.55387385613545,1.241264764000221],[34.54874602725357,1.226312064440265],[34.54361819837169,1.196833641244098],[34.53154649550186,1.18253197347866],[34.532721562653876,1.177715218843161],[34.530164995439236,1.174392381188738],[34.54273685313029,1.148343086005582],[34.552752143314876,1.109624814746951],[34.57345041059119,1.112295056711559],[34.57411809662295,1.144337771606502],[34.59014256138522,1.154351047074499],[34.626865293132084,1.167702026127643],[34.66358802487895,1.192401169665004],[34.705652244879786,1.214429948689542],[34.75506101123011,1.215097484661499],[34.77375622011931,1.223775437252471],[34.80179903345339,1.23378842457106],[34.82182961440623,1.255149337840919],[34.83050953281901,1.271837430077539],[34.82850647472384,1.293198030482813],[34.831177218850826,1.304545776517557],[34.793925212906686,1.358776656263899],[34.78440358727562,1.367959624614457],[34.77947474526127,1.37882235832609],[34.77773532749518,1.379046331480936],[34.777640627771575,1.37920011832199],[34.77726803191359,1.37938229193918],[34.777178961061566,1.379549664583465],[34.77702054209169,1.379708037629655],[34.7768293134792,1.379787224148686],[34.776354056354705,1.380262343568802],[34.77558190406239,1.380712221301735],[34.774373302527465,1.381682588979288],[34.77407166718655,1.382010289526534],[34.773537731883835,1.38357882837164],[34.773537731883835,1.386490474769573],[34.77359078073289,1.386661414108175],[34.77376647169723,1.387002073233816],[34.77390610857793,1.387173979309864],[34.77398580800832,1.387379142876682],[34.77398580800832,1.388499005299025],[34.773390059684914,1.39240835142499],[34.77326179909079,1.392588454153781],[34.77300951864572,1.393532626451474],[34.77140936845666,1.395924903365824],[34.771297348890585,1.39603688923421],[34.77110467733007,1.396068246398556],[34.77107331085534,1.396260860759298],[34.77081320366477,1.396476320559486],[34.770688768133425,1.39665241169422],[34.77028824348423,1.396853080602568],[34.77017715781608,1.397031053120031],[34.76956391300598,1.398638201539313],[34.769094645678024,1.399390152880358],[34.76893391641238,1.399545320192431],[34.768733530896554,1.399645482948927],[34.76862702675845,1.39983949981513],[34.7683207290944,1.400163838515539],[34.76806898971074,1.400527488277589],[34.76787395378449,1.400635071602608],[34.767611911341135,1.400984430018013],[34.76750760437824,1.401181791692409],[34.767355798970016,1.401342014121155],[34.767155412948284,1.40144217673236],[34.76705383415077,1.401641117389545],[34.76384187910645,1.404151945389629],[34.75539063311794,1.409844721836123],[34.7544773024938,1.410979492720514],[34.75395207012366,1.411397000912075],[34.75247133841327,1.412760877784876],[34.75211710890727,1.413032022467746],[34.750461791567375,1.415511128772891],[34.750573810695016,1.416808562053689],[34.750478318157604,1.41699298947583],[34.75028231080506,1.417099224604215],[34.7501598391047,1.417277277284938],[34.749993558117694,1.417411534070709],[34.749582768596156,1.41756943595783],[34.74900494954579,1.417905538761374],[34.74645080746518,1.418683859669727],[34.745303183971885,1.419366918735932],[34.7450848734353,1.419744407884991],[34.74441275861193,1.422537531165744],[34.74408627849846,1.423363916752919],[34.74346444130248,1.424004711752559],[34.74081564005252,1.425868802239165],[34.74034038281536,1.426343912381867],[34.73998034164265,1.426607968454846],[34.738701881788245,1.428313661275979],[34.738304948297355,1.428517312077247],[34.737660121723025,1.429135325611128],[34.73730629238139,1.429314322227924],[34.73715982714231,1.429439798948692]]]}},{"type":"Feature","id":"gb:47994165B3113361799554","properties":{"id":"gb:47994165B3113361799554","name":"Budadiri","parentId":"gb:17295835B57878138064711","level":"ADM2","countryCode":"UG"},"geometry":{"type":"Polygon","coordinates":[[[34.16950036137621,1.17437749192004],[34.17612380681118,1.166927671067924],[34.18766142101299,1.167782132066407],[34.20048099324981,1.170772742366637],[34.21543716036132,1.146420535793254],[34.21543716036132,1.132321794929908],[34.23637579404283,1.128049435341666],[34.251331961090784,1.117795748071558],[34.271415957020565,1.114805082188639],[34.28765408155641,1.117368510010806],[34.30175561054733,1.113096128866118],[34.316284458164546,1.107114785202214],[34.33289095677528,1.099999029094542],[34.34320555939888,1.095579301713258],[34.37012666007627,1.112241651486102],[34.423541542390524,1.113096128634481],[34.44058089000589,1.108289692244796],[34.475300563734606,1.101614074312579],[34.49266040059916,1.105619447231618],[34.50801717943284,1.123643558213132],[34.51269098170104,1.151680843718282],[34.48130973782662,1.168369573741643],[34.45393461080897,1.179717852733177],[34.408531960617324,1.183055573746344],[34.38048914729018,1.197073955507165],[34.35778782233257,1.213094876250977],[34.33575418328451,1.231785830112472],[34.31639128836349,1.245803959580144],[34.28901616106123,1.285855344220408],[34.24561656899675,1.257819439792172],[34.229204566485976,1.272905428217939],[34.21629179811299,1.256217379008262],[34.20021391883705,1.234455955722467],[34.190198628091366,1.211092266497076],[34.17484184925752,1.185725747486629],[34.16950036137621,1.17437749192004]]]}},{"type":"Feature","id":"gb:47994165B68778999410521","properties":{"id":"gb:47994165B68778999410521","name":"Manjiya","parentId":"gb:17295835B57878138064711","level":"ADM2","countryCode":"UG"},"geometry":{"type":"Polygon","coordinates":[[[34.51269098170104,1.151680843718282],[34.50801717943284,1.123643558213132],[34.49266040059916,1.105619447231618],[34.475300563734606,1.101614074312579],[34.44058089000589,1.108289692244796],[34.423541542390524,1.113096128634481],[34.37012666007627,1.112241651486102],[34.34320555939888,1.095579301713258],[34.33289095677528,1.099999029094542],[34.30987467228687,1.083189288760252],[34.29449118652178,1.070799225357405],[34.29192727215974,1.052000412868324],[34.28466284813419,1.038755726849104],[34.26799740473223,1.012266188634442],[34.2474860898858,0.987058201910486],[34.258169066393805,0.97552227939741],[34.27056131872388,0.977231307088346],[34.31414786287189,1.005430143894387],[34.331667944770004,0.983640154946272],[34.34576947356129,0.977658564505703],[34.37610912704412,0.982358386431486],[34.39704776058301,0.993894285202089],[34.415422480594145,1.008420915359352],[34.45003532419804,1.015256954019151],[34.46328221535077,0.998166830218224],[34.46841004407469,0.966977126085908],[34.475247149009704,0.964413575570063],[34.47695642528117,0.991758010747333],[34.481656934944795,1.007566409493506],[34.509432673866115,1.064817797428645],[34.518833693193244,1.07934410213602],[34.537208412787265,1.118222985494981],[34.552752143314876,1.109624814746951],[34.54273685313029,1.148343086005582],[34.530164995439236,1.174392381188738],[34.51269098170104,1.151680843718282]]]}},{"type":"Feature","id":"gb:47994165B89650562708032","properties":{"id":"gb:47994165B89650562708032","name":"Bubulo","parentId":"gb:17295835B57878138064711","level":"ADM2","countryCode":"UG"},"geometry":{"type":"Polygon","coordinates":[[[34.258169066393805,0.97552227939741],[34.25225497016385,0.966173880842632],[34.239127729016786,0.963712872069664],[34.218616414170015,0.948673335550723],[34.21287324582465,0.928985116561762],[34.20029297268445,0.896991528346405],[34.190447541375136,0.877576478086667],[34.18552482572045,0.856520606730498],[34.16802183742743,0.849684259236199],[34.16483916506462,0.840137280293675],[34.16364609017597,0.836558439255384],[34.176773331782954,0.826987500660323],[34.197011162479896,0.815775800723316],[34.21287324582465,0.808119011969723],[34.23167528465365,0.788378787537056],[34.265433490419525,0.764023836366391],[34.285944805315125,0.755050924584282],[34.313720544236276,0.754623642607157],[34.34534215470063,0.774278569729859],[34.36628078865658,0.779833206632816],[34.38166427482838,0.786242393947703],[34.41200392811163,0.812306320155756],[34.408158056568595,0.825979132595876],[34.43037864770565,0.843070081904671],[34.44063430515337,0.868706364729064],[34.4419162623343,0.877251753940072],[34.45943634380774,0.912287643619493],[34.46969200125562,0.937068921346054],[34.475247149009704,0.964413575570063],[34.46841004407469,0.966977126085908],[34.46328221535077,0.998166830218224],[34.45003532419804,1.015256954019151],[34.415422480594145,1.008420915359352],[34.39704776058301,0.993894285202089],[34.37610912704412,0.982358386431486],[34.34576947356129,0.977658564505703],[34.331667944770004,0.983640154946272],[34.31414786287189,1.005430143894387],[34.27056131872388,0.977231307088346],[34.258169066393805,0.97552227939741]]]}},{"type":"Feature","id":"gb:47994165B99308193569988","properties":{"id":"gb:47994165B99308193569988","name":"Bungokho","parentId":"gb:17295835B57878138064711","level":"ADM2","countryCode":"UG"},"geometry":{"type":"Polygon","coordinates":[[[34.11162257010053,1.184379696983545],[34.11086363978808,1.165235838138017],[34.12535830244434,1.143361542128446],[34.126178754758996,1.114924708846388],[34.11879468127688,1.103167091617195],[34.113051513506946,1.0897688192739],[34.10922273472647,1.07637048773114],[34.10156517716547,1.065706467456494],[34.081053861856674,1.060784599582519],[34.0720288834558,1.048753333447166],[34.095275040597414,1.038636097173026],[34.11031667152082,1.032073548015376],[34.10703486104535,1.014299909683984],[34.09254019861129,0.995158959163575],[34.093634134996705,0.930078909515544],[34.08406218845448,0.922422352573165],[34.08729397632797,0.909496848665697],[34.0878909672349,0.907109189387825],[34.10211214539066,0.903554338687627],[34.129187081224984,0.884686226685574],[34.142861291155384,0.878123382545994],[34.14586961734,0.853239161242527],[34.1548945957785,0.843668263470647],[34.16483916506462,0.840137280293675],[34.16802183742743,0.849684259236199],[34.18552482572045,0.856520606730498],[34.190447541375136,0.877576478086667],[34.20029297268445,0.896991528346405],[34.21287324582465,0.928985116561762],[34.218616414170015,0.948673335550723],[34.239127729016786,0.963712872069664],[34.25225497016385,0.966173880842632],[34.258169066393805,0.97552227939741],[34.2474860898858,0.987058201910486],[34.26799740473223,1.012266188634442],[34.28466284813419,1.038755726849104],[34.29192727215974,1.052000412868324],[34.29449118652178,1.070799225357405],[34.30987467228687,1.083189288760252],[34.33289095677528,1.099999029094542],[34.316284458164546,1.107114785202214],[34.30175561054733,1.113096128866118],[34.28765408155641,1.117368510010806],[34.271415957020565,1.114805082188639],[34.251331961090784,1.117795748071558],[34.23637579404283,1.128049435341666],[34.21543716036132,1.132321794929908],[34.21543716036132,1.146420535793254],[34.20048099324981,1.170772742366637],[34.18766142101299,1.167782132066407],[34.17612380681118,1.166927671067924],[34.16950036137621,1.17437749192004],[34.13945448994696,1.175712583168263],[34.11162257010053,1.184379696983545]]]}},{"type":"Feature","id":"gb:47994165B53168099118732","properties":{"id":"gb:47994165B53168099118732","name":"Butebo","parentId":"gb:17295835B57878138064711","level":"ADM2","countryCode":"UG"},"geometry":{"type":"Polygon","coordinates":[[[33.82163421532501,1.30736809172621],[33.80563818144418,1.275442043855151],[33.79880107654276,1.260916754632376],[33.77615316604732,1.246391384616231],[33.76034236070274,1.241691982390989],[33.740685684338246,1.236565353058552],[33.728720750649074,1.234856474332787],[33.72572951722685,1.22503040038481],[33.738121769976374,1.212640951471997],[33.75307793708771,1.20708704213655],[33.76119699899937,1.202387571277882],[33.7629062754753,1.193415832475694],[33.77059801846627,1.187007429680023],[33.78256295192506,1.189998019752352],[33.79495520498131,1.200678671413755],[33.79666448124101,1.214349844361777],[33.8064928196286,1.226739285407291],[33.8599077020549,1.225884842681637],[33.85819842592804,1.214349844361777],[33.84025102539448,1.195979189486764],[33.83982574530086,1.175570131157372],[33.83982370612529,1.175472266833424],[33.87828242139142,1.144711601180916],[33.902639607906394,1.16009197536124],[33.91588649907226,1.164364287280932],[33.9471609127998,1.16970466753412],[33.95947304327103,1.191066086161527],[33.95947304322556,1.189570792480993],[33.982120953329,1.185725747486629],[33.991521972750036,1.160946438606629],[33.99921371566944,1.153256263958781],[34.03168996442082,1.152829031468343],[34.04023634562731,1.154965193491932],[34.07484918920596,1.123349833253769],[34.101770290314334,1.11950469825473],[34.10048833271685,1.107542024099075],[34.11879468127688,1.103167091617195],[34.126178754758996,1.114924708846388],[34.12535830244434,1.143361542128446],[34.11086363978808,1.165235838138017],[34.11162257010053,1.184379696983545],[34.09872564200947,1.188395918079664],[34.03396009692875,1.211092266358492],[33.99656967914086,1.22043776692658],[33.97787447026087,1.231785830112472],[33.935142563805755,1.237793608539732],[33.921121157561174,1.253146759588162],[33.91396208407036,1.269880022522216],[33.86204429734761,1.271169908446495],[33.82163421532501,1.30736809172621]]]}},{"type":"Feature","id":"gb:47994165B89785898288101","properties":{"id":"gb:47994165B89785898288101","name":"Budaka","parentId":"gb:17295835B57878138064711","level":"ADM2","countryCode":"UG"},"geometry":{"type":"Polygon","coordinates":[[[34.11879468127688,1.103167091617195],[34.10048833271685,1.107542024099075],[34.101770290314334,1.11950469825473],[34.07484918920596,1.123349833253769],[34.04023634562731,1.154965193491932],[34.03168996442082,1.152829031468343],[33.99921371566944,1.153256263958781],[33.991521972750036,1.160946438606629],[33.982120953329,1.185725747486629],[33.95947304322556,1.189570792480993],[33.95947304327103,1.191066086161527],[33.9471609127998,1.16970466753412],[33.95183471502219,1.160358995449371],[33.95584083121281,1.128984014768832],[33.96251769153042,1.111627496416702],[33.96518843565741,1.082922262165994],[33.9491639708952,1.062895193126394],[33.94248711051699,1.056219474810803],[33.92846570391055,1.062227621907994],[33.913108925180154,1.046873444265771],[33.90309363441736,1.024843406023422],[33.886401483862414,1.008821465286132],[33.85301718232165,0.987458754059276],[33.84433726390881,0.970101450270136],[33.842334205391865,0.95341165087342],[33.897752146449534,0.938056964376074],[33.9491639708952,0.954079244630577],[34.014597202007735,1.001478048722902],[34.0399692712146,1.024175826867065],[34.0720288834558,1.048753333447166],[34.081053861856674,1.060784599582519],[34.10156517716547,1.065706467456494],[34.10922273472647,1.07637048773114],[34.113051513506946,1.0897688192739],[34.11879468127688,1.103167091617195]]]}},{"type":"Feature","id":"gb:47994165B18693228751796","properties":{"id":"gb:47994165B18693228751796","name":"Pallisa","parentId":"gb:17295835B57878138064711","level":"ADM2","countryCode":"UG"},"geometry":{"type":"Polygon","coordinates":[[[33.3988032480637,1.34822568816611],[33.40566754104202,1.327908621407914],[33.4130120870509,1.299873181649218],[33.430990082069,1.294519402314842],[33.44439333088428,1.2905279652025],[33.477777632137645,1.267832298131964],[33.51249730586642,1.221105300790327],[33.52117722429858,1.205084428144573],[33.543878549616466,1.198409036110036],[33.58460739755395,1.163029190635086],[33.60397029247497,1.134992016292188],[33.6240008734278,1.103616761132344],[33.62938337034511,1.100656933229781],[33.63610995538488,1.09695799401743],[33.637354593668874,1.096273568116203],[33.65337905881228,1.106954570038795],[33.67140658168273,1.118303092558904],[33.686095674381534,1.13165423920475],[33.69477559279437,1.130986683326057],[33.71080005718778,1.121640884674491],[33.72749220835061,1.115632855918932],[33.754867335652875,1.122308442962435],[33.77155948621328,1.103616761446403],[33.78825163724093,1.102949198882584],[33.80761453216195,1.117635533626469],[33.81562676454314,1.134992016292188],[33.81362370644774,1.153015945709399],[33.82430668295598,1.166366931063976],[33.83982574530086,1.175570131157372],[33.84025102539448,1.195979189486764],[33.85819842592804,1.214349844361777],[33.8599077020549,1.225884842681637],[33.8064928196286,1.226739285407291],[33.79666448124101,1.214349844361777],[33.79495520498131,1.200678671413755],[33.78256295192506,1.189998019752352],[33.77059801846627,1.187007429680023],[33.7629062754753,1.193415832475694],[33.76119699899937,1.202387571277882],[33.75307793708771,1.20708704213655],[33.738121769976374,1.212640951471997],[33.72572951722685,1.22503040038481],[33.728720750649074,1.234856474332787],[33.740685684338246,1.236565353058552],[33.76034236070274,1.241691982390989],[33.77615316604732,1.246391384616231],[33.79880107654276,1.260916754632376],[33.80563818144418,1.275442043855151],[33.82163421532501,1.30736809172621],[33.80862941493018,1.319017415970222],[33.789400057215516,1.319017415970222],[33.77358925198331,1.318163004161534],[33.754359894268646,1.319017415970222],[33.741113003069586,1.326279904601336],[33.72680884313621,1.353348711699141],[33.72388349888621,1.351433581553692],[33.711850194043166,1.356081515653671],[33.680399511192775,1.336942907477351],[33.65852077541854,1.326279904479975],[33.630351902635766,1.325186260515466],[33.616130724576806,1.330654475209485],[33.59507244104259,1.327920369374567],[33.569364926671994,1.326279904479975],[33.56498917910773,1.338036546346757],[33.5513805395089,1.342894049450706],[33.53987243342584,1.322568561904347],[33.52518334035989,1.317228491215758],[33.48245143450856,1.335918689018854],[33.44305795840876,1.328576127675774],[33.424896898756856,1.3459312367861],[33.399257755137285,1.347640040840474],[33.3988032480637,1.34822568816611]]]}},{"type":"Feature","id":"gb:47994165B21419778448231","properties":{"id":"gb:47994165B21419778448231","name":"Kibuku","parentId":"gb:17295835B57878138064711","level":"ADM2","countryCode":"UG"},"geometry":{"type":"Polygon","coordinates":[[[33.83982574530086,1.175570131157372],[33.82430668295598,1.166366931063976],[33.81362370644774,1.153015945709399],[33.81562676454314,1.134992016292188],[33.80761453216195,1.117635533626469],[33.78825163724093,1.102949198882584],[33.77155948621328,1.103616761446403],[33.754867335652875,1.122308442962435],[33.72749220835061,1.115632855918932],[33.71080005718778,1.121640884674491],[33.69477559279437,1.130986683326057],[33.686095674381534,1.13165423920475],[33.67140658168273,1.118303092558904],[33.65337905881228,1.106954570038795],[33.637354593668874,1.096273568116203],[33.63610995538488,1.09695799401743],[33.650316249257855,1.075823615957177],[33.66399045930996,1.0714486365178],[33.69325326833638,1.046839264632979],[33.699269920902964,0.980939894986477],[33.74904404515826,0.944298185402772],[33.76053038149985,0.955509496572176],[33.77174323364284,0.948126442084401],[33.842334205391865,0.95341165087342],[33.84433726390881,0.970101450270136],[33.85301718232165,0.987458754059276],[33.886401483862414,1.008821465286132],[33.90309363441736,1.024843406023422],[33.913108925180154,1.046873444265771],[33.92846570391055,1.062227621907994],[33.94248711051699,1.056219474810803],[33.9491639708952,1.062895193126394],[33.96518843565741,1.082922262165994],[33.96251769153042,1.111627496416702],[33.95584083121281,1.128984014768832],[33.95183471502219,1.160358995449371],[33.9471609127998,1.16970466753412],[33.91588649907226,1.164364287280932],[33.902639607906394,1.16009197536124],[33.87828242139142,1.144711601180916],[33.83982370612529,1.175472266833424],[33.83982574530086,1.175570131157372]]]}},{"type":"Feature","id":"gb:47994165B61533694327481","properties":{"id":"gb:47994165B61533694327481","name":"Bunyole","parentId":"gb:17295835B57878138064711","level":"ADM2","countryCode":"UG"},"geometry":{"type":"Polygon","coordinates":[[[34.0720288834558,1.048753333447166],[34.0399692712146,1.024175826867065],[34.014597202007735,1.001478048722902],[33.9491639708952,0.954079244630577],[33.897752146449534,0.938056964376074],[33.842334205391865,0.95341165087342],[33.77174323364284,0.948126442084401],[33.76053038149985,0.955509496572176],[33.74904404515826,0.944298185402772],[33.76955642818257,0.919364211418269],[33.776233288584194,0.821225699636102],[33.7809070908915,0.803867608091366],[33.786248578737286,0.78917993453382],[33.78357783501849,0.779165582391613],[33.80026998581252,0.757133923620813],[33.7922577534315,0.750457641134517],[33.80828221797276,0.743113718905249],[33.820300566765354,0.727090572780469],[33.835657345495804,0.701052840038301],[33.85769098422554,0.697047021977369],[33.85904676622209,0.697227779541493],[33.87772156543025,0.699717567918924],[33.86703858896749,0.71507317628118],[33.88039230962386,0.735769783923104],[33.883730739522264,0.749122383489407],[33.89241065795443,0.771154083535464],[33.897752146449534,0.781836078720744],[33.89841983204627,0.78917993453382],[33.90910280898953,0.801864746647709],[33.91110586708476,0.807205708313006],[33.91911809946595,0.81454951913986],[33.91911809946595,0.826566635206916],[33.92646264537359,0.839251329236959],[33.935142563805755,0.845927467661454],[33.95650851724446,0.863285373418137],[33.977206784229054,0.877305162561413],[33.99523430708649,0.877305162561413],[34.01192645788052,0.884648840724765],[34.01993869009726,0.893327714267116],[34.031289352801764,0.887986871456064],[34.03278229862633,0.88902032536555],[34.0399692712146,0.893995319169107],[34.0453107590842,0.904009376678744],[34.08729397632797,0.909496848665697],[34.08406218845448,0.922422352573165],[34.093634134996705,0.930078909515544],[34.09254019861129,0.995158959163575],[34.10703486104535,1.014299909683984],[34.11031667152082,1.032073548015376],[34.095275040597414,1.038636097173026],[34.0720288834558,1.048753333447166]]]}},{"type":"Feature","id":"gb:47994165B11164765344071","properties":{"id":"gb:47994165B11164765344071","name":"Tororo","parentId":"gb:17295835B57878138064711","level":"ADM2","countryCode":"UG"},"geometry":{"type":"Polygon","coordinates":[[[34.16483916506462,0.840137280293675],[34.1548945957785,0.843668263470647],[34.14586961734,0.853239161242527],[34.142861291155384,0.878123382545994],[34.129187081224984,0.884686226685574],[34.10211214539066,0.903554338687627],[34.0878909672349,0.907109189387825],[34.08729397632797,0.909496848665697],[34.0453107590842,0.904009376678744],[34.0399692712146,0.893995319169107],[34.03278229862633,0.88902032536555],[34.055326049944995,0.881310806990541],[34.064005968358,0.872631905308992],[34.07335357241146,0.851935982155965],[34.05799679407221,0.839251329373212],[34.06867977058022,0.829237100524381],[34.084704235183835,0.825231402190639],[34.093384153616,0.820558081853392],[34.094051839787255,0.804535228354439],[34.12276233915293,0.76648070180994],[34.15948507089979,0.762474942212293],[34.17283879122698,0.739775567779418],[34.18619251203006,0.721749511826033],[34.1815187096592,0.711735004413015],[34.156814326772576,0.71307027346711],[34.14946978027058,0.715740809645467],[34.131442257565766,0.69838229506928],[34.124765397248154,0.686364824015641],[34.10139638573861,0.681023715626282],[34.11074399048056,0.669006201513014],[34.112079362201484,0.659659225116798],[34.09138109558546,0.642300508790413],[34.086039607406065,0.629615256032992],[34.08537192137425,0.616262324676143],[34.07936274708845,0.598235814382235],[34.08704293896213,0.587676112164645],[34.09004572359669,0.583547502868669],[34.126768455343324,0.582212199905712],[34.147512494628174,0.583364586897795],[34.15080515248678,0.583547502868669],[34.17083573343962,0.600238762927574],[34.180183337884216,0.600906412279699],[34.19754317471006,0.612256438708812],[34.202884662964095,0.618265266531353],[34.234933592488744,0.625609380183846],[34.25229342931436,0.634288773965864],[34.26831789407663,0.640297576531054],[34.275662440426004,0.648309302318012],[34.27966855661663,0.657656299702978],[34.275662440426004,0.669673842015925],[34.28033624264839,0.677685520555883],[34.290351533124806,0.685029547580427],[34.304372939791676,0.704391019107106],[34.311717486141106,0.725087675524605],[34.30790011053983,0.754713179929297],[34.285944805315125,0.755050924584282],[34.265433490419525,0.764023836366391],[34.23167528465365,0.788378787537056],[34.21287324582465,0.808119011969723],[34.197011162479896,0.815775800723316],[34.176773331782954,0.826987500660323],[34.16364609017597,0.836558439255384],[34.16483916506462,0.840137280293675]]]}},{"type":"Feature","id":"gb:47994165B86428300038461","properties":{"id":"gb:47994165B86428300038461","name":"West Budama","parentId":"gb:17295835B57878138064711","level":"ADM2","countryCode":"UG"},"geometry":{"type":"Polygon","coordinates":[[[33.85904676622209,0.697227779541493],[33.87742778364276,0.667029985216459],[33.87742778364276,0.640965220826786],[33.89494786503286,0.611909262062113],[33.896229822028715,0.607636313474245],[33.906485479745015,0.600372292804479],[33.913322584369155,0.596953927271102],[33.92101432779623,0.590971781542294],[33.932551942002306,0.588408003349684],[33.94067100447336,0.588835299498896],[33.956618551902636,0.57293984744814],[33.99764118152689,0.571299024130894],[34.01295629649775,0.578956195830642],[34.024989601554864,0.585792947616142],[34.03893729568392,0.579503136283563],[34.058628157983776,0.582784777855011],[34.07640463089342,0.581690897543012],[34.08704293896213,0.587676112164645],[34.07936274708845,0.598235814382235],[34.08537192137425,0.616262324676143],[34.086039607406065,0.629615256032992],[34.09138109558546,0.642300508790413],[34.112079362201484,0.659659225116798],[34.11074399048056,0.669006201513014],[34.10139638573861,0.681023715626282],[34.124765397248154,0.686364824015641],[34.131442257565766,0.69838229506928],[34.14946978027058,0.715740809645467],[34.156814326772576,0.71307027346711],[34.1815187096592,0.711735004413015],[34.18619251203006,0.721749511826033],[34.17283879122698,0.739775567779418],[34.15948507089979,0.762474942212293],[34.12276233915293,0.76648070180994],[34.094051839787255,0.804535228354439],[34.093384153616,0.820558081853392],[34.084704235183835,0.825231402190639],[34.06867977058022,0.829237100524381],[34.05799679407221,0.839251329373212],[34.07335357241146,0.851935982155965],[34.064005968358,0.872631905308992],[34.055326049944995,0.881310806990541],[34.03278229862633,0.88902032536555],[34.031289352801764,0.887986871456064],[34.01993869009726,0.893327714267116],[34.01192645788052,0.884648840724765],[33.99523430708649,0.877305162561413],[33.977206784229054,0.877305162561413],[33.95650851724446,0.863285373418137],[33.935142563805755,0.845927467661454],[33.92646264537359,0.839251329236959],[33.91911809946595,0.826566635206916],[33.91911809946595,0.81454951913986],[33.91110586708476,0.807205708313006],[33.90910280898953,0.801864746647709],[33.89841983204627,0.78917993453382],[33.897752146449534,0.781836078720744],[33.89241065795443,0.771154083535464],[33.883730739522264,0.749122383489407],[33.88039230962386,0.735769783923104],[33.86703858896749,0.71507317628118],[33.87772156543025,0.699717567918924],[33.85904676622209,0.697227779541493]]]}},{"type":"Feature","id":"gb:47994165B63760788376193","properties":{"id":"gb:47994165B63760788376193","name":"Busiki","parentId":"gb:17295835B57878138064711","level":"ADM2","countryCode":"UG"},"geometry":{"type":"Polygon","coordinates":[[[33.62938337034511,1.100656933229781],[33.615320955014965,1.070906036464407],[33.60664103660196,1.059557335593411],[33.59862880387885,1.046873444315167],[33.591284257871564,1.025510985316259],[33.56524450263288,0.998140126829526],[33.56324144453748,0.986123580042033],[33.55389383999676,0.97744493580376],[33.55589689802753,0.943397732769824],[33.537201689298854,0.916693810134007],[33.53786937533067,0.902006567480612],[33.529189456917834,0.890657293871527],[33.5306148525202,0.888376932966553],[33.53586631682282,0.879975592405629],[33.53653400313243,0.827901867721835],[33.55389383999676,0.804535228140935],[33.55604009397541,0.803984960939147],[33.57993359529337,0.797859020525891],[33.60463797850679,0.791850424780137],[33.61932707120542,0.779165582391613],[33.632013105808994,0.771821708775349],[33.63468384993587,0.758469178887367],[33.64336376834882,0.755131039950356],[33.624668559175404,0.735102152525656],[33.65113670205619,0.724713801271946],[33.66727226977406,0.719791476811224],[33.68504874268376,0.711314127806588],[33.69954340490642,0.706391788730855],[33.71814033061315,0.703930617314313],[33.73318196158078,0.710767201760063],[33.74630920272767,0.729636120622104],[33.76517961243786,0.704751008230573],[33.76490612843446,0.696000167669638],[33.77338413882842,0.689437026807354],[33.80510830568227,0.686975846534608],[33.81878251573437,0.69217166986283],[33.835657345495804,0.701052840038301],[33.820300566765354,0.727090572780469],[33.80828221797276,0.743113718905249],[33.7922577534315,0.750457641134517],[33.80026998581252,0.757133923620813],[33.78357783501849,0.779165582391613],[33.786248578737286,0.78917993453382],[33.7809070908915,0.803867608091366],[33.776233288584194,0.821225699636102],[33.76955642818257,0.919364211418269],[33.74904404515826,0.944298185402772],[33.699269920902964,0.980939894986477],[33.69325326833638,1.046839264632979],[33.66399045930996,1.0714486365178],[33.650316249257855,1.075823615957177],[33.63610995538488,1.09695799401743],[33.62938337034511,1.100656933229781]]]}},{"type":"Feature","id":"gb:47994165B99812853970537","properties":{"id":"gb:47994165B99812853970537","name":"Bulamogi","parentId":"gb:17295835B57878138064711","level":"ADM2","countryCode":"UG"},"geometry":{"type":"Polygon","coordinates":[[[33.430990082069,1.294519402314842],[33.43045204645216,1.254508512674136],[33.42446957927359,1.244682511885117],[33.40395826464464,1.222467070651646],[33.39840311701647,1.214777067415525],[33.39754847876691,1.201960346636611],[33.38729282100337,1.181880696450264],[33.37105469695939,1.156246890060061],[33.365072230311114,1.143002665562847],[33.362935635009364,1.111814413314505],[33.339005767570995,1.092588613661235],[33.363790272785025,1.061827079093803],[33.36891810166685,1.048155187068346],[33.37874643983292,1.040891970018663],[33.38301963041812,1.034483235354685],[33.37960107812978,1.030637988877004],[33.37901992444017,1.025784425697907],[33.39269413437057,1.01047172852185],[33.40582137590383,1.008831078095341],[33.406915312698345,1.017581204110911],[33.41183802827322,1.001995025762028],[33.40199259712324,0.983127447599486],[33.40007820737054,0.96726766204722],[33.394335039562236,0.956603281075672],[33.393788070800554,0.931172702130254],[33.387497934230396,0.917773720456921],[33.38531006100823,0.90929678812148],[33.3860451482102,0.909128351414779],[33.39843730245178,0.906288839427418],[33.39953123933577,0.896991528092258],[33.40363350210987,0.89617117588773],[33.41566680705364,0.880857902342711],[33.44492961626963,0.880584450741253],[33.452860657758436,0.880037546394249],[33.4720045519673,0.869919811178704],[33.4957976768369,0.868826000010301],[33.512480213361414,0.87784993045625],[33.5306148525202,0.888376932966553],[33.529189456917834,0.890657293871527],[33.53786937533067,0.902006567480612],[33.537201689298854,0.916693810134007],[33.55589689802753,0.943397732769824],[33.55389383999676,0.97744493580376],[33.56324144453748,0.986123580042033],[33.56524450263288,0.998140126829526],[33.591284257871564,1.025510985316259],[33.59862880387885,1.046873444315167],[33.60664103660196,1.059557335593411],[33.615320955014965,1.070906036464407],[33.62938337034511,1.100656933229781],[33.6240008734278,1.103616761132344],[33.60397029247497,1.134992016292188],[33.58460739755395,1.163029190635086],[33.543878549616466,1.198409036110036],[33.52117722429858,1.205084428144573],[33.51249730586642,1.221105300790327],[33.477777632137645,1.267832298131964],[33.44439333088428,1.2905279652025],[33.430990082069,1.294519402314842]]]}},{"type":"Feature","id":"gb:47994165B70719248408693","properties":{"id":"gb:47994165B70719248408693","name":"Kilak","parentId":"gb:17295835B80141219017784","level":"ADM2","countryCode":"UG"},"geometry":{"type":"Polygon","coordinates":[[[32.20961968757416,3.484773084620315],[32.20554824966359,3.485626142117667],[32.20490098142477,3.48583312802765],[32.20426629248249,3.486052670576044],[32.20180606311095,3.487758782475623],[32.19977315254306,3.489891417732451],[32.20181998156153,3.500025080298997],[32.09767060482318,3.529157701288],[32.091661430537386,3.547817268891549],[32.07830770990216,3.576472299161765],[32.060280187044725,3.585135271844649],[32.042669967956954,3.604168533896768],[32.04579974610846,3.547942219785284],[32.03849693025842,3.527116788307694],[32.03641041102833,3.511497408525031],[32.028064336012164,3.495877766669594],[32.025977817162925,3.437562149402027],[32.011325447195986,3.417805672874408],[32.01004349001505,3.387946078927655],[32.02756357124332,3.358938734128969],[32.026281614247466,3.351686762782833],[32.01688059478039,3.329930527566773],[32.008761532834114,3.314146290428141],[32.00235174692921,3.306893989057471],[32.0027790659895,3.293669067738222],[32.012607404195364,3.278737493593781],[32.00961617060602,3.265938824284376],[32.001497108808394,3.248020413447477],[31.989959494179743,3.231381604114688],[31.96132911713778,3.195543243880877],[31.956788852064733,3.157223612544556],[31.937425957169637,3.126556222749855],[31.92273686450187,3.105221856276387],[31.91606000418426,3.092554372238681],[31.924072236366555,3.081220179520415],[31.92006612030525,3.067218950618837],[31.912053887993864,3.051884061721978],[31.887349504607073,3.03054819980531],[31.896029423039238,3.019880111083751],[31.885346446576477,2.990542328104027],[31.82659007558175,2.988541996093772],[31.822583959520273,2.992542656465673],[31.794541146193183,2.988541996093772],[31.778516681641804,2.983874540184729],[31.75915378672056,2.977206711980159],[31.736452461508065,2.976539926655732],[31.71308345052927,2.969205264870425],[31.69906204343897,2.965871311222202],[31.684372950914735,2.960536965334484],[31.67035154449661,2.956536188473592],[31.66100393995839,2.951868597721841],[31.641641045063466,2.949201393865451],[31.630290382290923,2.953868996188248],[31.59623839487176,2.95653618883631],[31.574872441946127,2.931864414483925],[31.569904857878498,2.919461641274381],[31.554948690767105,2.897269671297011],[31.515635337216963,2.894282257427847],[31.489996193597392,2.922022225050682],[31.45709262595227,2.922875751678419],[31.426752972637473,2.948481247664688],[31.41350608179897,2.955736031415995],[31.412224124288684,2.963417515145466],[31.398844993739488,2.973614203208399],[31.395986000244932,2.975793127336999],[31.387012300058586,2.968111729260102],[31.386157661938,2.941653172906285],[31.376329323550408,2.929277180679833],[31.36692830422328,2.90367124588937],[31.35838192301668,2.889160958192122],[31.341716479634044,2.854164796971133],[31.343425755905287,2.818740768562691],[31.35887870195281,2.79454628285069],[31.359236561137266,2.793985987169947],[31.369225143913468,2.779154208420607],[31.425978456872144,2.775152797161411],[31.441335235602594,2.755812452646012],[31.447264287266478,2.740633396221767],[31.43786326779957,2.71459646610532],[31.437435949100404,2.70221805581383],[31.430598844211886,2.683436779279532],[31.430598844211886,2.673619178773436],[31.41136948649722,2.648434540677727],[31.40453238141515,2.64160471977317],[31.420343186759908,2.618126924878482],[31.45751994501262,2.58300332342651],[31.457793429033643,2.556775245371114],[31.461916774341148,2.558175786770619],[31.48514184907208,2.566064418013411],[31.51084936342494,2.580271257329912],[31.522882668480065,2.580544464041736],[31.54394095177304,2.598029582730874],[31.556794709107635,2.597483176428284],[31.575665118811628,2.607045252550449],[31.644258374375283,2.606601300622629],[31.66904287987427,2.627091225980962],[31.68100781335147,2.633067390959184],[31.70151912845904,2.646727088996556],[31.716047976329207,2.66636264057928],[31.73185878167385,2.693254301187494],[31.736131972259045,2.703071743495798],[31.74296907731076,2.704352273603718],[31.760489158774078,2.721425879055118],[31.77886387811037,2.745328520824273],[31.78484634522283,2.75770648650763],[31.78484634522283,2.770511143254851],[31.79852055515323,2.78331566152292],[31.79552932173101,2.809777891044689],[31.801939107629494,2.814472740336214],[31.817749912868067,2.797400470913033],[31.840825142125595,2.796973660988556],[31.847234928030502,2.805509829931793],[31.859627180528776,2.799961326989546],[31.870310156991707,2.799961326989546],[31.881420452856673,2.790998305748417],[31.898940534091707,2.79014468110438],[31.92970750648425,2.797827280484682],[31.946800268824916,2.758986958722119],[31.962611074169672,2.757706486121663],[31.983549708274836,2.768803863675771],[32.01773523307725,2.771791601595794],[32.050211481685665,2.811058306336861],[32.06687692480625,2.819167570245952],[32.07585062530541,2.822155179947117],[32.10234440704562,2.81532634716001],[32.11771080045486,2.79034955106431],[32.12673577900904,2.783247371127345],[32.140956957336584,2.787891109013287],[32.16174175643107,2.797178529771656],[32.17104021918374,2.794720102013173],[32.18471442911414,2.781881562383205],[32.21096891218065,2.781335238442637],[32.231822081931455,2.784755027647861],[32.231323606780336,2.797115803975714],[32.224253295962455,2.806667439903777],[32.22413033905792,2.807470183848125],[32.22370302017845,2.807896989648953],[32.22370302017845,2.808750601374982],[32.222848382057805,2.810783872979414],[32.22274050930548,2.812446463048559],[32.22213618872166,2.81305005567782],[32.22199374376538,2.813844731806967],[32.2215664248767,2.814521551414259],[32.221517554758066,2.81532634716001],[32.22080238905238,2.816516263607923],[32.220711786756056,2.817332385355883],[32.22028446769576,2.818862807201981],[32.2201980688082,2.825655875145003],[32.21805324590213,2.829410770819948],[32.2154132824752,2.832270189176938],[32.21432944622035,2.834477513728871],[32.21430200085115,2.83617822609699],[32.213874681790855,2.836855032627454],[32.21344736259516,2.83846146014838],[32.213419512065286,2.852114298871413],[32.21302004367021,2.853756712148311],[32.21302004367021,2.859731744387204],[32.21270464090816,2.860454836573524],[32.212592724298304,2.861262109938821],[32.212592724298304,2.865529965338396],[32.21216540554957,2.866810319007186],[32.21216540554957,2.867663887226854],[32.211646042821144,2.869102313806138],[32.210883448368634,2.870047808744971],[32.21081836374384,2.870874449448593],[32.20532830058437,2.879906670427943],[32.20532830058437,2.886735119906518],[32.20490098142477,2.889119001649192],[32.20451567243987,2.889587734321935],[32.204301346989496,2.894626448270799],[32.19891851424626,2.904524786676234],[32.19891851424626,2.905378326746529],[32.19421800496201,2.930130701921826],[32.192936047834905,2.931466301396199],[32.192936047834905,2.932319820830003],[32.19083211901051,2.935613326082716],[32.190246782161296,2.9362305181034],[32.18928647324111,2.937616323137661],[32.18631671382548,2.943569467194834],[32.183971439047355,2.946774233416306],[32.183535028499136,2.962058940107056],[32.18054379490974,2.969258589299784],[32.17589051634815,2.976172702721101],[32.17541596602808,2.978612878459558],[32.17584328542182,2.979039620120261],[32.17584328542182,2.980746585145937],[32.17668977081274,2.982177968143276],[32.176697923542406,2.984736485417443],[32.17707197671467,2.985501781715925],[32.177125242602756,2.986342702249658],[32.177343181994104,2.987106028261167],[32.177947502041945,2.987709527942854],[32.17878872905726,2.987741862016037],[32.179531619840816,2.988011277207363],[32.18074026066205,2.989218274173709],[32.181398433206084,2.989549519222692],[32.18177189970112,2.990248509826984],[32.183782504160206,2.991582499178662],[32.18609894249079,2.992079614245995],[32.1882355377835,2.993859775293913],[32.19091568299325,2.998836999704622],[32.19904790937642,3.004940474470573],[32.19934583373981,3.00567070269193],[32.19934583373981,3.008231087000581],[32.198063876558706,3.012973607164554],[32.19876207263957,3.023972059337382],[32.19934583373981,3.025552867123224],[32.20146712894967,3.026985793428992],[32.20364314311928,3.031268292243965],[32.205824516690086,3.032190534829169],[32.206182938420625,3.032895720771876],[32.206958010237656,3.032975175801482],[32.207283475221345,3.033647449797968],[32.20849211604252,3.034854396189644],[32.21002881024782,3.037458575783944],[32.21002881024782,3.050260061452775],[32.210883448368634,3.05314631971504],[32.210883448368634,3.058266857579724],[32.21045612900582,3.059872965180546],[32.212935159389815,3.06779616312167],[32.21302004367021,3.077163659242501],[32.2164385961529,3.084990704483459],[32.21786702618226,3.086460174461138],[32.21817801531364,3.08716731208159],[32.21900251017604,3.08805080913794],[32.21902382450287,3.089748785659253],[32.220638244392035,3.091434292847282],[32.222848382057805,3.099114589098747],[32.22840352964312,3.107648662134864],[32.22840352964312,3.108502043291537],[32.2301128060833,3.120551708869414],[32.2301128060833,3.120982311081775],[32.23135147341878,3.122334695177528],[32.232384327228715,3.123995694415783],[32.23530900585689,3.129497247555776],[32.241599142424775,3.136413649558506],[32.241599142424775,3.13695979850894],[32.24180916468782,3.137419083499935],[32.242146110471424,3.139550388195858],[32.242146110471424,3.143919559154085],[32.24570140521075,3.149312343904228],[32.245662095703324,3.154218347957851],[32.24341398696464,3.160966572832763],[32.24238640856396,3.162058844694513],[32.24185778518887,3.16208848237153],[32.24161317325104,3.162576960403783],[32.24065314370682,3.163003403079983],[32.24020311081961,3.163301932673733],[32.23968504549492,3.163424183157986],[32.239289093925606,3.163668160354973],[32.23859081624016,3.164387234990727],[32.238215459182186,3.164618169748792],[32.237828694028224,3.165004345031491],[32.2374968794457,3.16595937983351],[32.23694991081334,3.166505513352149],[32.23694991081334,3.16705164611858],[32.23667642680988,3.167324713290839],[32.23667642680988,3.170055373874675],[32.23640294265118,3.171083173916202],[32.236412241268,3.175448366357159],[32.237223394816795,3.178389658394281],[32.239155317954896,3.180644796862794],[32.24007867557424,3.181173415856335],[32.240407889056826,3.18152520797355],[32.24138153595095,3.182265666230194],[32.24296656337992,3.182209874747116],[32.243022441142614,3.181719541116706],[32.243240047383324,3.181390686611678],[32.24356940929249,3.181173415856335],[32.244646979798176,3.181212866469934],[32.24553072140037,3.181719541116706],[32.24580420559886,3.181992603709716],[32.262760225606485,3.181992603267588],[32.27004396083231,3.184728141559447],[32.27028857211644,3.185216608857161],[32.271155579316314,3.192742550256128],[32.272185603790774,3.19583129917055],[32.275853620928615,3.197933380090547],[32.28025145545428,3.203382161479681],[32.282530733756744,3.207569268292389],[32.2826217722162,3.208077729253205],[32.2826217722162,3.214084935170604],[32.28316874061352,3.215545696208608],[32.288071725685484,3.220756904384359],[32.28901646127321,3.222067737155385],[32.2896279904399,3.223561913432832],[32.28995410134581,3.2239917138686],[32.29000584520463,3.231615724177743],[32.29791808315798,3.241245464929364],[32.29957779251049,3.246235214236265],[32.30599866180222,3.250529010148682],[32.30775336260626,3.253474674104098],[32.30778231848825,3.25401393590198],[32.30914973948137,3.256870884208013],[32.30919356385573,3.257944930242559],[32.30942322367986,3.258396040060461],[32.30977371140955,3.258797182451076],[32.30997019182672,3.259262012811234],[32.310740623845334,3.260035572350318],[32.31093400663815,3.260501683452731],[32.31137762239564,3.260711484152068],[32.31163337092943,3.261188796619479],[32.31212259433664,3.261433012164332],[32.31238494146396,3.261903735941985],[32.31287429961333,3.261996801295425],[32.313291589353355,3.262309365236717],[32.31352548656605,3.262758721086868],[32.31379897056951,3.263031761741502],[32.31728587476954,3.262747670885403],[32.319396081733544,3.262269842494845],[32.3234610222367,3.262632841862853],[32.336281360510156,3.273794092351466],[32.338864233445975,3.277191858342007],[32.3406004223213,3.278884367037506],[32.34158889186733,3.27919824290467],[32.34213585998151,3.279198243040184],[32.34320028364306,3.279437589265171],[32.34866581349473,3.279471279217319],[32.359470832025465,3.278379133341559],[32.37157859796605,3.294262462021265],[32.368104877441,3.297935190272028],[32.35860561785438,3.301051475064185],[32.35800129726846,3.301654792721536],[32.35719640318058,3.301774685556893],[32.35614505719286,3.302854622627024],[32.35538064568328,3.303236193892985],[32.35488997150202,3.303786662672337],[32.35415660475246,3.303907731893105],[32.352753376209535,3.305892190223403],[32.35112298427447,3.309296125361413],[32.348697717162,3.31264930795254],[32.347696294147795,3.314858241552486],[32.34762554732765,3.315694776924829],[32.34731408873381,3.316474581384455],[32.34666553728158,3.316971813018597],[32.34593125520644,3.318382407931324],[32.344552334383934,3.319347372269817],[32.3439480142668,3.319950678398584],[32.340599189280056,3.320118733740856],[32.33993380445406,3.320307669539602],[32.3341341901442,3.323226970037467],[32.33340208116738,3.32365327510837],[32.33224206150112,3.32463009147159],[32.331568979989356,3.324811343162082],[32.33089134362365,3.325237942606918],[32.327472790752836,3.325237942504202],[32.325864391246114,3.324811342904297],[32.3250097530759,3.324811343162082],[32.3232271604806,3.323531543131651],[32.321694885235786,3.323104942154714],[32.31742169465076,3.323104942154714],[32.316994375951595,3.323531543131651],[32.31613973765474,3.323531543131651],[32.31173074660529,3.329813121452787],[32.31074339502811,3.332490109297908],[32.31031607555053,3.33291670536056],[32.30962546757365,3.334165230436213],[32.308593828102744,3.335195123126141],[32.30453817003348,3.335902874987482],[32.304110851334315,3.336329470420594],[32.30257702020765,3.336935785530386],[32.30197270015975,3.337539080768522],[32.30122690974315,3.337946429906367],[32.30075513413345,3.33862012653907],[32.298841455117326,3.340238417005708],[32.29745382663248,3.341197094231632],[32.296245186113424,3.342403679826305],[32.29591994137331,3.343122372279424],[32.293783346071564,3.345151820903311],[32.2930347900695,3.347209069236442],[32.29250138889063,3.347610659170869],[32.29236695992864,3.348408251359956],[32.2908561589021,3.352049414174076],[32.29036479358905,3.354481751742924],[32.29036479358905,3.356188097869563],[32.28951015546846,3.358144328933975],[32.28945128912852,3.360645071923045],[32.28752842460176,3.363476559613559],[32.28642576403371,3.364243735033824],[32.282616572954396,3.368379937912721],[32.281915542297384,3.369603299711912],[32.28181841195715,3.370359497757818],[32.28115761442314,3.370689534867438],[32.27882717896023,3.376529261568407],[32.27839985966881,3.378134868047141],[32.27839985966881,3.378988020938721],[32.274862336300714,3.390505509244917],[32.274126669083614,3.391727292889868],[32.27356338228151,3.392347521451143],[32.273256745054084,3.393064932081415],[32.26991598597101,3.39726822471755],[32.26859968817848,3.400288477396771],[32.2689988402019,3.418341644041902],[32.26303801132519,3.424204036658409],[32.2608280994491,3.42505714843378],[32.25740954716059,3.42505714843378],[32.256982228120705,3.424630592724839],[32.25441831357142,3.424630592917708],[32.25370397056247,3.424968690608182],[32.25288603886764,3.425057148601297],[32.25233339722001,3.425358605599342],[32.2503221243349,3.427616480226845],[32.24925377862877,3.42941092369125],[32.24335969669107,3.434760947410211],[32.2305401249356,3.437726060629359],[32.2305401249356,3.438579160675602],[32.22997890425842,3.43897415786455],[32.227678310288525,3.442416590576727],[32.22583961547963,3.446351176207941],[32.22498497735455,3.451719581389284],[32.22370302017805,3.453249075176188],[32.22298565092552,3.45448904384989],[32.21985714847273,3.457060445717673],[32.222412455705694,3.467293826766934],[32.22105361721259,3.469844453386486],[32.21900251017604,3.472062461244775],[32.21894206074393,3.472890536765988],[32.218239385054005,3.473256733129517],[32.2172932342732,3.476577655519236],[32.2172932342732,3.481696033457638],[32.21643859615256,3.482798949170672],[32.2155839578877,3.484754921570016],[32.20961968757416,3.484773084620315]]]}},{"type":"Feature","id":"gb:47994165B12111387495879","properties":{"id":"gb:47994165B12111387495879","name":"Nwoya","parentId":"gb:17295835B80141219017784","level":"ADM2","countryCode":"UG"},"geometry":{"type":"Polygon","coordinates":[[[32.22098426286317,2.40901096852582],[32.21510813914631,2.414697312857186],[32.21551190401868,2.414864409089148],[32.2164385961529,2.417648410793561],[32.21999389073483,2.421534087908526],[32.21999965361624,2.422074809641686],[32.22081434293381,2.423220406995426],[32.22085159778385,2.423751469006675],[32.22130071661667,2.423987487396744],[32.22136131172783,2.424473425394126],[32.222832345337565,2.425730443242173],[32.223275700761235,2.426479860566076],[32.22325218993808,2.428656040777071],[32.222455248522294,2.431445033566831],[32.222455248522294,2.434723885342521],[32.223004971785656,2.440663250399552],[32.223532368826,2.443320146827205],[32.2235986981064,2.446044341512163],[32.22409615366968,2.448715505591395],[32.22409615366968,2.455273116626756],[32.2238060292741,2.457338916714548],[32.223549185316585,2.457779091829764],[32.223549185316585,2.461604343006741],[32.22136131172783,2.470996941773592],[32.22136131172783,2.473182779220053],[32.22458519561212,2.475873051097153],[32.22885134699874,2.480485367925553],[32.23228180182758,2.4846264230315],[32.23421299895443,2.487919867815208],[32.23544332109759,2.489630455642896],[32.235855973901266,2.489922114554645],[32.235941582449584,2.49038303925056],[32.23661120789819,2.491137559660785],[32.238158267939696,2.492683156830196],[32.23859081624016,2.492890558294164],[32.238818517097116,2.493342781083697],[32.23922316321671,2.493704395642112],[32.24108561154935,2.494754646873673],[32.24163258001295,2.494754646682338],[32.24256392023193,2.495236578294509],[32.24309564320157,2.495301096356513],[32.24352933095611,2.495574321012725],[32.270041499080264,2.493934971447288],[32.286765828587306,2.490912414453817],[32.295239119232804,2.486643254574346],[32.303615279538235,2.485789420760341],[32.333527234545215,2.485791027231755],[32.34401280981763,2.487924003810235],[32.3467372848948,2.489598075168203],[32.3475379021981,2.489801344560476],[32.349816426340396,2.490901380945047],[32.3420703997466,2.502012165858559],[32.338170370228795,2.502012165858559],[32.337743051299014,2.502439077141617],[32.33694257086489,2.502493183104662],[32.33690427568416,2.503331158760659],[32.33621077628493,2.503719810970267],[32.33576066447989,2.504373723312483],[32.33133701162677,2.506708185681703],[32.31984980852428,2.510625687893196],[32.31866946419251,2.511404189073005],[32.31716674896097,2.512013077433551],[32.30907637506516,2.514482916141503],[32.30840120153812,2.514988446462041],[32.30685374615598,2.515673268381533],[32.30605080091959,2.515797946115981],[32.30532147126479,2.516100175544125],[32.30446683302017,2.516100175644681],[32.30403900317964,2.516526572555733],[32.30182960212824,2.517380896108932],[32.30140228336205,2.51780780279654],[32.30056896934053,2.517859234201637],[32.29909459667999,2.518569993234621],[32.29844338649497,2.519108737032468],[32.296347260306106,2.520212883765055],[32.295919941373484,2.520639789657764],[32.29457164992078,2.521289320644428],[32.28826335609858,2.526114891675547],[32.285664283843175,2.527360129112083],[32.28550371169473,2.528053519262187],[32.28507639218532,2.528480422768666],[32.284238706575195,2.528552162531241],[32.281314541304425,2.530264510740267],[32.27932259295892,2.531827613792586],[32.27475751099189,2.535636091685319],[32.27087166475991,2.54069716388608],[32.26632202594527,2.544501315642719],[32.265900426819314,2.545236608207517],[32.26529610662885,2.545840331919749],[32.26389919478629,2.546818352386367],[32.2632987494498,2.548407412364156],[32.2628585282481,2.549129294252282],[32.262254208200375,2.549733017052233],[32.26087977842684,2.550121647181925],[32.26087977842684,2.550975438655314],[32.26058323536529,2.551532980531817],[32.26045245903151,2.552256124907331],[32.25994061155154,2.552898110988338],[32.25830863769079,2.555809147050638],[32.257232764690684,2.557112182844946],[32.25408360193893,2.564339778941701],[32.254042673153776,2.565152673712362],[32.24813244130394,2.572450685039883],[32.24806020661708,2.573232299650272],[32.247705122332036,2.573731349665081],[32.24891484473767,2.602232832247694],[32.25040890871776,2.608520694214405],[32.25087021433745,2.609227360110197],[32.25106131743951,2.610036045479319],[32.252713154855314,2.612909415316324],[32.267778171425164,2.621968776058623],[32.26861485869665,2.622012067872333],[32.26931044601099,2.622395647695669],[32.27011275025586,2.622568314210014],[32.27082385214311,2.623041885518035],[32.27232959923708,2.623588559907546],[32.2731478719366,2.623676261522064],[32.274689802950945,2.62438440428781],[32.27626326437627,2.624631304487991],[32.27679199081757,2.624956874398038],[32.29164675077038,2.649843426900361],[32.291555932244876,2.654928184316532],[32.29051423495304,2.656118044094171],[32.28865551734799,2.657398623353515],[32.270861951490986,2.659498770629511],[32.270861951490986,2.659751820868962],[32.26955570854142,2.660530415887138],[32.26903408111042,2.661137907079762],[32.26881535798884,2.66154315811815],[32.26652580068259,2.663323419554217],[32.2656657518329,2.673374190166953],[32.25567918980255,2.691188359451189],[32.25634133046702,2.691708794454541],[32.25664077334835,2.692746451860955],[32.25664077334835,2.697663721993706],[32.255273352355346,2.703107917854425],[32.251087478177226,2.709028615250418],[32.25089409565976,2.710041316653019],[32.24870973158863,2.7129480009242],[32.24870973158863,2.713494356158151],[32.24843624704147,2.713927557476211],[32.24843624704147,2.71611297539306],[32.248775060125695,2.716320896454192],[32.24922279282515,2.717106557893203],[32.24925669995008,2.717638882046344],[32.249802940321445,2.718505582326259],[32.249803667956826,2.719051634059326],[32.250269807149266,2.719245100187436],[32.25062412086544,2.720577537893917],[32.25101015807792,2.72080414523316],[32.25139692314076,2.721736825739185],[32.25144457357476,2.722263461812759],[32.25165904834478,2.722759239708637],[32.25200417748357,2.723175543408104],[32.25249340088561,2.72415288489384],[32.25314831184346,2.725020081674586],[32.25390117746451,2.726418902977059],[32.26436520956719,2.732778202581869],[32.26717958286832,2.736008787475669],[32.269446398551395,2.739733753556663],[32.27150183853587,2.742275056714107],[32.27469073023377,2.744323710056733],[32.27469073023377,2.747055412269958],[32.27397766800101,2.748994413142157],[32.273510801192856,2.749733912035595],[32.26511878350516,2.757024463605489],[32.265392902007136,2.758936373114636],[32.27154723486592,2.766516890612763],[32.27290384418342,2.769297591422855],[32.273323309318414,2.770789009690134],[32.27397754155993,2.771774528450237],[32.264298330909355,2.780754768978341],[32.261269868447926,2.782035215636199],[32.2544366940005,2.782018586780566],[32.25282436359248,2.781608400495429],[32.24256870649168,2.781608400444611],[32.23721026733938,2.782545414253548],[32.23362256621135,2.783742476406246],[32.23251761038051,2.784596105708772],[32.231822081931455,2.784755027647861],[32.21096891218065,2.781335238442637],[32.18471442911414,2.781881562383205],[32.17104021918374,2.794720102013173],[32.16174175643107,2.797178529771656],[32.140956957336584,2.787891109013287],[32.12673577900904,2.783247371127345],[32.11771080045486,2.79034955106431],[32.10234440704562,2.81532634716001],[32.07585062530541,2.822155179947117],[32.06687692480625,2.819167570245952],[32.050211481685665,2.811058306336861],[32.01773523307725,2.771791601595794],[31.983549708274836,2.768803863675771],[31.962611074169672,2.757706486121663],[31.946800268824916,2.758986958722119],[31.92970750648425,2.797827280484682],[31.898940534091707,2.79014468110438],[31.881420452856673,2.790998305748417],[31.870310156991707,2.799961326989546],[31.859627180528776,2.799961326989546],[31.847234928030502,2.805509829931793],[31.840825142125595,2.796973660988556],[31.817749912868067,2.797400470913033],[31.801939107629494,2.814472740336214],[31.79552932173101,2.809777891044689],[31.79852055515323,2.78331566152292],[31.78484634522283,2.770511143254851],[31.78484634522283,2.75770648650763],[31.77886387811037,2.745328520824273],[31.760489158774078,2.721425879055118],[31.74296907731076,2.704352273603718],[31.736131972259045,2.703071743495798],[31.73185878167385,2.693254301187494],[31.716047976329207,2.66636264057928],[31.70151912845904,2.646727088996556],[31.68100781335147,2.633067390959184],[31.66904287987427,2.627091225980962],[31.644258374375283,2.606601300622629],[31.575665118811628,2.607045252550449],[31.556794709107635,2.597483176428284],[31.54394095177304,2.598029582730874],[31.522882668480065,2.580544464041736],[31.51084936342494,2.580271257329912],[31.48514184907208,2.566064418013411],[31.461916774341148,2.558175786770619],[31.46937804893662,2.545716517425092],[31.474051851158833,2.525038512124752],[31.495417804175304,2.51036359887587],[31.51411301292063,2.501691982096418],[31.50810383877871,2.481013278975524],[31.483399455253164,2.458333040016612],[31.467374990841222,2.434985332035978],[31.458027386266224,2.408968838871544],[31.457359699956612,2.373612295275393],[31.384581922747316,2.331583530330988],[31.33450547018475,2.2875520505944],[31.32515786607638,2.258196977729256],[31.324490180031432,2.224171037928215],[31.350360046801654,2.251803940105162],[31.363215969821624,2.265535801748172],[31.371228201944177,2.259531312265835],[31.419301596476032,2.258196977297246],[31.442670607432433,2.244186392566121],[31.470045734968437,2.258864145089035],[31.48807325762408,2.264868637179063],[31.53681433814438,2.296225025525871],[31.566860209573633,2.29288927211087],[31.610927487395827,2.274208909555],[31.638302614971963,2.272207427814124],[31.667013114050405,2.276210388505945],[31.680366834853487,2.292222120759618],[31.697726671717817,2.293556423339339],[31.70306816005285,2.299560771153324],[31.7164218803033,2.302229361983223],[31.724434113069094,2.307566528819734],[31.748470810212552,2.322243634022527],[31.75715072862539,2.345593259500276],[31.779184367359335,2.363605561969564],[31.793873460372254,2.370943840012956],[31.815907099118817,2.384953172695134],[31.819245529579064,2.38161763000204],[31.910050829898637,2.376947857036043],[31.952115049693816,2.344259006031336],[31.982828607360375,2.325579318521477],[32.01153910672622,2.295557875465533],[32.02556051321278,2.295557875323766],[32.04225266376733,2.299560770882579],[32.05694175688592,2.292222120494444],[32.07496927946556,2.274208909555],[32.09633523239137,2.268204456052615],[32.10902126736323,2.259531312142371],[32.14307325498305,2.2468550858149],[32.17445449828102,2.248189430511843],[32.20516805593678,2.272874588719844],[32.246992950480774,2.277052636922576],[32.24667570894621,2.277489166681562],[32.24628471366407,2.27850749542182],[32.24509947378323,2.280967329712951],[32.244650573059346,2.282543161594447],[32.24367795086306,2.283835345665864],[32.243119738524626,2.285355165678425],[32.24259037925799,2.286302500116904],[32.24241959502075,2.286821340607446],[32.24241959502075,2.287914405773506],[32.242146110471424,2.28894296098656],[32.242146110471424,2.290582555724257],[32.241599142424775,2.29204444946788],[32.241599142424775,2.293684040926962],[32.24266930710485,2.294454007046966],[32.24286766785025,2.2949135971852],[32.24351353138678,2.295739345560264],[32.24351353138678,2.297925461673117],[32.243240047383324,2.298358800610856],[32.243240047383324,2.298905328501519],[32.24299910019778,2.299352133396667],[32.24241959502075,2.304646402994138],[32.24241959502075,2.307925555065424],[32.237265363980384,2.317609345154892],[32.23230067967211,2.33022757436197],[32.23175371115525,2.330774090166869],[32.23065977424335,2.339500693505272],[32.230287790867294,2.339750716922708],[32.2298093337738,2.341223382013766],[32.22942256909096,2.34160982404876],[32.228126723558205,2.344199231048151],[32.225897137327706,2.346998458836197],[32.22437346790832,2.350476435977498],[32.224369637673135,2.351022040748319],[32.22409615366968,2.352070713445755],[32.22409615366968,2.353710234955599],[32.224369637673135,2.354143556755957],[32.224369637673135,2.356329582354533],[32.22463886366222,2.356764665241371],[32.22464312167659,2.357309408584626],[32.22491660630976,2.358358076235675],[32.22601054310422,2.3612330430322],[32.22601054310422,2.365605068033403],[32.22572194886135,2.374848783195091],[32.22519473397341,2.376966285898732],[32.22512950370742,2.378051369307286],[32.22403996854024,2.381662776003282],[32.222843757534974,2.383000947215351],[32.22190827984588,2.393038228242858],[32.222711834545464,2.40434786756623],[32.22098426286317,2.40901096852582]]]}},{"type":"Feature","id":"gb:47994165B33231894396929","properties":{"id":"gb:47994165B33231894396929","name":"East Moyo","parentId":"gb:17295835B80141219017784","level":"ADM2","countryCode":"UG"},"geometry":{"type":"Polygon","coordinates":[[[32.042669967956954,3.604168533896768],[32.018436036359844,3.603511164139036],[32.008043636812715,3.595322822703906],[31.96811494381575,3.594503984513551],[31.90548706233426,3.534180893835412],[31.854072032947897,3.533089036908962],[31.834085807761426,3.553626651188722],[31.831810419228873,3.560439666414311],[31.82918497067095,3.560264974772565],[31.81780802826023,3.56987298887401],[31.803805637008224,3.569523608633006],[31.762848643707684,3.53318730402782],[31.73784124858679,3.516711028069494],[31.732098080289234,3.515892119851117],[31.724440522803718,3.510159744212217],[31.696818618696113,3.509067858934202],[31.6787686616874,3.491051569686022],[31.67111110412617,3.491051569686022],[31.656769742332415,3.476736711878289],[31.65169372579362,3.471670024362481],[31.65251417862089,3.465664394332578],[31.64403616830822,3.454198994644798],[31.64485662105983,3.41052001735676],[31.616961232801714,3.37721346224015],[31.602466570145054,3.369023149973884],[31.592894623324128,3.360832769390356],[31.592074170728154,3.34936612067645],[31.583596160434865,3.343359727323445],[31.581869791567613,3.333343301867444],[31.567340943247814,3.303481123341442],[31.54982086204319,3.259539428593996],[31.551957457344713,3.244607346662406],[31.530164184977366,3.202796347063838],[31.50580699846256,3.172503636050067],[31.503539507746098,3.168650830328488],[31.481449811947527,3.131116386907422],[31.480595174270093,3.108502043192232],[31.464784369038114,3.089727502496089],[31.464784369038114,3.057724680132026],[31.4297442060913,3.017613128894368],[31.402812165922796,2.983435552955598],[31.398844993739488,2.973614203208399],[31.412224124288684,2.963417515145466],[31.41350608179897,2.955736031415995],[31.426752972637473,2.948481247664688],[31.45709262595227,2.922875751678419],[31.489996193597392,2.922022225050682],[31.515635337216963,2.894282257427847],[31.554948690767105,2.897269671297011],[31.569904857878498,2.919461641274381],[31.574872441946127,2.931864414483925],[31.59623839487176,2.95653618883631],[31.630290382290923,2.953868996188248],[31.641641045063466,2.949201393865451],[31.66100393995839,2.951868597721841],[31.67035154449661,2.956536188473592],[31.684372950914735,2.960536965334484],[31.69906204343897,2.965871311222202],[31.71308345052927,2.969205264870425],[31.736452461508065,2.976539926655732],[31.75915378672056,2.977206711980159],[31.778516681641804,2.983874540184729],[31.794541146193183,2.988541996093772],[31.822583959520273,2.992542656465673],[31.82659007558175,2.988541996093772],[31.885346446576477,2.990542328104027],[31.896029423039238,3.019880111083751],[31.887349504607073,3.03054819980531],[31.912053887993864,3.051884061721978],[31.92006612030525,3.067218950618837],[31.924072236366555,3.081220179520415],[31.91606000418426,3.092554372238681],[31.92273686450187,3.105221856276387],[31.937425957169637,3.126556222749855],[31.956788852064733,3.157223612544556],[31.96132911713778,3.195543243880877],[31.989959494179743,3.231381604114688],[32.001497108808394,3.248020413447477],[32.00961617060602,3.265938824284376],[32.012607404195364,3.278737493593781],[32.0027790659895,3.293669067738222],[32.00235174692921,3.306893989057471],[32.008761532834114,3.314146290428141],[32.01688059478039,3.329930527566773],[32.026281614247466,3.351686762782833],[32.02756357124332,3.358938734128969],[32.01004349001505,3.387946078927655],[32.011325447195986,3.417805672874408],[32.025977817162925,3.437562149402027],[32.028064336012164,3.495877766669594],[32.03641041102833,3.511497408525031],[32.03849693025842,3.527116788307694],[32.04579974610846,3.547942219785284],[32.042669967956954,3.604168533896768]]]}},{"type":"Feature","id":"gb:47994165B18082180372450","properties":{"id":"gb:47994165B18082180372450","name":"West Moyo","parentId":"gb:17295835B80141219017784","level":"ADM2","countryCode":"UG"},"geometry":{"type":"Polygon","coordinates":[[[31.90548706233426,3.534180893835412],[31.962291243774644,3.588894771619209],[31.95279982869357,3.592866305927771],[31.953346797090887,3.599962891888936],[31.94979150250896,3.606240594915505],[31.950064986707616,3.619341748465104],[31.945689239529827,3.63107803763387],[31.945689239529827,3.640630718543434],[31.941313492352094,3.650183298117554],[31.93967258716026,3.67065276902855],[31.928733219215985,3.689211350560015],[31.920802177456324,3.708042456219516],[31.91369158829241,3.71322776279618],[31.909315841114847,3.725235724185666],[31.886890136828924,3.754982012605694],[31.855439453988822,3.786910386798581],[31.843679633448517,3.801373280452992],[31.804297908848923,3.832481322849048],[31.796093382890604,3.828661097696681],[31.799101709075387,3.819656213850294],[31.79664035128792,3.814198662487968],[31.802657003657316,3.810105476219633],[31.803750940451607,3.804374982731929],[31.798828224876672,3.795369844556831],[31.763548763256154,3.774357490727709],[31.738114732785448,3.748978255956672],[31.73100414362159,3.751434343208473],[31.72608142804671,3.7317854522787],[31.72197916506758,3.733968684128399],[31.71158676552045,3.71595685929077],[31.705843597349542,3.715683950021173],[31.688067124440067,3.702311292516072],[31.6787686616874,3.701765465465883],[31.662359609770704,3.704221684541665],[31.640754358080585,3.69685300688127],[31.61313245402107,3.697125921961288],[31.6030135386726,3.695488430221019],[31.586604486756073,3.68566341635011],[31.581134802783822,3.677202900763689],[31.57347724522282,3.674200763020337],[31.568281045449226,3.66874230488628],[31.54859018314943,3.655914797110825],[31.54284701497852,3.653185516441283],[31.535189457417516,3.65536894164137],[31.522609184281578,3.650183298117554],[31.514951626720404,3.644724693642104],[31.528078868216312,3.623981694685426],[31.533398736604653,3.615486844055815],[31.539018236198103,3.606513537542412],[31.541274480836535,3.582016611122413],[31.56306775266279,3.577751758648219],[31.564349709658643,3.570501463919186],[31.5929800867587,3.570501463919186],[31.59938987263638,3.581590127022821],[31.608363573307827,3.579031216544308],[31.6216104638587,3.567089540964901],[31.618619230755712,3.501407566077091],[31.63613931220749,3.500554522613697],[31.656769742332415,3.476736711878289],[31.67111110412617,3.491051569686022],[31.6787686616874,3.491051569686022],[31.696818618696113,3.509067858934202],[31.724440522803718,3.510159744212217],[31.732098080289234,3.515892119851117],[31.73784124858679,3.516711028069494],[31.762848643707684,3.53318730402782],[31.803805637008224,3.569523608633006],[31.81780802826023,3.56987298887401],[31.82918497067095,3.560264974772565],[31.831810419228873,3.560439666414311],[31.834085807761426,3.553626651188722],[31.854072032947897,3.533089036908962],[31.90548706233426,3.534180893835412]]]}},{"type":"Feature","id":"gb:47994165B27399302838777","properties":{"id":"gb:47994165B27399302838777","name":"Obongi","parentId":"gb:17295835B80141219017784","level":"ADM2","countryCode":"UG"},"geometry":{"type":"Polygon","coordinates":[[[31.656769742332415,3.476736711878289],[31.63613931220749,3.500554522613697],[31.618619230755712,3.501407566077091],[31.6216104638587,3.567089540964901],[31.608363573307827,3.579031216544308],[31.59938987263638,3.581590127022821],[31.5929800867587,3.570501463919186],[31.564349709658643,3.570501463919186],[31.56306775266279,3.577751758648219],[31.541274480836535,3.582016611122413],[31.539018236198103,3.606513537542412],[31.533398736604653,3.615486844055815],[31.513498741915384,3.586707925782548],[31.513498741915384,3.580737157495093],[31.485723002994064,3.541926217438004],[31.453674073144157,3.498421911337118],[31.451537477851673,3.492450574493489],[31.42718029133664,3.46387293500311],[31.42718029133664,3.403302557384336],[31.41863391016642,3.386239788869943],[31.417351953170567,3.361924824431071],[31.41136948649722,3.35083358620011],[31.409232891195643,3.284710150217279],[31.460083859021893,3.21815568901502],[31.48486836487342,3.183596844981992],[31.503539507746098,3.168650830328488],[31.50580699846256,3.172503636050067],[31.530164184977366,3.202796347063838],[31.551957457344713,3.244607346662406],[31.54982086204319,3.259539428593996],[31.567340943247814,3.303481123341442],[31.581869791567613,3.333343301867444],[31.583596160434865,3.343359727323445],[31.592074170728154,3.34936612067645],[31.592894623324128,3.360832769390356],[31.602466570145054,3.369023149973884],[31.616961232801714,3.37721346224015],[31.64485662105983,3.41052001735676],[31.64403616830822,3.454198994644798],[31.65251417862089,3.465664394332578],[31.65169372579362,3.471670024362481],[31.656769742332415,3.476736711878289]]]}},{"type":"Feature","id":"gb:47994165B72229648359475","properties":{"id":"gb:47994165B72229648359475","name":"Aringa","parentId":"gb:17295835B80141219017784","level":"ADM2","countryCode":"UG"},"geometry":{"type":"Polygon","coordinates":[[[31.535189457417516,3.65536894164137],[31.43359007763428,3.705688589905378],[31.267362963167216,3.789264034564326],[31.269926877529088,3.796512547220573],[31.269499558468794,3.801629107759197],[31.26779028222751,3.805040131253577],[31.26779028222751,3.813567630875582],[31.26351709162418,3.820815939045247],[31.256252667598687,3.822521414425012],[31.23830526706496,3.811009389863329],[31.213948080626324,3.806319261582701],[31.193009446670374,3.800349970469199],[31.16224247432666,3.789264034564326],[31.113528101449447,3.756431777200987],[31.08917091461501,3.734685055849639],[31.087888957619157,3.622958179630814],[31.085458580674356,3.607125525791105],[31.089464696864923,3.483173599728389],[31.078470845740355,3.473034934998225],[31.07792387700215,3.467575280961626],[31.070266319516804,3.456928864108249],[31.06862541459037,3.433997715992803],[31.060967857029368,3.420347961198274],[31.06042088820749,3.41133901650187],[31.052763330721916,3.401237978161021],[31.050575457482182,3.385403705113788],[31.03225201609297,3.341448593994016],[31.05498538993396,3.320545336008308],[31.06533656555859,3.319476321608636],[31.06737764293422,3.319265529986069],[31.079342576448937,3.325237942504202],[31.096435338789433,3.326517740320014],[31.10070852937463,3.333343302088963],[31.102845124667283,3.344008146666226],[31.110536868027225,3.35126017460226],[31.113528101130044,3.367470395933537],[31.11908324923371,3.368750138690132],[31.130193544771487,3.37856144413837],[31.152841454692975,3.378134868047141],[31.158396602783853,3.37088303967306],[31.170361536473024,3.370456459850573],[31.183608427085517,3.362351407629546],[31.19044553230833,3.362351407710548],[31.209674890022995,3.340595408812817],[31.209247570596403,3.337182658937593],[31.215230037774916,3.336329470420594],[31.237450628944316,3.317985722582023],[31.260953177215583,3.316279310425728],[31.272063472830837,3.307320596489888],[31.28701963994223,3.307320596489888],[31.296420658892544,3.30006824484019],[31.3122314642373,3.298361802089858],[31.32334176006998,3.280443970745921],[31.324196398190622,3.265512199368857],[31.337443289048792,3.254419882221043],[31.354963370088626,3.255699771881439],[31.372483452007543,3.246740514754492],[31.378038599607635,3.24716714824018],[31.38117650382833,3.249908402805204],[31.395131361948245,3.262099192187804],[31.409232891195643,3.284710150217279],[31.41136948649722,3.35083358620011],[31.417351953170567,3.361924824431071],[31.41863391016642,3.386239788869943],[31.42718029133664,3.403302557384336],[31.42718029133664,3.46387293500311],[31.451537477851673,3.492450574493489],[31.453674073144157,3.498421911337118],[31.485723002994064,3.541926217438004],[31.513498741915384,3.580737157495093],[31.513498741915384,3.586707925782548],[31.533398736604653,3.615486844055815],[31.528078868216312,3.623981694685426],[31.514951626720404,3.644724693642104],[31.522609184281578,3.650183298117554],[31.535189457417516,3.65536894164137]]]}},{"type":"Feature","id":"gb:47994165B18629173559965","properties":{"id":"gb:47994165B18629173559965","name":"Koboko","parentId":"gb:17295835B80141219017784","level":"ADM2","countryCode":"UG"},"geometry":{"type":"Polygon","coordinates":[[[31.08917091461501,3.734685055849639],[31.078744329939013,3.7568922901566],[31.046473194503108,3.735606104453097],[31.02240658502535,3.709952835867227],[30.994511196767405,3.70749663270459],[30.97728169225485,3.703402945607024],[30.95786431415371,3.691394687649108],[30.95649689316059,3.670379845829871],[30.923131820930337,3.629713360675566],[30.9038019577726,3.596949579060549],[30.88909944725549,3.578432771705877],[30.885773879400404,3.566553867932896],[30.877197414932027,3.54838583600548],[30.867570771140947,3.520609020298025],[30.877197414932027,3.519036722873864],[30.894700403642844,3.52602469109911],[30.920079737273966,3.52602469109911],[30.92969544169688,3.516983997243869],[30.929968925895594,3.424169912164984],[30.914380326180492,3.390590823568175],[30.928601504902588,3.380762575977997],[30.929148473144494,3.372026272918902],[30.94637797781212,3.353461367801344],[30.970718071307658,3.352369303503167],[30.990408933788103,3.369842184577408],[31.008458890896463,3.356737553153323],[31.03225201609297,3.341448593994016],[31.050575457482182,3.385403705113788],[31.052763330721916,3.401237978161021],[31.06042088820749,3.41133901650187],[31.060967857029368,3.420347961198274],[31.06862541459037,3.433997715992803],[31.070266319516804,3.456928864108249],[31.07792387700215,3.467575280961626],[31.078470845740355,3.473034934998225],[31.089464696864923,3.483173599728389],[31.085458580674356,3.607125525791105],[31.087888957619157,3.622958179630814],[31.08917091461501,3.734685055849639]]]}},{"type":"Feature","id":"gb:47994165B51818816351694","properties":{"id":"gb:47994165B51818816351694","name":"Maracha","parentId":"gb:17295835B80141219017784","level":"ADM2","countryCode":"UG"},"geometry":{"type":"Polygon","coordinates":[[[31.03225201609297,3.341448593994016],[31.008458890896463,3.356737553153323],[30.990408933788103,3.369842184577408],[30.970718071307658,3.352369303503167],[30.94637797781212,3.353461367801344],[30.929148473144494,3.372026272918902],[30.928601504902588,3.380762575977997],[30.914380326180492,3.390590823568175],[30.89680076228825,3.370704899961879],[30.89487543352999,3.360046489205615],[30.87034937059883,3.325886373801666],[30.869528918003027,3.318787735415754],[30.8285062882116,3.262269842494845],[30.82522447782833,3.248617698948919],[30.81729343606861,3.233873176554255],[30.81729343606861,3.222951169837415],[30.809909362706264,3.21039071719963],[30.808541941713145,3.197557051726676],[30.792132889796562,3.157416681341772],[30.793226826430498,3.151682215282449],[30.924499241493265,3.145947718460718],[30.941728746284696,3.163424183157986],[30.94938630377021,3.177077466348408],[30.96005218774252,3.196464817453375],[30.977008207877702,3.212575155009631],[30.988221060102546,3.21120988209907],[30.993417259760633,3.221858962516023],[31.008185406697805,3.225954733388733],[31.010099795646852,3.239334135712511],[31.018577806040867,3.255170751186483],[31.01912477464208,3.275921800628055],[31.051122425803158,3.298583639445496],[31.06042088820749,3.299675763365826],[31.06533656555859,3.319476321608636],[31.05498538993396,3.320545336008308],[31.03225201609297,3.341448593994016]]]}},{"type":"Feature","id":"gb:47994165B75534969186170","properties":{"id":"gb:47994165B75534969186170","name":"Terego","parentId":"gb:17295835B80141219017784","level":"ADM2","countryCode":"UG"},"geometry":{"type":"Polygon","coordinates":[[[31.06533656555859,3.319476321608636],[31.06042088820749,3.299675763365826],[31.051122425803158,3.298583639445496],[31.01912477464208,3.275921800628055],[31.018577806040867,3.255170751186483],[31.010099795646852,3.239334135712511],[31.008185406697805,3.225954733388733],[30.993417259760633,3.221858962516023],[30.988221060102546,3.21120988209907],[30.977008207877702,3.212575155009631],[30.96005218774252,3.196464817453375],[30.94938630377021,3.177077466348408],[30.941728746284696,3.163424183157986],[30.924499241493265,3.145947718460718],[30.952121145600927,3.118367077293328],[30.974273366046987,3.118093998206859],[30.986580155007687,3.107170768560763],[30.992049838845276,3.106078439326723],[30.99177635478128,3.088327932501102],[31.010646764485273,3.080408379755227],[31.0270558164018,3.072215676993892],[31.079564782534646,3.071669494572461],[31.091051118876294,3.068119302024513],[31.098161707627867,3.06975785373038],[31.10899624076844,3.060156200256063],[31.12762963044031,3.043643135192724],[31.138312606948546,3.043643135192724],[31.149422902404467,3.051750713521244],[31.17463472707618,3.095274560537121],[31.185745022378228,3.107221971746242],[31.23616867176338,3.108928733423852],[31.245569691090452,3.114049002734077],[31.329751545974887,3.117889188382321],[31.33146082187028,3.122582729438022],[31.349835541810194,3.143490066918844],[31.368210261404215,3.143916742919714],[31.397267957240786,3.160983639286599],[31.408378253075057,3.161836977065718],[31.41051484837658,3.185303481890742],[31.402112046053503,3.194564326923455],[31.401586956515416,3.201379862591182],[31.390735103712245,3.213612761106674],[31.39038504393801,3.220777676501541],[31.385134147324663,3.234757853953454],[31.38117650382833,3.249908402805204],[31.378038599607635,3.24716714824018],[31.372483452007543,3.246740514754492],[31.354963370088626,3.255699771881439],[31.337443289048792,3.254419882221043],[31.324196398190622,3.265512199368857],[31.32334176006998,3.280443970745921],[31.3122314642373,3.298361802089858],[31.296420658892544,3.30006824484019],[31.28701963994223,3.307320596489888],[31.272063472830837,3.307320596489888],[31.260953177215583,3.316279310425728],[31.237450628944316,3.317985722582023],[31.215230037774916,3.336329470420594],[31.209247570596403,3.337182658937593],[31.209674890022995,3.340595408812817],[31.19044553230833,3.362351407710548],[31.183608427085517,3.362351407629546],[31.170361536473024,3.370456459850573],[31.158396602783853,3.37088303967306],[31.152841454692975,3.378134868047141],[31.130193544771487,3.37856144413837],[31.11908324923371,3.368750138690132],[31.113528101130044,3.367470395933537],[31.110536868027225,3.35126017460226],[31.102845124667283,3.344008146666226],[31.10070852937463,3.333343302088963],[31.096435338789433,3.326517740320014],[31.079342576448937,3.325237942504202],[31.06737764293422,3.319265529986069],[31.06533656555859,3.319476321608636]]]}},{"type":"Feature","id":"gb:47994165B64790493286849","properties":{"id":"gb:47994165B64790493286849","name":"Ayivu","parentId":"gb:17295835B80141219017784","level":"ADM2","countryCode":"UG"},"geometry":{"type":"Polygon","coordinates":[[[30.793226826430498,3.151682215282449],[30.79132952996315,3.1332497906036],[30.787910977480465,3.129409661138538],[30.77765532003275,3.106795280540496],[30.7780826390931,3.095701256107191],[30.76654502446422,3.081193510462356],[30.7686816197658,3.069672512715954],[30.776373362851814,3.053030852317988],[30.793038806204436,3.037242372063758],[30.811413525798457,3.032975175561148],[30.82807896915125,3.021880385907025],[30.844744412504042,2.997130062434508],[30.85500006983102,2.989022075606442],[30.961829835033598,2.993716180678916],[31.01097152697116,3.02785451753266],[31.020799865252854,3.027001072080225],[31.050712199348936,3.003104330240149],[31.062249814108327,3.010785482990968],[31.096862658096825,3.044496567405588],[31.10899624076844,3.060156200256063],[31.098161707627867,3.06975785373038],[31.091051118876294,3.068119302024513],[31.079564782534646,3.071669494572461],[31.0270558164018,3.072215676993892],[31.010646764485273,3.080408379755227],[30.99177635478128,3.088327932501102],[30.992049838845276,3.106078439326723],[30.986580155007687,3.107170768560763],[30.974273366046987,3.118093998206859],[30.952121145600927,3.118367077293328],[30.924499241493265,3.145947718460718],[30.793226826430498,3.151682215282449]]]}},{"type":"Feature","id":"gb:47994165B92141857832480","properties":{"id":"gb:47994165B92141857832480","name":"Vurra","parentId":"gb:17295835B80141219017784","level":"ADM2","countryCode":"UG"},"geometry":{"type":"Polygon","coordinates":[[[31.10899624076844,3.060156200256063],[31.096862658096825,3.044496567405588],[31.062249814108327,3.010785482990968],[31.050712199348936,3.003104330240149],[31.020799865252854,3.027001072080225],[31.01097152697116,3.02785451753266],[30.961829835033598,2.993716180678916],[30.85500006983102,2.989022075606442],[30.8558547080724,2.976083312309243],[30.863238781434973,2.966524233687437],[30.865426655023725,2.959150030838543],[30.873631180982102,2.949044562090705],[30.873802108606128,2.834959133206723],[30.846453688745328,2.812338720223977],[30.840898540961064,2.790144681089828],[30.832352159754578,2.777340236938073],[30.822951140427335,2.75770648650763],[30.81269548297945,2.729535757361248],[30.81226816391927,2.710328063007296],[30.795175401506185,2.681729376151452],[30.811413525683008,2.679168266579609],[30.823805778547978,2.686424729014448],[30.840471221482233,2.689412671341927],[30.852436155589885,2.69709591832742],[30.90627835685251,2.70093752361413],[30.911406185734393,2.712889106384694],[30.924653076785148,2.717157500479573],[30.93234481987099,2.713315946648947],[30.944309753419645,2.713315946989496],[30.955847368179207,2.728682088475807],[30.977640640265577,2.716303822906298],[30.98490506397843,2.720999042214942],[30.986614340532526,2.748316317251295],[30.99345144514865,2.75002362608069],[30.994306083445508,2.757279662213193],[31.011398845785948,2.776913420168455],[31.008407612196777,2.801668561753559],[31.011826165091747,2.819167570533921],[31.026355012833903,2.84776294454656],[31.030200884685826,2.853738008173195],[31.090880191208555,2.854591586403899],[31.090452872191918,2.915620754669192],[31.10156316767126,2.945067215652728],[31.116519334719385,2.957869782307512],[31.116519334719385,2.97792683948694],[31.12592035418629,2.983901211864861],[31.125065715889605,2.994142916347243],[31.134039416345217,3.009932024067723],[31.13446673535651,3.021453661070211],[31.140876521234247,3.027854517615481],[31.138312606948546,3.043643135192724],[31.12762963044031,3.043643135192724],[31.10899624076844,3.060156200256063]]]}},{"type":"Feature","id":"gb:47994165B20901550230314","properties":{"id":"gb:47994165B20901550230314","name":"Madi-Okollo","parentId":"gb:17295835B80141219017784","level":"ADM2","countryCode":"UG"},"geometry":{"type":"Polygon","coordinates":[[[31.398844993739488,2.973614203208399],[31.402812165922796,2.983435552955598],[31.4297442060913,3.017613128894368],[31.464784369038114,3.057724680132026],[31.464784369038114,3.089727502496089],[31.480595174270093,3.108502043192232],[31.481449811947527,3.131116386907422],[31.503539507746098,3.168650830328488],[31.48486836487342,3.183596844981992],[31.460083859021893,3.21815568901502],[31.409232891195643,3.284710150217279],[31.395131361948245,3.262099192187804],[31.38117650382833,3.249908402805204],[31.385134147324663,3.234757853953454],[31.39038504393801,3.220777676501541],[31.390735103712245,3.213612761106674],[31.401586956515416,3.201379862591182],[31.402112046053503,3.194564326923455],[31.41051484837658,3.185303481890742],[31.408378253075057,3.161836977065718],[31.397267957240786,3.160983639286599],[31.368210261404215,3.143916742919714],[31.349835541810194,3.143490066918844],[31.33146082187028,3.122582729438022],[31.329751545974887,3.117889188382321],[31.245569691090452,3.114049002734077],[31.23616867176338,3.108928733423852],[31.185745022378228,3.107221971746242],[31.17463472707618,3.095274560537121],[31.149422902404467,3.051750713521244],[31.138312606948546,3.043643135192724],[31.140876521234247,3.027854517615481],[31.13446673535651,3.021453661070211],[31.134039416345217,3.009932024067723],[31.125065715889605,2.994142916347243],[31.12592035418629,2.983901211864861],[31.116519334719385,2.97792683948694],[31.116519334719385,2.957869782307512],[31.10156316767126,2.945067215652728],[31.090452872191918,2.915620754669192],[31.090880191208555,2.854591586403899],[31.030200884685826,2.853738008173195],[31.026355012833903,2.84776294454656],[31.011826165091747,2.819167570533921],[31.008407612196777,2.801668561753559],[31.011398845785948,2.776913420168455],[30.994306083445508,2.757279662213193],[30.99345144514865,2.75002362608069],[30.986614340532526,2.748316317251295],[30.98490506397843,2.720999042214942],[30.977640640265577,2.716303822906298],[30.97782866065222,2.668787183051336],[30.978628815362697,2.631093125761765],[30.98463798945454,2.621755340290918],[31.00428364011494,2.604438949156341],[31.007339314958358,2.601745566194211],[31.026034523584883,2.584403504926627],[31.04205898860988,2.580401457316555],[31.050738907022662,2.573731349665081],[31.078781720356744,2.573064336978575],[31.09480618473293,2.567061206881363],[31.12551974240057,2.569062253243089],[31.131528916492414,2.573064336557081],[31.148221067659847,2.571730310559133],[31.16157478785027,2.584403504926627],[31.171590078771487,2.591073556733022],[31.199632892105342,2.595075570842425],[31.212986612740565,2.615085450958134],[31.221666531153403,2.632427088971383],[31.23034644956641,2.655104251239038],[31.28015970138597,2.694387657756067],[31.281090587870494,2.695121755477885],[31.284429018138894,2.732470239241536],[31.315810261599268,2.761147751369549],[31.319816377660516,2.782488706946253],[31.35887870195281,2.79454628285069],[31.343425755905287,2.818740768562691],[31.341716479634044,2.854164796971133],[31.35838192301668,2.889160958192122],[31.36692830422328,2.90367124588937],[31.376329323550408,2.929277180679833],[31.386157661938,2.941653172906285],[31.387012300058586,2.968111729260102],[31.395986000244932,2.975793127336999],[31.398844993739488,2.973614203208399]]]}},{"type":"Feature","id":"gb:47994165B72215977726895","properties":{"id":"gb:47994165B72215977726895","name":"Okoro","parentId":"gb:17295835B80141219017784","level":"ADM2","countryCode":"UG"},"geometry":{"type":"Polygon","coordinates":[[[30.795175401506185,2.681729376151452],[30.786201701239236,2.66977748761019],[30.786201701239236,2.661667211286613],[30.77594604379135,2.649288265635846],[30.77594604379135,2.643739042895504],[30.753298133594114,2.610016311419088],[30.76355379104183,2.597209973188342],[30.761417195740307,2.544275738101021],[30.751588857352715,2.525492097716551],[30.750734219232072,2.504146722242638],[30.744324433327165,2.487070171319488],[30.753725452654464,2.474262612969767],[30.775091405670707,2.468712632561733],[30.79645735868712,2.460601081055529],[30.829053256608745,2.450764691356824],[30.849291087305858,2.432457884986661],[30.8599569710517,2.39966895523645],[30.884844033125034,2.36141421073421],[30.926413631313608,2.362780469847849],[30.93516512566913,2.373437244737943],[30.935438609867788,2.381088211964823],[30.944737072620455,2.399122466381925],[30.946651462010777,2.410871928545873],[30.964974903317625,2.425080444907167],[30.991229386383964,2.424807205612353],[31.00763843830049,2.416063519077341],[31.008924340179306,2.416920024194837],[31.030611110983727,2.431364933444058],[31.03252550009637,2.449944988813343],[31.03908912114059,2.46251370396817],[31.051395909806615,2.495301096356513],[31.055224688549345,2.496393995538142],[31.07436858276111,2.512787372298021],[31.06288224603469,2.522623299633949],[31.03962514989155,2.52363967425697],[31.028773297168982,2.531508356633424],[31.021422041910455,2.549518715652141],[31.003218933234223,2.575572089548302],[31.00428364011494,2.604438949156341],[30.98463798945454,2.621755340290918],[30.978628815362697,2.631093125761765],[30.97782866065222,2.668787183051336],[30.977640640265577,2.716303822906298],[30.955847368179207,2.728682088475807],[30.944309753419645,2.713315946989496],[30.93234481987099,2.713315946648947],[30.924653076785148,2.717157500479573],[30.911406185734393,2.712889106384694],[30.90627835685251,2.70093752361413],[30.852436155589885,2.69709591832742],[30.840471221482233,2.689412671341927],[30.823805778547978,2.686424729014448],[30.811413525683008,2.679168266579609],[30.795175401506185,2.681729376151452]]]}},{"type":"Feature","id":"gb:47994165B98583791721874","properties":{"id":"gb:47994165B98583791721874","name":"Padyere","parentId":"gb:17295835B80141219017784","level":"ADM2","countryCode":"UG"},"geometry":{"type":"Polygon","coordinates":[[[31.00428364011494,2.604438949156341],[31.003218933234223,2.575572089548302],[31.021422041910455,2.549518715652141],[31.028773297168982,2.531508356633424],[31.03962514989155,2.52363967425697],[31.06288224603469,2.522623299633949],[31.07436858276111,2.512787372298021],[31.055224688549345,2.496393995538142],[31.051395909806615,2.495301096356513],[31.03908912114059,2.46251370396817],[31.03252550009637,2.449944988813343],[31.030611110983727,2.431364933444058],[31.008924340179306,2.416920024194837],[31.016526674755426,2.406380503651633],[31.046011689917975,2.390156602466277],[31.057976623606976,2.38033677956264],[31.057976623606976,2.372651651953504],[31.066523004813632,2.362404748725567],[31.066950323873925,2.356854311222321],[31.07549670508041,2.347461212751909],[31.092162148433204,2.32141638304762],[31.092162148433204,2.31373093151376],[31.122074482656046,2.286404545230937],[31.135541528306078,2.291755092828964],[31.144117992774454,2.306095991929055],[31.15514487566236,2.313965936160798],[31.199427437101235,2.309593750304089],[31.20047761642377,2.247507271009283],[31.229357547600898,2.228268667713792],[31.24055946014215,2.244359153302128],[31.257329511630758,2.283261977328834],[31.27307835559907,2.315572241409825],[31.291105878023643,2.346260386264419],[31.28977050630266,2.406967548650357],[31.282425960043668,2.416973966605951],[31.2850967039318,2.495688520521753],[31.30245654079613,2.51503290703198],[31.30045348276559,2.53571107243954],[31.290438192424745,2.549051648567911],[31.2850967039318,2.592407562395181],[31.293776622363964,2.613084477350867],[31.291105878023643,2.687118359542183],[31.28015970138597,2.694387657756067],[31.23034644956641,2.655104251239038],[31.221666531153403,2.632427088971383],[31.212986612740565,2.615085450958134],[31.199632892105342,2.595075570842425],[31.171590078771487,2.591073556733022],[31.16157478785027,2.584403504926627],[31.148221067659847,2.571730310559133],[31.131528916492414,2.573064336557081],[31.12551974240057,2.569062253243089],[31.09480618473293,2.567061206881363],[31.078781720356744,2.573064336978575],[31.050738907022662,2.573731349665081],[31.04205898860988,2.580401457316555],[31.026034523584883,2.584403504926627],[31.007339314958358,2.601745566194211],[31.00428364011494,2.604438949156341]]]}},{"type":"Feature","id":"gb:47994165B82358514726491","properties":{"id":"gb:47994165B82358514726491","name":"Jonam","parentId":"gb:17295835B80141219017784","level":"ADM2","countryCode":"UG"},"geometry":{"type":"Polygon","coordinates":[[[31.35887870195281,2.79454628285069],[31.319816377660516,2.782488706946253],[31.315810261599268,2.761147751369549],[31.284429018138894,2.732470239241536],[31.281090587870494,2.695121755477885],[31.28015970138597,2.694387657756067],[31.291105878023643,2.687118359542183],[31.293776622363964,2.613084477350867],[31.2850967039318,2.592407562395181],[31.290438192424745,2.549051648567911],[31.30045348276559,2.53571107243954],[31.30245654079613,2.51503290703198],[31.2850967039318,2.495688520521753],[31.282425960043668,2.416973966605951],[31.28977050630266,2.406967548650357],[31.291105878023643,2.346260386264419],[31.27307835559907,2.315572241409825],[31.257329511630758,2.283261977328834],[31.24055946014215,2.244359153302128],[31.229357547600898,2.228268667713792],[31.240441862366538,2.218086316487927],[31.26138049632266,2.206984303729769],[31.29556602114866,2.18307199521513],[31.324490180031432,2.224171037928215],[31.32515786607638,2.258196977729256],[31.33450547018475,2.2875520505944],[31.384581922747316,2.331583530330988],[31.457359699956612,2.373612295275393],[31.458027386266224,2.408968838871544],[31.467374990841222,2.434985332035978],[31.483399455253164,2.458333040016612],[31.50810383877871,2.481013278975524],[31.51411301292063,2.501691982096418],[31.495417804175304,2.51036359887587],[31.474051851158833,2.525038512124752],[31.46937804893662,2.545716517425092],[31.461916774341148,2.558175786770619],[31.457793429033643,2.556775245371114],[31.45751994501262,2.58300332342651],[31.420343186759908,2.618126924878482],[31.40453238141515,2.64160471977317],[31.41136948649722,2.648434540677727],[31.430598844211886,2.673619178773436],[31.430598844211886,2.683436779279532],[31.437435949100404,2.70221805581383],[31.43786326779957,2.71459646610532],[31.447264287266478,2.740633396221767],[31.441335235602594,2.755812452646012],[31.425978456872144,2.775152797161411],[31.369225143913468,2.779154208420607],[31.359236561137266,2.793985987169947],[31.35887870195281,2.79454628285069]]]}},{"type":"Feature","id":"gb:47994165B10893310093346","properties":{"id":"gb:47994165B10893310093346","name":"Samia-Bugwe","parentId":"gb:17295835B57878138064711","level":"ADM2","countryCode":"UG"},"geometry":{"type":"Polygon","coordinates":[[[34.08704293896213,0.587676112164645],[34.07640463089342,0.581690897543012],[34.058628157983776,0.582784777855011],[34.03893729568392,0.579503136283563],[34.024989601554864,0.585792947616142],[34.01295629649775,0.578956195830642],[33.99764118152689,0.571299024130894],[33.956618551902636,0.57293984744814],[33.95667324874222,0.563412126466346],[33.94582139544178,0.553960962129509],[33.92849343691756,0.552560788085088],[33.91939188270311,0.535058587980927],[33.91449104551725,0.530858052511064],[33.89563157549054,0.499922771492663],[33.889067954845984,0.48570211943229],[33.89508460721538,0.472028387119622],[33.89863990179731,0.458901578796656],[33.91368153229206,0.438390892540895],[33.91161330846893,0.396976230884718],[33.87101799773785,0.350826756300535],[33.87614582609888,0.343135154427046],[33.874009230806394,0.319632999472446],[33.88426488856993,0.305104367081071],[33.899221055617886,0.288011833761686],[33.91845041325104,0.260663727409906],[33.92913338971391,0.231606300043779],[33.94921738577767,0.226478512198412],[33.96246427664778,0.233742877632437],[33.96631014819076,0.255535950922763],[33.96502819100982,0.273910474315016],[33.9765658056387,0.256390580515074],[33.98981269650881,0.240579924022427],[34.01160596858534,0.241861869841955],[34.01972503073148,0.246989651903505],[34.03425387878269,0.277756301290253],[34.03425387878269,0.292284969536524],[34.05006468401473,0.30125854941798],[34.07954969917728,0.324333434651521],[34.09835173783165,0.353390622247275],[34.10518884279702,0.367919182427954],[34.10262492843498,0.389711978050627],[34.097497099711006,0.401249317813836],[34.094933185349134,0.421332796092656],[34.087668761323584,0.434152010634989],[34.09450586628884,0.443980060433148],[34.09621514253007,0.468336474753414],[34.10347956655562,0.480300998431005],[34.110743990581284,0.512348725085985],[34.11672645742567,0.527304276611176],[34.122708924270285,0.535422989601443],[34.129546029235655,0.548241988159361],[34.13766509138179,0.564052048515919],[34.147512494628174,0.583364586897795],[34.126768455343324,0.582212199905712],[34.09004572359669,0.583547502868669],[34.08704293896213,0.587676112164645]]]}},{"type":"Feature","id":"gb:47994165B20760665917659","properties":{"id":"gb:47994165B20760665917659","name":"Bugweri","parentId":"gb:17295835B57878138064711","level":"ADM2","countryCode":"UG"},"geometry":{"type":"Polygon","coordinates":[[[33.55604009397541,0.803984960939147],[33.54475134848218,0.788976977647451],[33.54611876939754,0.765459500338977],[33.54228999065475,0.758076079480816],[33.56143388491233,0.732917663468129],[33.56478133140888,0.688025950009546],[33.55487026379495,0.668380221700886],[33.55404981154999,0.646229459515666],[33.544204380400004,0.633103036100067],[33.54502483299581,0.61669496018061],[33.53791424383195,0.604388869975992],[33.53764075963346,0.565556138525949],[33.52888926527794,0.555164236010569],[33.538187727908564,0.545592730239662],[33.53813644937725,0.499956955579478],[33.53215398289882,0.49354741090724],[33.55010138343255,0.476882565208825],[33.566766826477306,0.470472998690923],[33.566766826477306,0.453808097218257],[33.58215031295697,0.45124426277323],[33.595824522887426,0.45124426277323],[33.59710648006853,0.463208815466544],[33.60609382724613,0.474132532666488],[33.608644094697354,0.51918555303331],[33.6163358377832,0.543114391993583],[33.65778578663475,0.597381222780314],[33.66077702005714,0.617464089879718],[33.66590484878111,0.62259161835658],[33.66120433894781,0.630710194556684],[33.66675948652886,0.648656476579617],[33.66804144408269,0.677284936942328],[33.65821310535864,0.694803762718664],[33.639411067040896,0.711895236906969],[33.63086468583424,0.721295520961803],[33.624668559175404,0.735102152525656],[33.64336376834882,0.755131039950356],[33.63468384993587,0.758469178887367],[33.632013105808994,0.771821708775349],[33.61932707120542,0.779165582391613],[33.60463797850679,0.791850424780137],[33.57993359529337,0.797859020525891],[33.55604009397541,0.803984960939147]]]}},{"type":"Feature","id":"gb:47994165B78850695856698","properties":{"id":"gb:47994165B78850695856698","name":"Kigulu","parentId":"gb:17295835B57878138064711","level":"ADM2","countryCode":"UG"},"geometry":{"type":"Polygon","coordinates":[[[33.5306148525202,0.888376932966553],[33.512480213361414,0.87784993045625],[33.4957976768369,0.868826000010301],[33.4720045519673,0.869919811178704],[33.452860657758436,0.880037546394249],[33.44492961626963,0.880584450741253],[33.41566680705364,0.880857902342711],[33.40363350210987,0.89617117588773],[33.39953123933577,0.896991528092258],[33.39843730245178,0.906288839427418],[33.3860451482102,0.909128351414779],[33.38002839742245,0.892206137986193],[33.353107296322264,0.862724581063333],[33.35481657286317,0.839224624796884],[33.36421759219047,0.825979132595876],[33.36208099688872,0.804615342778504],[33.369345420914215,0.793078849570463],[33.37190933525602,0.78453327819426],[33.3821649927242,0.772996729409215],[33.380883035125635,0.757187333501236],[33.40524022164044,0.731123070022704],[33.41378660281089,0.713604380562401],[33.415495879404205,0.662757082760265],[33.399257755137285,0.644383558256436],[33.40865877446441,0.634555832006242],[33.40780413634377,0.611054672334035],[33.415495879404205,0.594390150941535],[33.41763247469669,0.569179626054506],[33.41989645980777,0.563622840290263],[33.42233298398111,0.557642570025052],[33.45908242355216,0.55550607553937],[33.477884462237284,0.54225979220854],[33.49113135294073,0.530295382723125],[33.49241330993658,0.544823591584134],[33.502668967700345,0.554224177758385],[33.51677049645161,0.554224177758385],[33.52888926527794,0.555164236010569],[33.53764075963346,0.565556138525949],[33.53791424383195,0.604388869975992],[33.54502483299581,0.61669496018061],[33.544204380400004,0.633103036100067],[33.55404981154999,0.646229459515666],[33.55487026379495,0.668380221700886],[33.56478133140888,0.688025950009546],[33.56143388491233,0.732917663468129],[33.54228999065475,0.758076079480816],[33.54611876939754,0.765459500338977],[33.54475134848218,0.788976977647451],[33.55604009397541,0.803984960939147],[33.55389383999676,0.804535228140935],[33.53653400313243,0.827901867721835],[33.53586631682282,0.879975592405629],[33.5306148525202,0.888376932966553]]]}},{"type":"Feature","id":"gb:47994165B36988780589750","properties":{"id":"gb:47994165B36988780589750","name":"Luuka","parentId":"gb:17295835B57878138064711","level":"ADM2","countryCode":"UG"},"geometry":{"type":"Polygon","coordinates":[[[33.339005767570995,1.092588613661235],[33.31280830583967,1.065128531340463],[33.31706503287455,1.05605653633404],[33.31672897504939,1.043960502355162],[33.32636262044565,1.037016461254268],[33.313592439861225,1.024360347753088],[33.30101129162881,0.996219917630981],[33.29401009614452,0.988519757720724],[33.29219678651407,0.923781720776731],[33.291559677381656,0.907492018847904],[33.28648381064903,0.900141679035869],[33.28438345235338,0.887716069151963],[33.273356569465534,0.871090188455071],[33.28490854201476,0.852889140267507],[33.28439439128209,0.837105348923728],[33.27564289736591,0.831089334211015],[33.27427547596932,0.812220864611618],[33.26388307665292,0.79718071716627],[33.25841339285353,0.790891184995132],[33.24166194614611,0.773379939843608],[33.240363435745394,0.772022530506661],[33.22477483631718,0.754794555649994],[33.222347663878,0.740950597219523],[33.21422860201568,0.730268501268654],[33.21337396389504,0.723004661438551],[33.20910077329171,0.717022666965136],[33.21465592100441,0.706340514994508],[33.215083239703574,0.684548847942835],[33.21831717403638,0.680057588342731],[33.22277498322234,0.673866622094977],[33.23901310751461,0.668311855357558],[33.242858979057644,0.662329791847412],[33.26721616549628,0.660193338840713],[33.27405327046148,0.654211265547474],[33.28473624696011,0.652074808637053],[33.28986407569363,0.644810850274212],[33.29969241400801,0.654211265107278],[33.309948071528936,0.651647517663434],[33.32148568615776,0.643528974113792],[33.32704083394202,0.643101681988583],[33.33430525796757,0.637119588491942],[33.34712482977733,0.634983124842222],[33.355671210983814,0.624728087085771],[33.365072230311114,0.624728087085771],[33.37108888234758,0.607943965555307],[33.37409720886507,0.603021524888334],[33.387497934230396,0.599739895708922],[33.39105322896967,0.588801115915999],[33.40035169193163,0.573486788472849],[33.40445395491071,0.565009196749145],[33.41989645980777,0.563622840290263],[33.41763247469669,0.569179626054506],[33.415495879404205,0.594390150941535],[33.40780413634377,0.611054672334035],[33.40865877446441,0.634555832006242],[33.399257755137285,0.644383558256436],[33.415495879404205,0.662757082760265],[33.41378660281089,0.713604380562401],[33.40524022164044,0.731123070022704],[33.380883035125635,0.757187333501236],[33.3821649927242,0.772996729409215],[33.37190933525602,0.78453327819426],[33.369345420914215,0.793078849570463],[33.36208099688872,0.804615342778504],[33.36421759219047,0.825979132595876],[33.35481657286317,0.839224624796884],[33.353107296322264,0.862724581063333],[33.38002839742245,0.892206137986193],[33.3860451482102,0.909128351414779],[33.38531006100823,0.90929678812148],[33.387497934230396,0.917773720456921],[33.393788070800554,0.931172702130254],[33.394335039562236,0.956603281075672],[33.40007820737054,0.96726766204722],[33.40199259712324,0.983127447599486],[33.41183802827322,1.001995025762028],[33.406915312698345,1.017581204110911],[33.40582137590383,1.008831078095341],[33.39269413437057,1.01047172852185],[33.37901992444017,1.025784425697907],[33.37960107812978,1.030637988877004],[33.38301963041812,1.034483235354685],[33.37874643983292,1.040891970018663],[33.36891810166685,1.048155187068346],[33.363790272785025,1.061827079093803],[33.339005767570995,1.092588613661235]]]}},{"type":"Feature","id":"gb:47994165B97848148013516","properties":{"id":"gb:47994165B97848148013516","name":"Budiope","parentId":"gb:17295835B57878138064711","level":"ADM2","countryCode":"UG"},"geometry":{"type":"Polygon","coordinates":[[[32.959716512466336,1.494355120085464],[32.81343003071578,1.492109595234638],[32.80504823527872,1.490023815363315],[32.81254868530863,1.433933053935448],[32.82109506651511,1.416845580683457],[32.81938579008272,1.374553545301751],[32.8296414477216,1.359174436771639],[32.8296414477216,1.338668806215082],[32.84801616718278,1.315172560153201],[32.85485327228082,1.315599766977073],[32.85698986758257,1.333969574963646],[32.86895480127174,1.337387198583826],[32.88732952074571,1.31389094053884],[32.9048496023392,1.281423021554758],[32.90826815482171,1.265188906983326],[32.91510525954908,1.252799646122014],[32.91766917414901,1.245109730154923],[32.92194236475234,1.235710913833088],[32.92407896005392,1.232293154184447],[32.92614882785176,1.232258949381162],[32.9757845660377,1.2314387139308],[32.984758266620304,1.238701449918665],[33.03389995853462,1.239128669216143],[33.04073706311135,1.232720374539724],[33.04842880660891,1.220758183063936],[33.05483859251382,1.209223162456965],[33.05697518781557,1.206232593538289],[33.072785993047546,1.204523695537205],[33.079623097975116,1.204523695277146],[33.086887522038296,1.199396995109794],[33.10996275129594,1.178462869126349],[33.12705551370908,1.177608411643462],[33.13517457558203,1.162655363558201],[33.134747256794924,1.141720963177193],[33.141584361459536,1.125058780833797],[33.14286631894123,1.116941272175666],[33.151412700147716,1.100706188627044],[33.153549295449295,1.06738126796597],[33.17277865316396,1.063536061360253],[33.19756315866306,1.035764983588251],[33.21337396389504,1.021665727477568],[33.22961208805236,1.004575637068911],[33.25012340268154,1.001157608432436],[33.26166101744093,0.993467030765657],[33.29401009614452,0.988519757720724],[33.30101129162881,0.996219917630981],[33.313592439861225,1.024360347753088],[33.32636262044565,1.037016461254268],[33.31672897504939,1.043960502355162],[33.31706503287455,1.05605653633404],[33.31280830583967,1.065128531340463],[33.339005767570995,1.092588613661235],[33.362935635009364,1.111814413314505],[33.365072230311114,1.143002665562847],[33.37105469695939,1.156246890060061],[33.38729282100337,1.181880696450264],[33.39754847876691,1.201960346636611],[33.39840311701647,1.214777067415525],[33.40395826464464,1.222467070651646],[33.42446957927359,1.244682511885117],[33.43045204645216,1.254508512674136],[33.430990082069,1.294519402314842],[33.4130120870509,1.299873181649218],[33.40566754104202,1.327908621407914],[33.3988032480637,1.34822568816611],[33.38002839742245,1.372417564130444],[33.305247561588885,1.37754391626612],[33.24755948868966,1.340377615229897],[33.20739149683004,1.342940827220616],[33.187307500900204,1.350203244334182],[33.14671219034142,1.373699152781114],[33.121500365529755,1.399330790152987],[33.11075380442759,1.418822266023142],[33.0613953761756,1.445593472548865],[33.044942566538225,1.453992217394216],[33.01378724688169,1.467115194246787],[33.00153515454258,1.469039891126727],[32.990333242001384,1.476913633328934],[32.97020480461788,1.479713179356679],[32.959716512466336,1.494355120085464]]]}},{"type":"Feature","id":"gb:47994165B81905252056509","properties":{"id":"gb:47994165B81905252056509","name":"Bugabula","parentId":"gb:17295835B57878138064711","level":"ADM2","countryCode":"UG"},"geometry":{"type":"Polygon","coordinates":[[[33.29401009614452,0.988519757720724],[33.26166101744093,0.993467030765657],[33.25012340268154,1.001157608432436],[33.22961208805236,1.004575637068911],[33.21337396389504,1.021665727477568],[33.19756315866306,1.035764983588251],[33.17277865316396,1.063536061360253],[33.153549295449295,1.06738126796597],[33.151412700147716,1.100706188627044],[33.14286631894123,1.116941272175666],[33.141584361459536,1.125058780833797],[33.134747256794924,1.141720963177193],[33.13517457558203,1.162655363558201],[33.12705551370908,1.177608411643462],[33.10996275129594,1.178462869126349],[33.086887522038296,1.199396995109794],[33.079623097975116,1.204523695277146],[33.072785993047546,1.204523695537205],[33.05697518781557,1.206232593538289],[33.05483859251382,1.209223162456965],[33.04842880660891,1.220758183063936],[33.04073706311135,1.232720374539724],[33.03389995853462,1.239128669216143],[32.984758266620304,1.238701449918665],[32.9757845660377,1.2314387139308],[32.92614882785176,1.232258949381162],[32.93351416490577,1.220194249869735],[32.93515507009067,1.21335868650641],[32.943359596055814,1.204609140462821],[32.944180048491546,1.134064915616648],[32.93488158589895,1.116291870547002],[32.93488158589895,1.107268591009415],[32.918472533982424,1.079925152887142],[32.919378450134275,0.979794848081895],[32.924933598174505,0.964840834389463],[32.92621555535544,0.960140987939837],[32.93604389374303,0.949032234341246],[32.936471212474714,0.946468670313891],[32.961683037286434,0.916560289720223],[32.98053075634699,0.89655159055527],[32.996295881249125,0.879815366906598],[33.01082472901544,0.887506195223409],[33.03817314911964,0.88793346263418],[33.053983954393175,0.88109717272954],[33.0719313549269,0.878960829446441],[33.08090505497097,0.872979061471653],[33.093724626726384,0.864006392520309],[33.10098905090092,0.872551792347565],[33.11167202736368,0.887506195223409],[33.11765449438178,0.879388098201048],[33.13602921387866,0.857597330025897],[33.15696784793198,0.828115505310166],[33.17277865316396,0.84520644532455],[33.199272434904344,0.866997284561762],[33.208673453825895,0.861442768276618],[33.215083239703574,0.849906441053861],[33.21636519731743,0.826833681819608],[33.2232023021748,0.819142732504361],[33.22277498322234,0.811879044017587],[33.23217600254941,0.787096951514854],[33.24166194614611,0.773379939843608],[33.25841339285353,0.790891184995132],[33.26388307665292,0.79718071716627],[33.27427547596932,0.812220864611618],[33.27564289736591,0.831089334211015],[33.28439439128209,0.837105348923728],[33.28490854201476,0.852889140267507],[33.273356569465534,0.871090188455071],[33.28438345235338,0.887716069151963],[33.28648381064903,0.900141679035869],[33.291559677381656,0.907492018847904],[33.29219678651407,0.923781720776731],[33.29401009614452,0.988519757720724]]]}},{"type":"Feature","id":"gb:47994165B31542685200678","properties":{"id":"gb:47994165B31542685200678","name":"Buzaaya","parentId":"gb:17295835B57878138064711","level":"ADM2","countryCode":"UG"},"geometry":{"type":"Polygon","coordinates":[[[33.24166194614611,0.773379939843608],[33.23217600254941,0.787096951514854],[33.22277498322234,0.811879044017587],[33.2232023021748,0.819142732504361],[33.21636519731743,0.826833681819608],[33.215083239703574,0.849906441053861],[33.208673453825895,0.861442768276618],[33.199272434904344,0.866997284561762],[33.17277865316396,0.84520644532455],[33.15696784793198,0.828115505310166],[33.13602921387866,0.857597330025897],[33.11765449438178,0.879388098201048],[33.11167202736368,0.887506195223409],[33.10098905090092,0.872551792347565],[33.093724626726384,0.864006392520309],[33.08090505497097,0.872979061471653],[33.0719313549269,0.878960829446441],[33.053983954393175,0.88109717272954],[33.03817314911964,0.88793346263418],[33.01082472901544,0.887506195223409],[32.996295881249125,0.879815366906598],[32.99715051896334,0.864006392520309],[33.00441494339532,0.850333712731981],[33.00526958143439,0.846915535393805],[33.0146706008432,0.832815521224575],[33.0146706008432,0.812733596248847],[33.02278966298934,0.799060738981154],[33.02449893906754,0.793933405776386],[33.033472639497575,0.780260486091549],[33.03475459667851,0.765305679382152],[33.04116438258342,0.753341796424024],[33.04244633970484,0.673012042847233],[33.04619324212692,0.663377800704562],[33.04842880660891,0.657629594021046],[33.0680854832155,0.657202302816358],[33.074495269093404,0.661475210463777],[33.08774216015911,0.678139515277906],[33.10868079377451,0.670021014697625],[33.12961942800098,0.668739145187715],[33.13602921387866,0.670448305058585],[33.1381658091712,0.681985116258488],[33.1385931283379,0.687539866970326],[33.17448792914479,0.688394443795971],[33.18346162967214,0.694376474772525],[33.19969975395645,0.680703249005774],[33.21831717403638,0.680057588342731],[33.215083239703574,0.684548847942835],[33.21465592100441,0.706340514994508],[33.20910077329171,0.717022666965136],[33.21337396389504,0.723004661438551],[33.21422860201568,0.730268501268654],[33.222347663878,0.740950597219523],[33.22477483631718,0.754794555649994],[33.240363435745394,0.772022530506661],[33.24166194614611,0.773379939843608]]]}},{"type":"Feature","id":"gb:47994165B42239206569952","properties":{"id":"gb:47994165B42239206569952","name":"Bbaale","parentId":"gb:17295835B48340970483027","level":"ADM2","countryCode":"UG"},"geometry":{"type":"Polygon","coordinates":[[[32.67783037433554,1.449752739315443],[32.681228196202255,1.417352866637316],[32.68523431277248,1.397995815600552],[32.72329241658292,1.386648504307857],[32.737981509166275,1.382643557590825],[32.745993741288885,1.370628678290302],[32.75734440406137,1.341926222402492],[32.76936275277427,1.311888408471589],[32.77069812483785,1.303210750220217],[32.78071341501777,1.291195482033459],[32.77737498515546,1.249809125765523],[32.78672258960006,1.237126078650931],[32.78672258960006,1.136327126049139],[32.776707298956524,1.125646230379004],[32.77871035698706,1.10294919891885],[32.767359694679044,1.09026548778894],[32.77003043855484,0.954079244680884],[32.77871035698706,0.938724560807145],[32.77964511766339,0.884515319432978],[32.78340219853797,0.87633910048476],[32.786909541688885,0.868706364729064],[32.786909541688885,0.859306414283481],[32.79887447537823,0.846915535214407],[32.79887447537823,0.838797351551136],[32.804856942222614,0.829824602652764],[32.80870281361979,0.819570007510322],[32.816821875911955,0.809742662649569],[32.82835949054066,0.804615342778504],[32.85314399603959,0.787096951514854],[32.87322799187507,0.780687765506968],[32.902285687793665,0.773851289616516],[32.927070193476254,0.777269528969782],[32.944162955889226,0.792224293233176],[32.964246951278085,0.810169938809622],[32.964674270785,0.817860905833072],[32.97450260904185,0.828970054149522],[32.980485076016976,0.846060990363526],[32.98053075634699,0.89655159055527],[32.961683037286434,0.916560289720223],[32.936471212474714,0.946468670313891],[32.93604389374303,0.949032234341246],[32.92621555535544,0.960140987939837],[32.924933598174505,0.964840834389463],[32.919378450134275,0.979794848081895],[32.918472533982424,1.079925152887142],[32.93488158589895,1.107268591009415],[32.93488158589895,1.116291870547002],[32.944180048491546,1.134064915616648],[32.943359596055814,1.204609140462821],[32.93515507009067,1.21335868650641],[32.93351416490577,1.220194249869735],[32.92614882785176,1.232258949381162],[32.92407896005392,1.232293154184447],[32.92194236475234,1.235710913833088],[32.91766917414901,1.245109730154923],[32.91510525954908,1.252799646122014],[32.90826815482171,1.265188906983326],[32.9048496023392,1.281423021554758],[32.88732952074571,1.31389094053884],[32.86895480127174,1.337387198583826],[32.85698986758257,1.333969574963646],[32.85485327228082,1.315599766977073],[32.84801616718278,1.315172560153201],[32.8296414477216,1.338668806215082],[32.8296414477216,1.359174436771639],[32.81938579008272,1.374553545301751],[32.82109506651511,1.416845580683457],[32.81254868530863,1.433933053935448],[32.80504823527872,1.490023815363315],[32.78220903181244,1.484340351408036],[32.735631254074974,1.465544542096779],[32.68691688157253,1.454010671890842],[32.67783037433554,1.449752739315443]]]}},{"type":"Feature","id":"gb:47994165B60619713855646","properties":{"id":"gb:47994165B60619713855646","name":"Ntenjeru","parentId":"gb:17295835B48340970483027","level":"ADM2","countryCode":"UG"},"geometry":{"type":"Polygon","coordinates":[[[32.98053075634699,0.89655159055527],[32.980485076016976,0.846060990363526],[32.97450260904185,0.828970054149522],[32.964674270785,0.817860905833072],[32.964246951278085,0.810169938809622],[32.944162955889226,0.792224293233176],[32.927070193476254,0.777269528969782],[32.902285687793665,0.773851289616516],[32.87322799187507,0.780687765506968],[32.85314399603959,0.787096951514854],[32.82835949054066,0.804615342778504],[32.816821875911955,0.809742662649569],[32.81536899110682,0.783234349921599],[32.8339659166121,0.761631061714354],[32.85475071559523,0.7340115104397],[32.870612799225796,0.700922517479171],[32.86924537823262,0.679865763055318],[32.880184745878864,0.674396461196068],[32.88538094553695,0.674396461196068],[32.91765208129601,0.652519191679232],[32.95441861311201,0.599944996797205],[32.964674270785,0.579434768730493],[32.97450260904185,0.566188540183759],[32.977455173987636,0.562830878080702],[32.996295881249125,0.541405192302989],[33.015525238963846,0.530295382637519],[33.03902778728184,0.511066819030759],[33.05868446374865,0.514057933094705],[33.07834114083181,0.53414108826081],[33.07876845967843,0.545250890949092],[33.0680854832155,0.555078776010419],[33.0571290226772,0.574307199911743],[33.05111237018275,0.575127611264804],[33.05029191727414,0.581964367284456],[33.042087391753626,0.603841931982231],[33.04071997076068,0.625719408281441],[33.03224196047256,0.634470373330032],[33.03251544447602,0.651151859254696],[33.04619324212692,0.663377800704562],[33.04244633970484,0.673012042847233],[33.04116438258342,0.753341796424024],[33.03475459667851,0.765305679382152],[33.033472639497575,0.780260486091549],[33.02449893906754,0.793933405776386],[33.02278966298934,0.799060738981154],[33.0146706008432,0.812733596248847],[33.0146706008432,0.832815521224575],[33.00526958143439,0.846915535393805],[32.99715051896334,0.864006392520309],[32.996295881249125,0.879815366906598],[32.98053075634699,0.89655159055527]]]}},{"type":"Feature","id":"gb:47994165B79895845203755","properties":{"id":"gb:47994165B79895845203755","name":"Buruli","parentId":"gb:17295835B48340970483027","level":"ADM2","countryCode":"UG"},"geometry":{"type":"Polygon","coordinates":[[[32.19266760620633,1.686998797379033],[32.17797851368232,1.686998797379033],[32.17558433366844,1.687666194176416],[32.15421838074275,1.687666194176416],[32.15308854535539,1.687460746988791],[32.15113571187044,1.686381603637415],[32.147150399256475,1.686331401250811],[32.14507631307828,1.68440020675331],[32.14247659688556,1.684329209697296],[32.13941473146036,1.681659617459843],[32.139067138792484,1.680672263147073],[32.13475367859951,1.67868280949034],[32.13239027847487,1.678164604439871],[32.131564506906045,1.677655222707358],[32.12504573202813,1.677497204940153],[32.120881530443285,1.674985621351198],[32.1182570885166,1.674873885685315],[32.11091369110005,1.669646407732955],[32.10961072340791,1.669568211158435],[32.1086664727718,1.668624361152979],[32.1064018962972,1.66764419910902],[32.09718425172588,1.658481789340499],[32.08940913782061,1.655630904512407],[32.08026199321771,1.655967623174846],[32.07992017347408,1.639126312448127],[32.07969649656172,1.628105769981971],[32.071491970890065,1.618811039427897],[32.07176545507275,1.611976651747057],[32.064381381590806,1.602955224971311],[32.05371549798036,1.599948073605333],[32.04633142461802,1.592566865735705],[32.04496400362484,1.586552528659524],[32.03867386705679,1.574797183036367],[32.036212509269376,1.567415885585262],[32.01925648868831,1.546638760859651],[31.99245503748932,1.546638760859651],[31.97686643817127,1.529962237139102],[31.97522553269772,1.523674334031057],[31.958542996811673,1.501529832814128],[31.958002072313395,1.491255771179635],[31.957996028467278,1.491140977252371],[31.966474038300476,1.487313491857606],[31.97659295361325,1.480205286530691],[31.9872588377184,1.477471355631963],[31.996830784238796,1.467082387107553],[32.00886408937214,1.468175965158593],[32.02007694155151,1.460247512719661],[32.026093593920905,1.455052994436073],[32.04168219313783,1.452319032604578],[32.09294338771832,1.417272769057377],[32.12285572194122,1.402321129256961],[32.1429397177767,1.384806229800347],[32.16430567079294,1.358320038956549],[32.18866285723158,1.339950413176439],[32.22113910546875,1.308337247354928],[32.240368463101674,1.294666565086402],[32.259597821245734,1.278432534457693],[32.27626326437627,1.275014830992347],[32.30916683206152,1.255790162978599],[32.33224206150129,1.239128669084153],[32.34377967613011,1.220330960958051],[32.3420703997466,1.181880696450264],[32.35318069545741,1.147702236078317],[32.36600026726717,1.142148197369238],[32.38779353918727,1.126340490412645],[32.40146774923937,1.106260306325964],[32.41300536390304,1.088743438854578],[32.41984246857584,1.071226469889439],[32.43736255034162,1.055845633794206],[32.4553099508754,1.041319218820377],[32.474111989186724,1.015684206504432],[32.471548075167846,0.999875846637622],[32.49932381399839,0.976804050514772],[32.5249629575091,0.966549867525828],[32.545046953438884,0.959713728910799],[32.554020653810994,0.966977126085908],[32.551884058509245,1.000303100603503],[32.54632891043491,1.01824771663712],[32.554785040360116,1.041406416140319],[32.55615724911257,1.045164452866572],[32.560857758776194,1.090025164324118],[32.5809417546115,1.121640884942167],[32.611708726955044,1.152401798871097],[32.628374170307836,1.153683496470364],[32.63820250869526,1.142575431497846],[32.639911784608614,1.1224953590891],[32.66683288573722,1.089597922561666],[32.767359694679044,1.09026548778894],[32.77871035698706,1.10294919891885],[32.776707298956524,1.125646230379004],[32.78672258960006,1.136327126049139],[32.78672258960006,1.237126078650931],[32.77737498515546,1.249809125765523],[32.78071341501777,1.291195482033459],[32.77069812483785,1.303210750220217],[32.76936275277427,1.311888408471589],[32.75734440406137,1.341926222402492],[32.745993741288885,1.370628678290302],[32.737981509166275,1.382643557590825],[32.72329241658292,1.386648504307857],[32.68523431277248,1.397995815600552],[32.681228196202255,1.417352866637316],[32.67783037433554,1.449752739315443],[32.65956846171167,1.441195191527697],[32.620682426975634,1.44632139251388],[32.5826510304085,1.482204472035846],[32.56567791737558,1.514105749933037],[32.541611308007305,1.538710593977157],[32.52027954046963,1.521487232678226],[32.49539247873412,1.544725068047967],[32.46941147986627,1.559214413460495],[32.445891838540945,1.578624511789144],[32.42920930265467,1.587099287154331],[32.401313914412526,1.596120783943604],[32.36138522129926,1.600768206152793],[32.34853146408096,1.612250027639107],[32.324464854603434,1.6259187782357],[32.31252531041366,1.652363933988397],[32.31133091752349,1.652960882429113],[32.30881788505337,1.653628681615942],[32.308150198773035,1.654296089077832],[32.30430170200981,1.654963496987762],[32.30018102911947,1.656965718653396],[32.29864410038317,1.659824829455886],[32.29778684917642,1.660302750377923],[32.29522445600202,1.660970155675898],[32.28996418197033,1.661051335773379],[32.275099986335135,1.664394694861983],[32.252707861981605,1.672983418171441],[32.24870174592036,1.672983418171441],[32.24803406014149,1.672316016436298],[32.245363316014505,1.672316016436298],[32.23388750187053,1.674318220362352],[32.220787620749206,1.678727347509835],[32.2110862504652,1.684996606511902],[32.195152765460364,1.685087546977513],[32.19266760620633,1.686998797379033]]]}},{"type":"Feature","id":"gb:47994165B14290887607301","properties":{"id":"gb:47994165B14290887607301","name":"Kibanda","parentId":"gb:17295835B91329899113986","level":"ADM2","countryCode":"UG"},"geometry":{"type":"Polygon","coordinates":[[[32.07962375637982,1.663620458441756],[32.0820989401617,1.666762000985557],[32.08323875135625,1.667233926367885],[32.084316884187956,1.669457150615585],[32.084984570219774,1.670124553123117],[32.085990499480715,1.67065191025614],[32.08765531395903,1.673576070504168],[32.08874224756596,1.674069887571193],[32.091661430537386,1.679144287950578],[32.09232911632989,1.681656331939905],[32.09433217436066,1.685775225663235],[32.09433217436066,1.695118762247319],[32.093141214008085,1.697388418125342],[32.092996802600965,1.700023912827987],[32.09523774533727,1.700799269929519],[32.09566754672801,1.701868538476333],[32.09454551572691,1.73192709728329],[32.095025005910486,1.734383376149253],[32.09714262081809,1.73705289486378],[32.09824151401813,1.737623542258575],[32.09953680021607,1.739055031287762],[32.100714553107764,1.741057165861434],[32.10177336056154,1.741724543534531],[32.103679779102436,1.744605149986057],[32.103679779102436,1.75928737699428],[32.10389097546897,1.760411022080973],[32.10434746514079,1.761289489455351],[32.10501515082336,1.761956859610223],[32.10522634744177,1.763080503757521],[32.10830735866057,1.767038519051027],[32.110958957207174,1.767084718984847],[32.112160251401974,1.767652411913275],[32.113472082044495,1.76775208751593],[32.115030441649026,1.769254877304945],[32.115866261364886,1.769754191307129],[32.122266557269484,1.770421558664964],[32.123710360061864,1.77164791390453],[32.1249373013967,1.771756292798159],[32.12771647625243,1.774317379441186],[32.128943417587095,1.774425758178609],[32.129051848089546,1.77565211112119],[32.13027878956245,1.775760489299785],[32.13267296916791,1.777762584485117],[32.13392554267915,1.779297109536458],[32.13506102218139,1.779770800675749],[32.1377317665216,1.782950073926145],[32.14048451977908,1.785103581112367],[32.151091633598014,1.79111187731678],[32.15587465298694,1.793411231910795],[32.15709853849256,1.793779266596914],[32.15843277479587,1.793782006205618],[32.16046853240124,1.795465374846174],[32.161729278236066,1.795781342027283],[32.16268500588882,1.796697433885299],[32.172827549588646,1.802309194794645],[32.17676317664615,1.802607645255591],[32.17797700271586,1.803122266079413],[32.202013699981876,1.803122266079413],[32.203164997841384,1.803306249710772],[32.20624246681814,1.804863499964313],[32.208919673900084,1.80712639499103],[32.209841858158995,1.807539377084709],[32.211177230040505,1.808874084416914],[32.21488522670012,1.809313146128545],[32.21610660115482,1.809795808489639],[32.22411883343568,1.809795808164552],[32.22738240926981,1.810643785158788],[32.229204753214674,1.812167806501009],[32.22957487860225,1.813132570285745],[32.23174609405169,1.814337935005426],[32.232751300963514,1.815134624411428],[32.24389384573874,1.820634010379024],[32.24447957964327,1.821726211340888],[32.24644869203553,1.823810166639532],[32.253793237949026,1.824477514709997],[32.2590738549892,1.827725909573871],[32.26211485573663,1.830483632208313],[32.26319799602942,1.831092262727964],[32.26459211235476,1.832793553604859],[32.26635008555161,1.835822386782183],[32.267561680375934,1.840125112361022],[32.26850593101216,1.841068875814187],[32.26859822895392,1.842365346557244],[32.27126897275639,1.8462074632439],[32.271936659066,1.846874802834577],[32.27393971709654,1.847933059893137],[32.27742886147939,1.851989190044151],[32.278550096611866,1.852505892238071],[32.279040797742596,1.853600284207687],[32.279281205462155,1.854835429007096],[32.27994889118855,1.855502765152551],[32.28018060950512,1.856741506101287],[32.28301336142971,1.860907436758282],[32.284235255453325,1.861181252474694],[32.28557062728834,1.861181252885558],[32.287573685318876,1.860513918687843],[32.30493352218343,1.860513918687843],[32.30985877737538,1.862470614583287],[32.31919902581336,1.862515919625537],[32.323987384942654,1.865185250969546],[32.3240161696591,1.866491145230043],[32.32627543888702,1.868777983726375],[32.326747563755816,1.86991718830933],[32.33022567255108,1.873860549165272],[32.33069302990765,1.87472809959587],[32.33136071593941,1.883403350489004],[32.33136071593941,1.928780877492159],[32.33356410313104,1.937255641434717],[32.335366832130035,1.939457767839656],[32.33623484725808,1.939924856983396],[32.33895247136303,1.942420900117327],[32.33965236669496,1.943540628152618],[32.342043692447646,1.944606210274856],[32.34265004981836,1.94556627937925],[32.34554235957381,1.948252767693759],[32.347579353260755,1.95165709626707],[32.34805286673344,1.952879977223972],[32.34938823864604,1.957274655130846],[32.34938823864604,1.95994383916269],[32.350055924828666,1.960611134236331],[32.34591627143169,1.969125798750724],[32.34591627143169,1.970209850204526],[32.34548895203511,1.971491048969028],[32.34548895203511,1.972345181159028],[32.345061633311104,1.973022416232027],[32.345061633311104,1.974730678248875],[32.344634314250925,1.975157743478803],[32.34461058829072,1.976006276000362],[32.344228382129586,1.976770233165666],[32.34348535824381,1.977173585714866],[32.34303665187008,1.977871081054559],[32.3423720357527,1.978219784065402],[32.341767715106585,1.978823744524448],[32.3403611236476,1.979525461809999],[32.33995276788971,1.980210544062402],[32.33910598492241,1.980229496492086],[32.338678665762586,1.980656560524949],[32.33794133127242,1.980939587893943],[32.33732339232125,1.981510687605635],[32.3352199037937,1.982805260840223],[32.33010546619971,1.98745059910874],[32.328285739135424,1.988770751486413],[32.327541551397815,1.9897352587368],[32.32700378211325,1.990051936334908],[32.32625959440196,1.9912666094055],[32.324977637406164,1.992797958651124],[32.32412299910948,1.996464605295046],[32.32412299910948,2.003297546281374],[32.32625959440196,2.008293875364643],[32.32625959440196,2.009147988489076],[32.32656524305804,2.009696640202264],[32.3266869137172,2.01042915665596],[32.32725902848608,2.023934139858682],[32.33388833190486,2.03394421329989],[32.334487951035726,2.035538261992258],[32.33563456811561,2.037830048028752],[32.33566061386904,2.038678000520974],[32.33694555596651,2.040880394276883],[32.33993380445406,2.050053517689037],[32.33953280729094,2.0575525359979],[32.33993380445406,2.05824063172571],[32.33993380445406,2.059094718411529],[32.3403611236476,2.060626002749075],[32.3403611236476,2.064896424319215],[32.34121576144992,2.067257049939542],[32.34121576144992,2.068111131783326],[32.3420703997466,2.07039567831697],[32.34211157481246,2.072086793456492],[32.342497718949176,2.07278103104619],[32.342925038009525,2.074388377731282],[32.342925038009525,2.077804686256229],[32.3424670488003,2.080159378165945],[32.3420703997466,2.080617065789227],[32.342048712619146,2.081462163194089],[32.3415174192379,2.082118684381555],[32.34121576144992,2.082901593354052],[32.33993380445406,2.085009233451501],[32.33993380445406,2.086717377485741],[32.34105311517959,2.089920629784331],[32.34121576144992,2.091602391765207],[32.341458505988896,2.092417094827056],[32.34377967613011,2.098452448509647],[32.325558791397896,2.109727173949125],[32.32544668824022,2.109727174287684],[32.324738338790894,2.110659097352993],[32.324464854603434,2.111478992828438],[32.32438558565008,2.111992777936393],[32.32394728504664,2.112947997768515],[32.323349772431925,2.119313733952197],[32.32309743361026,2.119755877227419],[32.3227587784761,2.141559763148223],[32.314072455056305,2.166298991554299],[32.31297851826179,2.19280760809778],[32.289530819513516,2.227715811476003],[32.28883510323425,2.228214472039838],[32.288542558524,2.228655428463242],[32.28806131870283,2.228910923458329],[32.286703297758606,2.230530832638465],[32.286214074356735,2.230775258532788],[32.281527835421684,2.23621194459696],[32.279533659991955,2.2371588301163],[32.27787914223126,2.238992033644081],[32.273964709126176,2.241420057424875],[32.27223506682691,2.243091159722326],[32.272040016527626,2.243553644886276],[32.27168240427187,2.243952179472899],[32.271645528557144,2.244475956006909],[32.2711563051551,2.24472037957679],[32.27090125896024,2.245745349127276],[32.270041499080264,2.246715979476903],[32.26848768861419,2.249835981984461],[32.26353913019,2.253981301315264],[32.261721101198304,2.256481555330311],[32.26099357361596,2.25707395843159],[32.260504350213864,2.258051645809758],[32.25901462331615,2.25938915398757],[32.258281678350954,2.260807210307235],[32.25783425086411,2.261077442978717],[32.257317045391346,2.262508395466227],[32.255324998459116,2.265669565844291],[32.25488742189765,2.265965593207795],[32.25438682901034,2.267751688945623],[32.252921825031024,2.270636401277216],[32.25226546295437,2.271510863308151],[32.251830055859955,2.272492612021438],[32.251098632558126,2.273295859088876],[32.25082869295875,2.273766455951659],[32.24966839777045,2.27492583713348],[32.24843624704147,2.276650695837532],[32.246992950480774,2.277052636922576],[32.20516805593678,2.272874588719844],[32.17445449828102,2.248189430511843],[32.14307325498305,2.2468550858149],[32.10902126736323,2.259531312142371],[32.09633523239137,2.268204456052615],[32.07496927946556,2.274208909555],[32.05694175688592,2.292222120494444],[32.04225266376733,2.299560770882579],[32.02556051321278,2.295557875323766],[32.01153910672622,2.295557875465533],[31.982828607360375,2.325579318521477],[31.952115049693816,2.344259006031336],[31.910050829898637,2.376947857036043],[31.819245529579064,2.38161763000204],[31.815907099118817,2.384953172695134],[31.793873460372254,2.370943840012956],[31.779184367359335,2.363605561969564],[31.75715072862539,2.345593259500276],[31.748470810212552,2.322243634022527],[31.751088139307,2.095959684838931],[31.745532991672803,2.081867527108443],[31.758779882180534,2.048558290980338],[31.77117213523678,2.031049310869605],[31.76518966805827,2.022508276266819],[31.764762349359103,2.001582551496256],[31.781855111699713,1.990478997608534],[31.80065715045498,1.984500129681578],[31.83014216561753,1.978094175768661],[31.857490585236235,1.975104722560275],[31.88099313345441,1.968271664997133],[31.893812705209882,1.958449096664594],[31.89454769419899,1.935353022031848],[31.903572672599864,1.919226581921293],[31.904940093515222,1.902279990051397],[31.894000725992612,1.887793254651172],[31.89427421019127,1.856906040079195],[31.89700905202625,1.829571771426913],[31.892633304999663,1.819731332291212],[31.903047583061777,1.802510434584235],[31.90514794192802,1.759473883609587],[31.913724406064773,1.750901443433008],[31.915824765041634,1.700690652884418],[31.903572672599864,1.695092155915461],[31.90654818102479,1.68249547757523],[31.914949615585954,1.672872959916276],[31.948730383654492,1.671298362059702],[31.95772254390306,1.662823939992904],[31.97030281704326,1.662823939992904],[31.97713992236993,1.642867900341514],[31.984250511098594,1.636306966580833],[32.00859060520986,1.634393357171405],[32.02691404617366,1.645328244460018],[32.04086174022922,1.634393357393606],[32.058364729024106,1.637127084758276],[32.07992017347408,1.639126312448127],[32.08026199321771,1.655967623174846],[32.07830770990216,1.656547442170051],[32.07830770990216,1.66055188003935],[32.07897539552698,1.662554095538383],[32.07962375637982,1.663620458441756]]]}},{"type":"Feature","id":"gb:47994165B39129884067999","properties":{"id":"gb:47994165B39129884067999","name":"Buruuli","parentId":"gb:17295835B91329899113986","level":"ADM2","countryCode":"UG"},"geometry":{"type":"Polygon","coordinates":[[[32.07992017347408,1.639126312448127],[32.058364729024106,1.637127084758276],[32.04086174022922,1.634393357393606],[32.02691404617366,1.645328244460018],[32.00859060520986,1.634393357171405],[31.984250511098594,1.636306966580833],[31.97713992236993,1.642867900341514],[31.97030281704326,1.662823939992904],[31.95772254390306,1.662823939992904],[31.948730383654492,1.671298362059702],[31.914949615585954,1.672872959916276],[31.90654818102479,1.68249547757523],[31.903572672599864,1.695092155915461],[31.915824765041634,1.700690652884418],[31.913724406064773,1.750901443433008],[31.90514794192802,1.759473883609587],[31.903047583061777,1.802510434584235],[31.892633304999663,1.819731332291212],[31.89700905202625,1.829571771426913],[31.89427421019127,1.856906040079195],[31.894000725992612,1.887793254651172],[31.904940093515222,1.902279990051397],[31.903572672599864,1.919226581921293],[31.89454769419899,1.935353022031848],[31.893812705209882,1.958449096664594],[31.88099313345441,1.968271664997133],[31.857490585236235,1.975104722560275],[31.83014216561753,1.978094175768661],[31.80065715045498,1.984500129681578],[31.781855111699713,1.990478997608534],[31.764762349359103,2.001582551496256],[31.76518966805827,2.022508276266819],[31.77117213523678,2.031049310869605],[31.758779882180534,2.048558290980338],[31.745532991672803,2.081867527108443],[31.728440229259718,2.074180842310966],[31.722885081475454,2.074607881336419],[31.711347466846632,2.06649412016526],[31.70579231906237,2.066067078953779],[31.702373766277162,2.057953274574459],[31.69169078981423,2.053682834415099],[31.679298537322154,2.040444396989869],[31.677161942020575,1.973823526079116],[31.67032483688854,1.953751325595022],[31.66006917960749,1.931116429720248],[31.659641860425836,1.853386776599109],[31.65536866984064,1.848261622885559],[31.66733360329937,1.831177671157434],[31.66646187274995,1.821371409202129],[31.660718704194494,1.821644755570219],[31.65169372579362,1.812897662775981],[31.65196720979702,1.802510434584235],[31.64130132647756,1.791303096244917],[31.642121779073705,1.786656131411178],[31.653608115415352,1.779275633018642],[31.683691377262278,1.775448696291505],[31.694630744872086,1.763421129078381],[31.694630744872086,1.750026702297703],[31.684785314056796,1.733351873108802],[31.673025493331238,1.719683871396512],[31.660445220191036,1.70738258557077],[31.650873273429227,1.704922318773185],[31.641027842279243,1.698908320545456],[31.6344642215127,1.690434018551286],[31.62516575859803,1.686880267561776],[31.618328653794663,1.682233045916064],[31.635284673910803,1.672118465772655],[31.645950557854178,1.669111418062641],[31.665624327391527,1.655203763797431],[31.675025346718826,1.655630904512407],[31.69169078981423,1.645379501849277],[31.704510361569646,1.62829371415296],[31.72032116691446,1.610780631823559],[31.74596031042529,1.611634931327444],[31.756215968180868,1.599674696009004],[31.756215968180868,1.591985936214655],[31.74596031042529,1.584297148028099],[31.719893848053232,1.584724303409189],[31.705364999866333,1.558667647906816],[31.696818618696113,1.549270085914543],[31.70878355215484,1.539872482233534],[31.718611890872126,1.534746499071332],[31.731004143377163,1.530902003331448],[31.739550524547383,1.52278582443023],[31.733140738669874,1.514669614067941],[31.723739719202797,1.506980545146462],[31.725021676777033,1.488612103629521],[31.714766019329318,1.477932706737533],[31.707501595158988,1.454865034783097],[31.699809852217754,1.442049559136024],[31.695963980399426,1.403602702471971],[31.67032483688854,1.371135974285039],[31.66904287987427,1.358320038956549],[31.68656296093252,1.357465640648911],[31.69852789503682,1.348921643094457],[31.72203044335481,1.347640040840474],[31.725448995796285,1.342940827220616],[31.744678353429265,1.341232019525137],[31.78655562146406,1.374126349430753],[31.8045030216212,1.373699152781114],[31.81112017442399,1.375943611946525],[31.82843288937613,1.38181586813181],[31.839543184598938,1.384806229853098],[31.85321739465104,1.401466747286463],[31.852790075814767,1.40872898664071],[31.863045732817284,1.43136994125706],[31.890821472183802,1.445039843238135],[31.91560597768273,1.462127105195634],[31.9348353353663,1.468534795214055],[31.93568997351821,1.477932706737533],[31.95107345941011,1.484767526675853],[31.958002072313395,1.491255771179635],[31.958542996811673,1.501529832814128],[31.97522553269772,1.523674334031057],[31.97686643817127,1.529962237139102],[31.99245503748932,1.546638760859651],[32.01925648868831,1.546638760859651],[32.036212509269376,1.567415885585262],[32.03867386705679,1.574797183036367],[32.04496400362484,1.586552528659524],[32.04633142461802,1.592566865735705],[32.05371549798036,1.599948073605333],[32.064381381590806,1.602955224971311],[32.07176545507275,1.611976651747057],[32.071491970890065,1.618811039427897],[32.07969649656172,1.628105769981971],[32.07992017347408,1.639126312448127]]]}},{"type":"Feature","id":"gb:47994165B50691253396030","properties":{"id":"gb:47994165B50691253396030","name":"Bujenje","parentId":"gb:17295835B91329899113986","level":"ADM2","countryCode":"UG"},"geometry":{"type":"Polygon","coordinates":[[[31.618328653794663,1.682233045916064],[31.60055218088513,1.700275139970927],[31.593441591721273,1.731438358734295],[31.59125371792038,1.756313894448738],[31.583596160434865,1.776542107823843],[31.57539163461314,1.777088813002933],[31.554333351320167,1.766154674144218],[31.55488031941536,1.751393484917742],[31.52479705748044,1.748933275304807],[31.51659253191218,1.742646058237142],[31.51194330033684,1.725697803734192],[31.501824385024065,1.716130174622151],[31.45150329246343,1.713669919209053],[31.441657861154113,1.721050675948675],[31.41567686262539,1.698908320545456],[31.400259190829956,1.698771638168182],[31.38786693777371,1.707314244249915],[31.377611280731514,1.715856812821357],[31.367782942343922,1.720555209054851],[31.366500984848017,1.694500320949885],[31.357954603677797,1.682540582880108],[31.35838192301668,1.654349482091391],[31.355390689594458,1.632565174815284],[31.352399456096748,1.630429445566904],[31.387012300058586,1.629575153361031],[31.39769527656682,1.627866567679234],[31.41350608179897,1.638118059996998],[31.434017396694628,1.630429445658422],[31.4434184160217,1.624022244603339],[31.460938497318523,1.606509125343166],[31.4605282708643,1.572063372018647],[31.452323745239028,1.559214413460495],[31.46189569177966,1.551012908949986],[31.4624426605875,1.541444447787342],[31.47693732274729,1.539530749983783],[31.491158501441475,1.53078239708617],[31.50510619557059,1.529142076878372],[31.516319047713523,1.522854171146946],[31.52425008947324,1.522034008175808],[31.54202656227187,1.501803222893102],[31.55870909815809,1.476924569378184],[31.570742403236693,1.467082386901154],[31.59234765483228,1.46052090848633],[31.59098023391698,1.445757510997623],[31.584143128968606,1.417870832648191],[31.592074170728154,1.408028395090071],[31.593168107522615,1.375493376790871],[31.603560507056955,1.367564607516272],[31.62215743257525,1.365924168867537],[31.637472547697314,1.357995367707758],[31.66904287987427,1.358320038956549],[31.67032483688854,1.371135974285039],[31.695963980399426,1.403602702471971],[31.699809852217754,1.442049559136024],[31.707501595158988,1.454865034783097],[31.714766019329318,1.477932706737533],[31.725021676777033,1.488612103629521],[31.723739719202797,1.506980545146462],[31.733140738669874,1.514669614067941],[31.739550524547383,1.52278582443023],[31.731004143377163,1.530902003331448],[31.718611890872126,1.534746499071332],[31.70878355215484,1.539872482233534],[31.696818618696113,1.549270085914543],[31.705364999866333,1.558667647906816],[31.719893848053232,1.584724303409189],[31.74596031042529,1.584297148028099],[31.756215968180868,1.591985936214655],[31.756215968180868,1.599674696009004],[31.74596031042529,1.611634931327444],[31.72032116691446,1.610780631823559],[31.704510361569646,1.62829371415296],[31.69169078981423,1.645379501849277],[31.675025346718826,1.655630904512407],[31.665624327391527,1.655203763797431],[31.645950557854178,1.669111418062641],[31.635284673910803,1.672118465772655],[31.618328653794663,1.682233045916064]]]}},{"type":"Feature","id":"gb:47994165B54861886476760","properties":{"id":"gb:47994165B54861886476760","name":"Buliisa","parentId":"gb:17295835B91329899113986","level":"ADM2","countryCode":"UG"},"geometry":{"type":"Polygon","coordinates":[[[31.350360046801654,2.251803940105162],[31.355390689594458,2.22150230367015],[31.36265511361995,2.212962320927659],[31.361373156439015,2.199725250537256],[31.370774175766144,2.186915070563941],[31.370774175766144,2.180936949107434],[31.380602514153736,2.169407647845617],[31.380602514153736,2.146348782134396],[31.37205613294725,2.145067723806847],[31.373338090128186,2.116884170302569],[31.39000353348098,2.091262313161565],[31.379908120680682,2.016662979898285],[31.379908120680682,1.983299015210775],[31.393261841315905,1.95393816937883],[31.391258783220678,1.934586421679967],[31.383246550839488,1.914567140035444],[31.375902004490058,1.885872429196752],[31.362548283854835,1.859846584382012],[31.341182330838592,1.839826442251422],[31.31046877337758,1.851838554651124],[31.309133401314114,1.821808122138293],[31.31743718902955,1.812915630152038],[31.337176214525073,1.791777189231993],[31.34051464480683,1.771756292798159],[31.35787448163262,1.73037909101771],[31.367782942343922,1.720555209054851],[31.377611280731514,1.715856812821357],[31.38786693777371,1.707314244249915],[31.400259190829956,1.698771638168182],[31.41567686262539,1.698908320545456],[31.441657861154113,1.721050675948675],[31.45150329246343,1.713669919209053],[31.501824385024065,1.716130174622151],[31.51194330033684,1.725697803734192],[31.51659253191218,1.742646058237142],[31.52479705748044,1.748933275304807],[31.55488031941536,1.751393484917742],[31.554333351320167,1.766154674144218],[31.57539163461314,1.777088813002933],[31.583596160434865,1.776542107823843],[31.59125371792038,1.756313894448738],[31.593441591721273,1.731438358734295],[31.60055218088513,1.700275139970927],[31.618328653794663,1.682233045916064],[31.62516575859803,1.686880267561776],[31.6344642215127,1.690434018551286],[31.641027842279243,1.698908320545456],[31.650873273429227,1.704922318773185],[31.660445220191036,1.70738258557077],[31.673025493331238,1.719683871396512],[31.684785314056796,1.733351873108802],[31.694630744872086,1.750026702297703],[31.694630744872086,1.763421129078381],[31.683691377262278,1.775448696291505],[31.653608115415352,1.779275633018642],[31.642121779073705,1.786656131411178],[31.64130132647756,1.791303096244917],[31.65196720979702,1.802510434584235],[31.65169372579362,1.812897662775981],[31.660718704194494,1.821644755570219],[31.66646187274995,1.821371409202129],[31.66733360329937,1.831177671157434],[31.65536866984064,1.848261622885559],[31.659641860425836,1.853386776599109],[31.66006917960749,1.931116429720248],[31.67032483688854,1.953751325595022],[31.677161942020575,1.973823526079116],[31.679298537322154,2.040444396989869],[31.69169078981423,2.053682834415099],[31.702373766277162,2.057953274574459],[31.70579231906237,2.066067078953779],[31.711347466846632,2.06649412016526],[31.722885081475454,2.074607881336419],[31.728440229259718,2.074180842310966],[31.745532991672803,2.081867527108443],[31.751088139307,2.095959684838931],[31.748470810212552,2.322243634022527],[31.724434113069094,2.307566528819734],[31.7164218803033,2.302229361983223],[31.70306816005285,2.299560771153324],[31.697726671717817,2.293556423339339],[31.680366834853487,2.292222120759618],[31.667013114050405,2.276210388505945],[31.638302614971963,2.272207427814124],[31.610927487395827,2.274208909555],[31.566860209573633,2.29288927211087],[31.53681433814438,2.296225025525871],[31.48807325762408,2.264868637179063],[31.470045734968437,2.258864145089035],[31.442670607432433,2.244186392566121],[31.419301596476032,2.258196977297246],[31.371228201944177,2.259531312265835],[31.363215969821624,2.265535801748172],[31.350360046801654,2.251803940105162]]]}},{"type":"Feature","id":"gb:47994165B53582052488113","properties":{"id":"gb:47994165B53582052488113","name":"Bukooli","parentId":"gb:17295835B57878138064711","level":"ADM2","countryCode":"UG"},"geometry":{"type":"MultiPolygon","coordinates":[[[[33.73290847744039,-0.124708696097855],[33.7216956252974,-0.105838324670515],[33.71786684651681,-0.086420973991551],[33.7088418679628,-0.086967941762623],[33.707474446969684,-0.095445941170112],[33.70009037360711,-0.101736068422611],[33.68395480588924,-0.104197422235188],[33.674656343136576,-0.11376935185956],[33.66207607000047,-0.114316319173327],[33.66699878557557,-0.120606442519886],[33.66262303839784,-0.132092750913273],[33.68067299550597,-0.127990498501106],[33.68559571108091,-0.131545783963645],[33.688057068868375,-0.142211637257674],[33.69790250001836,-0.149322203405291],[33.71102974155161,-0.161902430117607],[33.72005472010562,-0.164090294853168],[33.72196910949589,-0.134007135141928],[33.73290847744039,-0.124708696097855]]],[[[33.80544742627927,0.131622359337484],[33.80282197797271,0.138623535347961],[33.795120662939894,0.134597859388066],[33.795120662939894,0.12829680003756],[33.78969473643946,0.126371476034024],[33.77621743513214,0.128996917821212],[33.770791508631646,0.126546505494787],[33.765015522356975,0.121120591669353],[33.76098983495348,0.110968879051995],[33.758014326872626,0.095041185115406],[33.764315402808506,0.09241574032194],[33.76536558213121,0.084889464190894],[33.794245513504336,0.07841336494738],[33.804047187182505,0.088915146963132],[33.807722814811825,0.086464731413685],[33.804572276843885,0.079813602709407],[33.823125444877405,0.07333750267361],[33.82837634149075,0.082439048383947],[33.85130525670223,0.084189345404525],[33.882985666269064,0.076488037948195],[33.895062728479616,0.090140354677089],[33.88928674220489,0.099066866742589],[33.87353405236507,0.099241896367687],[33.86688291665496,0.098191718603744],[33.86093190049314,0.094691125821157],[33.84780465896006,0.100817162950818],[33.831351849571604,0.120945562172722],[33.82732616216805,0.114644499556675],[33.81699939882867,0.119895385169571],[33.80544742627927,0.131622359337484]]],[[[33.835657345495804,0.701052840038301],[33.81878251573437,0.69217166986283],[33.80510830568227,0.686975846534608],[33.77338413882842,0.689437026807354],[33.76490612843446,0.696000167669638],[33.76517961243786,0.704751008230573],[33.74630920272767,0.729636120622104],[33.73318196158078,0.710767201760063],[33.71814033061315,0.703930617314313],[33.69954340490642,0.706391788730855],[33.68504874268376,0.711314127806588],[33.66727226977406,0.719791476811224],[33.65113670205619,0.724713801271946],[33.624668559175404,0.735102152525656],[33.63086468583424,0.721295520961803],[33.639411067040896,0.711895236906969],[33.65821310535864,0.694803762718664],[33.66804144408269,0.677284936942328],[33.66675948652886,0.648656476579617],[33.66120433894781,0.630710194556684],[33.66590484878111,0.62259161835658],[33.66077702005714,0.617464089879718],[33.65778578663475,0.597381222780314],[33.6163358377832,0.543114391993583],[33.608644094697354,0.51918555303331],[33.60609382724613,0.474132532666488],[33.617771629495564,0.466832361824117],[33.63855642892025,0.438937845193834],[33.66152910148253,0.421161873421283],[33.679305574280875,0.425537500723181],[33.695988110628036,0.409128884241284],[33.692706300244765,0.378225899655206],[33.68668964776293,0.356894571619023],[33.681766932108076,0.31696656956467],[33.761624318294366,0.314505249006629],[33.75041146615138,0.307941725074102],[33.72689182507099,0.306300843456143],[33.72525091987933,0.292900300959843],[33.714311551934884,0.295361626314559],[33.710756257352955,0.284695879232061],[33.69790250001836,0.29153289775104],[33.6976290158197,0.281414108897138],[33.67766466932119,0.263637837146348],[33.68887752146418,0.254339469398076],[33.70802141536683,0.262817393209048],[33.73619028782366,0.252698580269453],[33.736737256220806,0.240391905292086],[33.72880621446109,0.244767613250701],[33.71677290972235,0.227538255150137],[33.703098699791894,0.202377886153158],[33.71130322575027,0.186789376777199],[33.72525091987933,0.184601514679173],[33.74466829798047,0.18542196299768],[33.75533418172631,0.178584892531433],[33.768461423259566,0.188977238602774],[33.77447807562896,0.184601514679173],[33.78541744357324,0.198549130807692],[33.76736748646505,0.211129323521391],[33.79307500113424,0.21714593386713],[33.78623789616904,0.237657087104139],[33.81303934763275,0.211129323521391],[33.80182649548976,0.202104403658211],[33.81358631603007,0.187883307724292],[33.807296179462014,0.176670512341104],[33.81003102144814,0.159988048280411],[33.805108305873205,0.143579053997996],[33.81659464221468,0.137288936327309],[33.83026885214508,0.152330519166355],[33.831089304740885,0.171747819522182],[33.836832472911794,0.197181717968533],[33.85570288261579,0.177764443902788],[33.88141039728498,0.164637260999768],[33.90055429118763,0.180225789678843],[33.90547700676274,0.196634752801515],[33.92927013204161,0.189250721311623],[33.924073932268016,0.21277021748574],[33.92913338971391,0.231606300043779],[33.91845041325104,0.260663727409906],[33.899221055617886,0.288011833761686],[33.88426488856993,0.305104367081071],[33.874009230806394,0.319632999472446],[33.87614582609888,0.343135154427046],[33.87101799773785,0.350826756300535],[33.91161330846893,0.396976230884718],[33.91368153229206,0.438390892540895],[33.89863990179731,0.458901578796656],[33.89508460721538,0.472028387119622],[33.889067954845984,0.48570211943229],[33.89563157549054,0.499922771492663],[33.91449104551725,0.530858052511064],[33.91939188270311,0.535058587980927],[33.92849343691756,0.552560788085088],[33.94582139544178,0.553960962129509],[33.95667324874222,0.563412126466346],[33.956618551902636,0.57293984744814],[33.94067100447336,0.588835299498896],[33.932551942002306,0.588408003349684],[33.92101432779623,0.590971781542294],[33.913322584369155,0.596953927271102],[33.906485479745015,0.600372292804479],[33.896229822028715,0.607636313474245],[33.89494786503286,0.611909262062113],[33.87742778364276,0.640965220826786],[33.87742778364276,0.667029985216459],[33.85904676622209,0.697227779541493],[33.85769098422554,0.697047021977369],[33.835657345495804,0.701052840038301]]]]}},{"type":"Feature","id":"gb:47994165B70745997951619","properties":{"id":"gb:47994165B70745997951619","name":"Nakaseke","parentId":"gb:17295835B48340970483027","level":"ADM2","countryCode":"UG"},"geometry":{"type":"Polygon","coordinates":[[[31.958002072313395,1.491255771179635],[31.95107345941011,1.484767526675853],[31.93568997351821,1.477932706737533],[31.9348353353663,1.468534795214055],[31.91560597768273,1.462127105195634],[31.890821472183802,1.445039843238135],[31.863045732817284,1.43136994125706],[31.852790075814767,1.40872898664071],[31.85321739465104,1.401466747286463],[31.839543184598938,1.384806229853098],[31.82843288937613,1.38181586813181],[31.81112017442399,1.375943611946525],[31.828860208136234,1.338241603636675],[31.839543184598938,1.316026973163218],[31.85022616106187,1.287831196708623],[31.880138495675737,1.25493572956708],[31.897658577095854,1.225030400756282],[31.904923001174495,1.191279699807751],[31.8993678533904,1.175472266790621],[31.90577763929531,1.147275002713741],[31.90406836297359,1.125913253350177],[31.91090546801928,1.102842388908755],[31.928425549488452,1.083189288760252],[31.965174988680587,1.056272880270456],[31.992096089481322,1.032346987834444],[31.997651237147238,0.981931130295948],[32.00705225659266,0.954159355845491],[32.01858987122148,0.929378198526933],[32.04850220544438,0.921260195164109],[32.07328671068399,0.914851232318142],[32.09208874959768,0.907587726723989],[32.1130273835538,0.906733195722154],[32.13439333657004,0.885369855617398],[32.15276805610637,0.874688139278703],[32.18481698549493,0.840506444460289],[32.19379068595555,0.811879044017587],[32.194645323661234,0.778978647693293],[32.1779798807234,0.749923538094151],[32.1779798807234,0.709758806031004],[32.163023713612006,0.68070324937861],[32.165160308913585,0.665320824509138],[32.178834518843985,0.640965220826786],[32.20532830058437,0.619600560681818],[32.21344736259516,0.611909262062113],[32.21729323427354,0.586271519929483],[32.23524063480727,0.584135036071928],[32.25105144003925,0.564906645160193],[32.26728956433175,0.566615838071868],[32.28395500724986,0.551660383161277],[32.32455031841545,0.549096587094652],[32.327235243778205,0.559030345271594],[32.328823509018775,0.564906645160193],[32.321131765520136,0.575589092981659],[32.32839618969467,0.590971781550081],[32.3386518474062,0.605927132788054],[32.33993380445406,0.610627377123478],[32.355744609798705,0.636692295826322],[32.37369201035301,0.650792934745198],[32.39163941088674,0.661902501319787],[32.397621877353515,0.669593725197672],[32.409159492113076,0.663611662909318],[32.435225955040096,0.663611663209679],[32.46257437490107,0.665320824509138],[32.47112075610755,0.687967155245815],[32.483085689796724,0.701213072688176],[32.48394032791731,0.729413932483851],[32.468556841605675,0.732832206232899],[32.459583141478674,0.740950597309052],[32.46086509865967,0.766587522014675],[32.451464079265065,0.778551367567331],[32.448472845675894,0.785387836286986],[32.43992646450562,0.794787961936606],[32.43907182620899,0.804615342778163],[32.43266204033125,0.812733596573253],[32.4305254450386,0.819570007510322],[32.42368834041122,0.829824602652764],[32.42240638323028,0.835806437526799],[32.413860002023796,0.843070081904671],[32.41300536390304,0.852470072144172],[32.40360434453203,0.866142744286378],[32.40360434453203,0.869988174788091],[32.395485282060804,0.890497068755167],[32.389075496183125,0.903315069819826],[32.37796520095634,0.921260195164109],[32.377537881896046,0.925105567493631],[32.35959048136232,0.950314015431388],[32.35488997150202,0.966122609601314],[32.34420699503926,0.979367590936647],[32.34591627143169,1.014402450128728],[32.3386518474062,1.027219987318404],[32.350616780916994,1.070799224946029],[32.35208675866295,1.11191695057903],[32.35318069545741,1.147702236078317],[32.3420703997466,1.181880696450264],[32.34377967613011,1.220330960958051],[32.33224206150129,1.239128669084153],[32.30916683206152,1.255790162978599],[32.27626326437627,1.275014830992347],[32.259597821245734,1.278432534457693],[32.240368463101674,1.294666565086402],[32.22113910546875,1.308337247354928],[32.18866285723158,1.339950413176439],[32.16430567079294,1.358320038956549],[32.1429397177767,1.384806229800347],[32.12285572194122,1.402321129256961],[32.09294338771832,1.417272769057377],[32.04168219313783,1.452319032604578],[32.026093593920905,1.455052994436073],[32.02007694155151,1.460247512719661],[32.00886408937214,1.468175965158593],[31.996830784238796,1.467082387107553],[31.9872588377184,1.477471355631963],[31.97659295361325,1.480205286530691],[31.966474038300476,1.487313491857606],[31.957996028467278,1.491140977252371],[31.958002072313395,1.491255771179635]]]}},{"type":"Feature","id":"gb:47994165B81778624417030","properties":{"id":"gb:47994165B81778624417030","name":"Katikamu","parentId":"gb:17295835B48340970483027","level":"ADM2","countryCode":"UG"},"geometry":{"type":"Polygon","coordinates":[[[32.35318069545741,1.147702236078317],[32.35208675866295,1.11191695057903],[32.350616780916994,1.070799224946029],[32.3386518474062,1.027219987318404],[32.34591627143169,1.014402450128728],[32.34420699503926,0.979367590936647],[32.35488997150202,0.966122609601314],[32.35959048136232,0.950314015431388],[32.377537881896046,0.925105567493631],[32.37796520095634,0.921260195164109],[32.389075496183125,0.903315069819826],[32.395485282060804,0.890497068755167],[32.40360434453203,0.869988174788091],[32.40360434453203,0.866142744286378],[32.41300536390304,0.852470072144172],[32.413860002023796,0.843070081904671],[32.42240638323028,0.835806437526799],[32.42368834041122,0.829824602652764],[32.4305254450386,0.819570007510322],[32.43266204033125,0.812733596573253],[32.43907182620899,0.804615342778163],[32.43992646450562,0.794787961936606],[32.448472845675894,0.785387836286986],[32.451464079265065,0.778551367567331],[32.46086509865967,0.766587522014675],[32.459583141478674,0.740950597309052],[32.468556841605675,0.732832206232899],[32.48394032791731,0.729413932483851],[32.483085689796724,0.701213072688176],[32.47112075610755,0.687967155245815],[32.46257437490107,0.665320824509138],[32.435225955040096,0.663611663209679],[32.409159492113076,0.663611662909318],[32.397621877353515,0.669593725197672],[32.39163941088674,0.661902501319787],[32.37369201035301,0.650792934745198],[32.355744609798705,0.636692295826322],[32.33993380445406,0.610627377123478],[32.3386518474062,0.605927132788054],[32.32839618969467,0.590971781550081],[32.321131765520136,0.575589092981659],[32.328823509018775,0.564906645160193],[32.327235243778205,0.559030345271594],[32.337121703017374,0.559386631860775],[32.343772839025235,0.560436761485448],[32.358475349542516,0.571113064047836],[32.36652672433644,0.567787660716988],[32.38955409387239,0.569384729517765],[32.40815101912051,0.560907132086072],[32.431944144485385,0.563368371450565],[32.43652443815188,0.562955414031705],[32.46530921688702,0.560360189572577],[32.475154648037005,0.566376551094436],[32.514809856808256,0.563915312991128],[32.542158276696284,0.550241749476299],[32.55665293897471,0.558992833687512],[32.57962561190578,0.579229666066624],[32.562396107393226,0.605209276863263],[32.562396107393226,0.62107045209342],[32.56731882296833,0.630915295614784],[32.56294307554492,0.639939718736969],[32.56213971577955,0.659766048383801],[32.56470363031906,0.692240035891757],[32.578377839823304,0.710186092146671],[32.5809417546115,0.720440950482669],[32.58735154051641,0.738814180149632],[32.60358966463497,0.743514296978674],[32.60786285522022,0.755478206727446],[32.61256336507569,0.769578486664159],[32.5903427739388,0.777269528969782],[32.59675255984354,0.790087901619302],[32.589060816757694,0.796497073153603],[32.58948813581799,0.820424558171283],[32.5963252404606,0.827688231120305],[32.60444430292955,0.827260956362466],[32.60572625992751,0.834097343008978],[32.6142726410979,0.848197352131706],[32.60786285522022,0.861015497850644],[32.58777885929038,0.887506195223409],[32.569831458653084,0.907587726825454],[32.57538660682724,0.926387357344936],[32.57880515930975,0.958859210512742],[32.57367733053911,0.991758010671333],[32.57666856400823,1.01055717904228],[32.569831458653084,1.030210738382607],[32.554785040360116,1.041406416140319],[32.54632891043491,1.01824771663712],[32.551884058509245,1.000303100603503],[32.554020653810994,0.966977126085908],[32.545046953438884,0.959713728910799],[32.5249629575091,0.966549867525828],[32.49932381399839,0.976804050514772],[32.471548075167846,0.999875846637622],[32.474111989186724,1.015684206504432],[32.4553099508754,1.041319218820377],[32.43736255034162,1.055845633794206],[32.41984246857584,1.071226469889439],[32.41300536390304,1.088743438854578],[32.40146774923937,1.106260306325964],[32.38779353918727,1.126340490412645],[32.36600026726717,1.142148197369238],[32.35318069545741,1.147702236078317]]]}},{"type":"Feature","id":"gb:47994165B21872772059494","properties":{"id":"gb:47994165B21872772059494","name":"Bamunanika","parentId":"gb:17295835B48340970483027","level":"ADM2","countryCode":"UG"},"geometry":{"type":"Polygon","coordinates":[[[32.767359694679044,1.09026548778894],[32.66683288573722,1.089597922561666],[32.639911784608614,1.1224953590891],[32.63820250869526,1.142575431497846],[32.628374170307836,1.153683496470364],[32.611708726955044,1.152401798871097],[32.5809417546115,1.121640884942167],[32.560857758776194,1.090025164324118],[32.55615724911257,1.045164452866572],[32.554785040360116,1.041406416140319],[32.569831458653084,1.030210738382607],[32.57666856400823,1.01055717904228],[32.57367733053911,0.991758010671333],[32.57880515930975,0.958859210512742],[32.57538660682724,0.926387357344936],[32.569831458653084,0.907587726825454],[32.58777885929038,0.887506195223409],[32.60786285522022,0.861015497850644],[32.6142726410979,0.848197352131706],[32.60572625992751,0.834097343008978],[32.60444430292955,0.827260956362466],[32.5963252404606,0.827688231120305],[32.58948813581799,0.820424558171283],[32.589060816757694,0.796497073153603],[32.59675255984354,0.790087901619302],[32.5903427739388,0.777269528969782],[32.61256336507569,0.769578486664159],[32.60786285522022,0.755478206727446],[32.60358966463497,0.743514296978674],[32.58735154051641,0.738814180149632],[32.5809417546115,0.720440950482669],[32.578377839823304,0.710186092146671],[32.56470363031906,0.692240035891757],[32.56213971577955,0.659766048383801],[32.56294307554492,0.639939718736969],[32.56731882296833,0.630915295614784],[32.562396107393226,0.62107045209342],[32.562396107393226,0.605209276863263],[32.57962561190578,0.579229666066624],[32.592052049875406,0.574734497745851],[32.60102575044681,0.566615838071868],[32.62410097926397,0.56704313579138],[32.63820250869526,0.559351764733663],[32.665550928119444,0.561915556667088],[32.676233905064464,0.575161795035456],[32.68227695133601,0.580817178277698],[32.70956479176988,0.606354427936083],[32.72879414948454,0.634983124842222],[32.73605857351009,0.653356683064828],[32.744177635245364,0.670021014697625],[32.746177488858734,0.708852959041621],[32.751647172646926,0.731003430454621],[32.74699794145454,0.812494321642362],[32.75383504641974,0.829722056832907],[32.766688803614386,0.848043534289332],[32.78340219853797,0.87633910048476],[32.77964511766339,0.884515319432978],[32.77871035698706,0.938724560807145],[32.77003043855484,0.954079244680884],[32.767359694679044,1.09026548778894]]]}},{"type":"Feature","id":"gb:47994165B88376902859288","properties":{"id":"gb:47994165B88376902859288","name":"Kiboga","parentId":"gb:17295835B48340970483027","level":"ADM2","countryCode":"UG"},"geometry":{"type":"Polygon","coordinates":[[[31.66904287987427,1.358320038956549],[31.637472547697314,1.357995367707758],[31.62215743257525,1.365924168867537],[31.603560507056955,1.367564607516272],[31.593168107522615,1.375493376790871],[31.55405986712151,1.374946565940718],[31.497448638142032,1.373852944011389],[31.495978660296316,1.363873619127617],[31.446409649444092,1.312609320267256],[31.4434184160217,1.301501915526956],[31.43572667250703,1.29765703329906],[31.40135816010411,1.296594362444239],[31.394276723651387,1.296375404754087],[31.367355623144874,1.271169908446495],[31.359236561137266,1.27031548051616],[31.34598967021907,1.261771185520502],[31.33445205545962,1.26219840146814],[31.32077784540752,1.253654079986518],[31.307103635355475,1.252799646122014],[31.284028406519838,1.234856474332787],[31.284041786176793,1.234833065331511],[31.289156235243752,1.225884843032475],[31.294711383028016,1.219049294233514],[31.307958273652105,1.215631513551727],[31.31735929311901,1.205378144587712],[31.32590567428923,1.198969769583243],[31.339579884341504,1.189998019752352],[31.35069017950343,1.189143565648237],[31.360091198970338,1.181026239841003],[31.37419272824883,1.181026240001415],[31.385730342481168,1.17504503802769],[31.395558681265243,1.174190579094386],[31.40239578612261,1.171627201639581],[31.403677743118465,1.166073209967863],[31.412224124288684,1.15710135421034],[31.41307876258537,1.145138834566808],[31.419488548463107,1.1370213830848],[31.426325653608615,1.121213647729292],[31.4297442060913,1.110959935970868],[31.4387179060962,1.099851708269796],[31.447264287266478,1.097715505855547],[31.456237987831457,1.090879647667407],[31.472048793063664,1.080625831586588],[31.483586407692485,1.06609953296396],[31.516062656226268,1.040037473532834],[31.518626570217975,1.019956722858808],[31.499363027196637,0.989416652123055],[31.47447596491986,0.987502548081011],[31.463536597382017,0.97984611871675],[31.4624426605875,0.972736561792772],[31.456699492121572,0.970549002646464],[31.440563924698722,0.954962604189802],[31.42907758801391,0.953048479931567],[31.421420030528566,0.946212314424997],[31.419779125604464,0.930352357679794],[31.43071849354891,0.91804716976776],[31.42935107255579,0.90355433862635],[31.436735145499426,0.891522509986089],[31.438923019323454,0.880310998128721],[31.499824531984814,0.875542677653016],[31.510080189047756,0.869133634914874],[31.544265714258927,0.868706364729064],[31.549393542610517,0.860588227376695],[31.58229711029577,0.858879143206309],[31.616055316277652,0.841788263311344],[31.62502901666062,0.830251876873035],[31.65280475558194,0.831106425175221],[31.672577353991095,0.816481615775653],[31.68399904694064,0.808033556549901],[31.7374139292549,0.804615342778163],[31.74040516284424,0.81102449157811],[31.756215968180868,0.811879044017587],[31.782709749921253,0.797351628606862],[31.80920353166141,0.797778906267013],[31.812622084092254,0.827260956086263],[31.831851441725405,0.845633718232079],[31.857490585236235,0.826406407676814],[31.878001900373988,0.807606280155767],[31.89338538651066,0.808460833630818],[31.900649810571394,0.813160872296635],[31.924152358889387,0.79692435090243],[31.936117292362155,0.787951508617766],[31.918169891724858,0.769151206457764],[31.927998230432365,0.761032867843596],[31.92885286818762,0.747787125701905],[31.910478148851325,0.727704794753492],[31.9014723142987,0.716028629638686],[31.901647343994,0.70657774382363],[31.907948420121727,0.700452159832082],[31.90930793932523,0.700333949664582],[31.915999794662127,0.699752092990423],[31.92562643858912,0.707627843824355],[31.939803859575818,0.710603123631415],[31.952756071221927,0.696776805431909],[31.955906609189867,0.69170131131159],[31.967983671400418,0.690126156858355],[31.973059538126677,0.682600411736132],[31.97410971731722,0.660198124640544],[31.987411988869553,0.647771812053293],[31.98944671130721,0.638025448812186],[31.997104268868213,0.630915295614784],[32.00804363646364,0.629547957159502],[32.02335875193478,0.610952121591026],[32.05562988719339,0.612045995814583],[32.05645033996649,0.637205047019449],[32.06356092868219,0.64458865828891],[32.083798759827346,0.646776393093205],[32.085166180820465,0.662910906906063],[32.09911387494952,0.663184372792443],[32.108685821584686,0.658808916392559],[32.125915326376116,0.654980389285811],[32.13767514660765,0.663731304190208],[32.165160308913585,0.665320824509138],[32.163023713612006,0.68070324937861],[32.1779798807234,0.709758806031004],[32.1779798807234,0.749923538094151],[32.194645323661234,0.778978647693293],[32.19379068595555,0.811879044017587],[32.18481698549493,0.840506444460289],[32.15276805610637,0.874688139278703],[32.13439333657004,0.885369855617398],[32.1130273835538,0.906733195722154],[32.09208874959768,0.907587726723989],[32.07328671068399,0.914851232318142],[32.04850220544438,0.921260195164109],[32.01858987122148,0.929378198526933],[32.00705225659266,0.954159355845491],[31.997651237147238,0.981931130295948],[31.992096089481322,1.032346987834444],[31.965174988680587,1.056272880270456],[31.928425549488452,1.083189288760252],[31.91090546801928,1.102842388908755],[31.90406836297359,1.125913253350177],[31.90577763929531,1.147275002713741],[31.8993678533904,1.175472266790621],[31.904923001174495,1.191279699807751],[31.897658577095854,1.225030400756282],[31.880138495675737,1.25493572956708],[31.85022616106187,1.287831196708623],[31.839543184598938,1.316026973163218],[31.828860208136234,1.338241603636675],[31.81112017442399,1.375943611946525],[31.8045030216212,1.373699152781114],[31.78655562146406,1.374126349430753],[31.744678353429265,1.341232019525137],[31.725448995796285,1.342940827220616],[31.72203044335481,1.347640040840474],[31.69852789503682,1.348921643094457],[31.68656296093252,1.357465640648911],[31.66904287987427,1.358320038956549]]]}},{"type":"Feature","id":"gb:47994165B50184791272452","properties":{"id":"gb:47994165B50184791272452","name":"Bugahya","parentId":"gb:17295835B91329899113986","level":"ADM2","countryCode":"UG"},"geometry":{"type":"Polygon","coordinates":[[[31.367782942343922,1.720555209054851],[31.35787448163262,1.73037909101771],[31.34051464480683,1.771756292798159],[31.337176214525073,1.791777189231993],[31.31743718902955,1.812915630152038],[31.305462730585873,1.770801691044085],[31.287139289279025,1.752213553836498],[31.287139289279025,1.734171950106031],[31.27291811095148,1.71804370414236],[31.260064353616713,1.716403535886229],[31.216033397640672,1.671845097776156],[31.210290229469933,1.671571729975938],[31.16407139990497,1.628258859079835],[31.157945353856007,1.628958695814163],[31.14096745480657,1.615311835777334],[31.1218891971115,1.603939382360124],[31.089158608221965,1.602364729972066],[31.078131725334117,1.611462704801568],[31.0585064992419,1.612250027639107],[31.05084894168067,1.601041583626511],[31.043464868318324,1.601041583626511],[31.015295995861663,1.582178454344501],[30.985486218213225,1.552653212744247],[30.947198430407923,1.549645988937925],[30.95102720918851,1.533242875044436],[30.978102144789773,1.514925916225422],[30.98221534719795,1.50018475230155],[30.97206361374549,1.488461738079479],[30.971363493771207,1.454517137804316],[30.97363888236862,1.442618909849216],[30.98834139302801,1.436844746575332],[31.0101431159851,1.42126493287077],[31.02033685648746,1.410626365160397],[31.05999162783388,1.410290409650258],[31.06928921543721,1.417121496536993],[31.086540161110747,1.426304237309353],[31.10088561065828,1.43666977183949],[31.11856362901483,1.43789459520417],[31.130990751077093,1.428970864707537],[31.13169087078967,1.420397051550708],[31.141142484542115,1.40639892069305],[31.151294218007195,1.392575684182759],[31.173172954034726,1.392750662577726],[31.185250016245277,1.401324577698347],[31.20065264626487,1.391350837110622],[31.213298555654546,1.391624240284159],[31.218494755367715,1.383695524032248],[31.225605344591997,1.384789142030172],[31.246390143478607,1.400373137355132],[31.26361964819864,1.416503829927763],[31.28987413126515,1.419784635100541],[31.297805172951144,1.40775499379555],[31.314214224834075,1.406661386805865],[31.34976717043054,1.409942205337074],[31.354963370088626,1.417050631107713],[31.377389074538144,1.392991257665074],[31.391610253147803,1.370298668662826],[31.40090871589956,1.348152681600197],[31.402549620818377,1.320264856608105],[31.40135816010411,1.296594362444239],[31.43572667250703,1.29765703329906],[31.4434184160217,1.301501915526956],[31.446409649444092,1.312609320267256],[31.495978660296316,1.363873619127617],[31.497448638142032,1.373852944011389],[31.55405986712151,1.374946565940718],[31.593168107522615,1.375493376790871],[31.592074170728154,1.408028395090071],[31.584143128968606,1.417870832648191],[31.59098023391698,1.445757510997623],[31.59234765483228,1.46052090848633],[31.570742403236693,1.467082386901154],[31.55870909815809,1.476924569378184],[31.54202656227187,1.501803222893102],[31.52425008947324,1.522034008175808],[31.516319047713523,1.522854171146946],[31.50510619557059,1.529142076878372],[31.491158501441475,1.53078239708617],[31.47693732274729,1.539530749983783],[31.4624426605875,1.541444447787342],[31.46189569177966,1.551012908949986],[31.452323745239028,1.559214413460495],[31.4605282708643,1.572063372018647],[31.460938497318523,1.606509125343166],[31.4434184160217,1.624022244603339],[31.434017396694628,1.630429445658422],[31.41350608179897,1.638118059996998],[31.39769527656682,1.627866567679234],[31.387012300058586,1.629575153361031],[31.352399456096748,1.630429445566904],[31.355390689594458,1.632565174815284],[31.35838192301668,1.654349482091391],[31.357954603677797,1.682540582880108],[31.366500984848017,1.694500320949885],[31.367782942343922,1.720555209054851]]]}},{"type":"Feature","id":"gb:47994165B25063311461714","properties":{"id":"gb:47994165B25063311461714","name":"Buhaguzi","parentId":"gb:17295835B91329899113986","level":"ADM2","countryCode":"UG"},"geometry":{"type":"Polygon","coordinates":[[[31.40135816010411,1.296594362444239],[31.402549620818377,1.320264856608105],[31.40090871589956,1.348152681600197],[31.391610253147803,1.370298668662826],[31.377389074538144,1.392991257665074],[31.354963370088626,1.417050631107713],[31.34976717043054,1.409942205337074],[31.314214224834075,1.406661386805865],[31.297805172951144,1.40775499379555],[31.28987413126515,1.419784635100541],[31.26361964819864,1.416503829927763],[31.246390143478607,1.400373137355132],[31.225605344591997,1.384789142030172],[31.218494755367715,1.383695524032248],[31.213298555654546,1.391624240284159],[31.20065264626487,1.391350837110622],[31.185250016245277,1.401324577698347],[31.173172954034726,1.392750662577726],[31.151294218007195,1.392575684182759],[31.141142484542115,1.40639892069305],[31.13169087078967,1.420397051550708],[31.130990751077093,1.428970864707537],[31.11856362901483,1.43789459520417],[31.10088561065828,1.43666977183949],[31.086540161110747,1.426304237309353],[31.06928921543721,1.417121496536993],[31.05999162783388,1.410290409650258],[31.02033685648746,1.410626365160397],[31.0101431159851,1.42126493287077],[30.98834139302801,1.436844746575332],[30.97363888236862,1.442618909849216],[30.971363493771207,1.454517137804316],[30.97206361374549,1.488461738079479],[30.98221534719795,1.50018475230155],[30.978102144789773,1.514925916225422],[30.95102720918851,1.533242875044436],[30.947198430407923,1.549645988937925],[30.93918192483619,1.550551573829296],[30.93149018175035,1.541581140399103],[30.930208224569412,1.524494496152897],[30.9225164814834,1.512106594187344],[30.921661843362756,1.483485999554262],[30.8652557273997,1.43265149784753],[30.825942373849728,1.391214134946551],[30.82636969291002,1.370281580788458],[30.799448592109343,1.342086423288322],[30.781073872515265,1.341232019467213],[30.740478561784357,1.292103304057377],[30.741760518965293,1.281850233712305],[30.730222904336472,1.272024336102049],[30.725522394672794,1.271597122311675],[30.706720356018423,1.243400856945243],[30.707574994139065,1.231438713586499],[30.714839418164615,1.227593727509259],[30.71569405628543,1.220330960958051],[30.696892017631058,1.184016836367164],[30.684072445821243,1.167354901472038],[30.65843330201642,1.13616691294078],[30.68920027440896,1.132321794616928],[30.704156441457087,1.120786410010453],[30.71313014192333,1.108823741531182],[30.72723167091425,1.096861024265877],[30.74646102860919,1.099851708269796],[30.750734219194214,1.107114785202214],[30.75970791906383,1.114805082188639],[30.75885328137838,1.128903907997881],[30.7780826390931,1.148129469379001],[30.783210467817014,1.148129469379001],[30.796030039626828,1.140439260219921],[30.816114035462135,1.140866494602562],[30.852008836241623,1.17205443186532],[30.862691812704554,1.171627201639581],[30.895595380389807,1.147275002337324],[30.910978866854748,1.141720963177193],[30.925080395786495,1.147702236238899],[30.943027796379226,1.150692867841883],[30.95413809158572,1.157528585739954],[30.992323322848563,1.158400138255786],[31.005997532900665,1.164415554774621],[31.027876268997602,1.16632954839298],[31.0440118363245,1.183008578520344],[31.0544042362626,1.180274318122883],[31.06397618294659,1.173985509158058],[31.087769308311636,1.175352642702592],[31.09788822362441,1.184375707633194],[31.09898216053631,1.191758193707756],[31.116485149331197,1.209530763571706],[31.185600075613763,1.209366709367146],[31.22130617298984,1.242964752324895],[31.229707607571072,1.233865324168335],[31.284041786176793,1.234833065331511],[31.284028406519838,1.234856474332787],[31.307103635355475,1.252799646122014],[31.32077784540752,1.253654079986518],[31.33445205545962,1.26219840146814],[31.34598967021907,1.261771185520502],[31.359236561137266,1.27031548051616],[31.367355623144874,1.271169908446495],[31.394276723651387,1.296375404754087],[31.40135816010411,1.296594362444239]]]}},{"type":"Feature","id":"gb:47994165B34489902123210","properties":{"id":"gb:47994165B34489902123210","name":"Bugangaizi","parentId":"gb:17295835B91329899113986","level":"ADM2","countryCode":"UG"},"geometry":{"type":"Polygon","coordinates":[[[31.499363027196637,0.989416652123055],[31.508370913352564,1.005002890958792],[31.518626570217975,1.019956722858808],[31.516062656226268,1.040037473532834],[31.483586407692485,1.06609953296396],[31.472048793063664,1.080625831586588],[31.456237987831457,1.090879647667407],[31.447264287266478,1.097715505855547],[31.4387179060962,1.099851708269796],[31.4297442060913,1.110959935970868],[31.426325653608615,1.121213647729292],[31.419488548463107,1.1370213830848],[31.41307876258537,1.145138834566808],[31.412224124288684,1.15710135421034],[31.403677743118465,1.166073209967863],[31.40239578612261,1.171627201639581],[31.395558681265243,1.174190579094386],[31.385730342481168,1.17504503802769],[31.37419272824883,1.181026240001415],[31.360091198970338,1.181026239841003],[31.35069017950343,1.189143565648237],[31.339579884341504,1.189998019752352],[31.32590567428923,1.198969769583243],[31.31735929311901,1.205378144587712],[31.307958273652105,1.215631513551727],[31.294711383028016,1.219049294233514],[31.289156235243752,1.225884843032475],[31.284041786176793,1.234833065331511],[31.229707607571072,1.233865324168335],[31.22130617298984,1.242964752324895],[31.185600075613763,1.209366709367146],[31.116485149331197,1.209530763571706],[31.09898216053631,1.191758193707756],[31.09788822362441,1.184375707633194],[31.087769308311636,1.175352642702592],[31.09788822362441,1.159767280273172],[31.098161707627867,1.129143160036676],[31.115391212419297,1.094143771458391],[31.112109402169267,1.040823610534915],[31.107186686594332,1.03398762625568],[31.107972953548995,1.0028666236459],[31.099426572378775,0.987058202213689],[31.09814461527776,0.977231307461921],[31.110536868027225,0.955441135029105],[31.137457968827903,0.921260195164109],[31.178053279504695,0.875542677890508],[31.18531770358436,0.862724580771498],[31.186172341705003,0.84819735213739],[31.19728263713762,0.831533698962573],[31.213948080626324,0.800769848644165],[31.241467427823977,0.770381773856286],[31.274012047586268,0.748231499672386],[31.295707196170337,0.740228137039483],[31.302180920202602,0.737839973583732],[31.317222551126008,0.73100343029364],[31.35359594917327,0.708579495762024],[31.357151243912597,0.708032569550141],[31.376295137626073,0.720064939305132],[31.389148895360336,0.734831895824584],[31.386414052938846,0.77229599020103],[31.39543903192822,0.789250435806707],[31.39489206333286,0.815502344267827],[31.401455683906306,0.821791838781621],[31.411848083844745,0.824526398494015],[31.423334420186393,0.836011528846882],[31.421966999193444,0.857067513575487],[31.438923019323454,0.880310998128721],[31.436735145499426,0.891522509986089],[31.42935107255579,0.90355433862635],[31.43071849354891,0.91804716976776],[31.419779125604464,0.930352357679794],[31.421420030528566,0.946212314424997],[31.42907758801391,0.953048479931567],[31.440563924698722,0.954962604189802],[31.456699492121572,0.970549002646464],[31.4624426605875,0.972736561792772],[31.463536597382017,0.97984611871675],[31.47447596491986,0.987502548081011],[31.499363027196637,0.989416652123055]]]}},{"type":"Feature","id":"gb:47994165B22989190111925","properties":{"id":"gb:47994165B22989190111925","name":"Buyaga","parentId":"gb:17295835B91329899113986","level":"ADM2","countryCode":"UG"},"geometry":{"type":"Polygon","coordinates":[[[30.65843330201642,1.13616691294078],[30.643477135090166,1.132749030513367],[30.634076115762866,1.121213647729292],[30.622538501134045,1.101987908979822],[30.613564800867266,1.082334803346043],[30.590062252549274,1.056272880270456],[30.581088552282495,1.049864176972051],[30.552030856180238,1.06994473636621],[30.53579273188774,1.063536061360253],[30.535758956337972,1.063456241710407],[30.526391712560667,1.041319218820377],[30.52211852195734,1.02465648397299],[30.522973160077925,0.9789403346565],[30.519127288401876,0.96569535162314],[30.530237584103475,0.958004691961321],[30.542360077730024,0.946479956341999],[30.556304046672324,0.933223562031174],[30.578524637894645,0.92296924972328],[30.606727695902066,0.911860378700396],[30.617837991457634,0.910151318248325],[30.636212710794098,0.903315069819826],[30.652450835356944,0.903315069700113],[30.6635611308983,0.894342473244933],[30.68535440300218,0.892206137986193],[30.710566227334596,0.889215266366307],[30.730222904336472,0.873406331198794],[30.753725452654464,0.861442768697771],[30.7763733627051,0.853751887013743],[30.813977440160556,0.849479168635867],[30.826484930365496,0.850039143644779],[30.842607816774773,0.850760984333192],[30.862264493977477,0.854606430371064],[30.862691812704554,0.869560904426578],[30.87551138445997,0.879388097883236],[30.880211894511206,0.88024263556315],[30.899013933165577,0.896051541242798],[30.901150528467156,0.903742335628863],[30.905851038130777,0.91015131851691],[30.915679376319588,0.90972405343706],[30.935336053293213,0.928950935655848],[30.943882434499812,0.932369037176386],[30.941318519830475,0.95586839436794],[30.951146858525362,0.966122609568458],[30.969521578119384,0.946895931469044],[30.98704165927097,0.961850023812701],[31.010544207489318,0.964413575570063],[31.02165450347934,0.971249705442347],[31.02720965113059,0.974667765036315],[31.028064289384247,0.996885067320591],[31.04472973273687,1.018674968198184],[31.04643900876374,1.026365486747636],[31.055412709245104,1.034483235611901],[31.107186686594332,1.03398762625568],[31.112109402169267,1.040823610534915],[31.115391212419297,1.094143771458391],[31.098161707627867,1.129143160036676],[31.09788822362441,1.159767280273172],[31.087769308311636,1.175352642702592],[31.06397618294659,1.173985509158058],[31.0544042362626,1.180274318122883],[31.0440118363245,1.183008578520344],[31.027876268997602,1.16632954839298],[31.005997532900665,1.164415554774621],[30.992323322848563,1.158400138255786],[30.95413809158572,1.157528585739954],[30.943027796379226,1.150692867841883],[30.925080395786495,1.147702236238899],[30.910978866854748,1.141720963177193],[30.895595380389807,1.147275002337324],[30.862691812704554,1.171627201639581],[30.852008836241623,1.17205443186532],[30.816114035462135,1.140866494602562],[30.796030039626828,1.140439260219921],[30.783210467817014,1.148129469379001],[30.7780826390931,1.148129469379001],[30.75885328137838,1.128903907997881],[30.75970791906383,1.114805082188639],[30.750734219194214,1.107114785202214],[30.74646102860919,1.099851708269796],[30.72723167091425,1.096861024265877],[30.71313014192333,1.108823741531182],[30.704156441457087,1.120786410010453],[30.68920027440896,1.132321794616928],[30.65843330201642,1.13616691294078]]]}},{"type":"Feature","id":"gb:47994165B56924699209128","properties":{"id":"gb:47994165B56924699209128","name":"Buyanja","parentId":"gb:17295835B91329899113986","level":"ADM2","countryCode":"UG"},"geometry":{"type":"Polygon","coordinates":[[[31.107186686594332,1.03398762625568],[31.055412709245104,1.034483235611901],[31.04643900876374,1.026365486747636],[31.04472973273687,1.018674968198184],[31.028064289384247,0.996885067320591],[31.02720965113059,0.974667765036315],[31.02165450347934,0.971249705442347],[31.010544207489318,0.964413575570063],[30.98704165927097,0.961850023812701],[30.969521578119384,0.946895931469044],[30.951146858525362,0.966122609568458],[30.941318519830475,0.95586839436794],[30.943882434499812,0.932369037176386],[30.935336053293213,0.928950935655848],[30.915679376319588,0.90972405343706],[30.905851038130777,0.91015131851691],[30.901150528467156,0.903742335628863],[30.899013933165577,0.896051541242798],[30.880211894511206,0.88024263556315],[30.87551138445997,0.879388097883236],[30.862691812704554,0.869560904426578],[30.862264493977477,0.854606430371064],[30.842607816774773,0.850760984333192],[30.826484930365496,0.850039143644779],[30.834522940580996,0.835191163501804],[30.85476077121575,0.807572098330013],[30.88183570694025,0.779132468226294],[30.908842271553,0.736677761962881],[30.910551547437763,0.727704794753492],[30.919406222306137,0.719872436403683],[30.921661843362756,0.717877238084213],[30.945164391680805,0.700358498492619],[30.969521578119384,0.688394443482991],[30.986187021472176,0.672584753408216],[31.007125655200923,0.666175405164608],[31.019945226956168,0.664893534652435],[31.034046756228634,0.658911466595725],[31.047293647060542,0.656347721566135],[31.06310445233089,0.648229185122489],[31.092589467493497,0.651220226222449],[31.10199048682074,0.657629594021046],[31.12592035418629,0.663611662909318],[31.152038094927605,0.658261984513388],[31.16188352623692,0.652519191679232],[31.17583122029248,0.64404172486627],[31.197709956333824,0.647049859859976],[31.211931134661597,0.64048665340448],[31.247210596282116,0.672208738529434],[31.25842344842505,0.691077812736353],[31.266901458582083,0.709946811987777],[31.28112263690963,0.726354574905201],[31.295707196170337,0.740228137039483],[31.274012047586268,0.748231499672386],[31.241467427823977,0.770381773856286],[31.213948080626324,0.800769848644165],[31.19728263713762,0.831533698962573],[31.186172341705003,0.84819735213739],[31.18531770358436,0.862724580771498],[31.178053279504695,0.875542677890508],[31.137457968827903,0.921260195164109],[31.110536868027225,0.955441135029105],[31.09814461527776,0.977231307461921],[31.099426572378775,0.987058202213689],[31.107972953548995,1.0028666236459],[31.107186686594332,1.03398762625568]]]}},{"type":"Feature","id":"gb:47994165B66547934642478","properties":{"id":"gb:47994165B66547934642478","name":"Buwekula","parentId":"gb:17295835B48340970483027","level":"ADM2","countryCode":"UG"},"geometry":{"type":"Polygon","coordinates":[[[31.438923019323454,0.880310998128721],[31.421966999193444,0.857067513575487],[31.423334420186393,0.836011528846882],[31.411848083844745,0.824526398494015],[31.401455683906306,0.821791838781621],[31.39489206333286,0.815502344267827],[31.39543903192822,0.789250435806707],[31.386414052938846,0.77229599020103],[31.389148895360336,0.734831895824584],[31.376295137626073,0.720064939305132],[31.357151243912597,0.708032569550141],[31.35359594917327,0.708579495762024],[31.317222551126008,0.73100343029364],[31.302180920202602,0.737839973583732],[31.295707196170337,0.740228137039483],[31.28112263690963,0.726354574905201],[31.266901458582083,0.709946811987777],[31.25842344842505,0.691077812736353],[31.247210596282116,0.672208738529434],[31.211931134661597,0.64048665340448],[31.214939460628216,0.630368360477576],[31.249671954069584,0.593723569224437],[31.249398469871096,0.569384729517765],[31.24092045971406,0.552429521772922],[31.238459101926594,0.534927321114765],[31.232442449423104,0.52508231102405],[31.211931134661597,0.5171515974871],[31.146841895269517,0.516878124709024],[31.135902527048074,0.5094943474204],[31.134808590653847,0.500469719234673],[31.12824496956273,0.483240849675724],[31.126330580496983,0.465738461180933],[31.11839953873732,0.453705543809122],[31.11839953873732,0.449329932502792],[31.101717002367195,0.426904883803388],[31.10253745521794,0.396275444416972],[31.118946507134467,0.3697480701112],[31.119493475165314,0.351971950154223],[31.102263971019227,0.333101877449849],[31.09433292888508,0.31724004937962],[31.074095098259363,0.2907124557629],[31.03936260533925,0.264184799741372],[31.024320974415673,0.255980358317913],[31.015022511301538,0.246955466503607],[31.01447554326586,0.238477532617651],[31.007091469812735,0.226717808879584],[31.010099795646852,0.222068612884982],[31.084214013572307,0.222342095730085],[31.102263971019227,0.237110123401578],[31.114297275507226,0.239024496344427],[31.123595738510858,0.245588058334874],[31.154225968751575,0.244494131312308],[31.15586687367039,0.236289678040293],[31.214939460628216,0.176670512008172],[31.259517385219567,0.176397029440579],[31.26575282960937,0.182245750492029],[31.294796846840086,0.209488429383839],[31.292882457296457,0.228085219025047],[31.30190743569733,0.235742713775835],[31.306283183181677,0.271568792395499],[31.33773386602178,0.29809643162497],[31.35195504425434,0.298643392351835],[31.389969347678175,0.307121284279845],[31.420770505458904,0.305958993226568],[31.43572667250703,0.312368685787305],[31.464357049607088,0.319632999472446],[31.486150322054357,0.329888491900022],[31.50110648916592,0.340143974019327],[31.52503635609571,0.349117511542204],[31.548111585614663,0.366209941686122],[31.560076519073448,0.370910353720149],[31.59383472505533,0.416205104724099],[31.606654296810802,0.441416222347129],[31.615200677981022,0.453808097218257],[31.613491402031798,0.489274377472782],[31.606654296810802,0.498247744735011],[31.60409038270467,0.532859186653013],[31.59938987263638,0.538414092096389],[31.589134215593162,0.558497167277039],[31.56221311436593,0.589689892597391],[31.561358476672012,0.62259161835658],[31.58144247250732,0.623446205952291],[31.587852258412227,0.630710194897063],[31.587852258412227,0.641392513130597],[31.58016051500323,0.649938351260175],[31.59371507574781,0.663731304190208],[31.587971907749022,0.670021015025213],[31.588792360092953,0.688069704690349],[31.597543854490425,0.699281735130398],[31.612312001425266,0.701195981205672],[31.62434530616406,0.709399885546929],[31.604654443864263,0.728268810057784],[31.607115801651673,0.754794555402896],[31.61313245402107,0.758896460485744],[31.62625969550993,0.763818741541911],[31.63473770571119,0.770928692876396],[31.64704449464864,0.771202152310366],[31.655249020532892,0.776124419403459],[31.665641419849123,0.795539970744358],[31.672577353991095,0.816481615775653],[31.65280475558194,0.831106425175221],[31.62502901666062,0.830251876873035],[31.616055316277652,0.841788263311344],[31.58229711029577,0.858879143206309],[31.549393542610517,0.860588227376695],[31.544265714258927,0.868706364729064],[31.510080189047756,0.869133634914874],[31.499824531984814,0.875542677653016],[31.438923019323454,0.880310998128721]]]}},{"type":"Feature","id":"gb:47994165B76380418026499","properties":{"id":"gb:47994165B76380418026499","name":"Kassanda","parentId":"gb:17295835B48340970483027","level":"ADM2","countryCode":"UG"},"geometry":{"type":"Polygon","coordinates":[[[31.672577353991095,0.816481615775653],[31.665641419849123,0.795539970744358],[31.655249020532892,0.776124419403459],[31.64704449464864,0.771202152310366],[31.63473770571119,0.770928692876396],[31.62625969550993,0.763818741541911],[31.61313245402107,0.758896460485744],[31.607115801651673,0.754794555402896],[31.604654443864263,0.728268810057784],[31.62434530616406,0.709399885546929],[31.612312001425266,0.701195981205672],[31.597543854490425,0.699281735130398],[31.588792360092953,0.688069704690349],[31.587971907749022,0.670021015025213],[31.59371507574781,0.663731304190208],[31.58016051500323,0.649938351260175],[31.587852258412227,0.641392513130597],[31.587852258412227,0.630710194897063],[31.58144247250732,0.623446205952291],[31.561358476672012,0.62259161835658],[31.56221311436593,0.589689892597391],[31.589134215593162,0.558497167277039],[31.59938987263638,0.538414092096389],[31.60409038270467,0.532859186653013],[31.606654296810802,0.498247744735011],[31.613491402031798,0.489274377472782],[31.615200677981022,0.453808097218257],[31.606654296810802,0.441416222347129],[31.59383472505533,0.416205104724099],[31.560076519073448,0.370910353720149],[31.570665827303174,0.3561835257197],[31.572766186306353,0.336405510182374],[31.579242292129493,0.331504756592039],[31.59464492219513,0.323453513302184],[31.624601697447872,0.308095557842819],[31.627165611962198,0.29784004365581],[31.64254909808517,0.279465557395099],[31.659641860425836,0.271346588725123],[31.675025346718826,0.271346588978076],[31.68228977074432,0.264509558770669],[31.714766019329318,0.239725293409037],[31.74296907731076,0.251690117056285],[31.75407937287929,0.253826691567724],[31.77288141153366,0.268355388732004],[31.795102002670717,0.278183615321723],[31.809630850503083,0.288439147054191],[31.822877741591867,0.290148401832937],[31.82306140061371,0.290754467964632],[31.827150932195195,0.304249741080525],[31.849798842362702,0.332452363639788],[31.91792512326782,0.332904972166091],[31.929827155791997,0.339205940033935],[31.962382715012836,0.342006368412569],[31.96387596740766,0.348775656712917],[31.965008162928314,0.353908180809128],[31.952581041334838,0.376836630085961],[31.94610493506582,0.398539838990132],[31.94803026426996,0.415167259115151],[31.962207684792872,0.429519319690144],[31.963082834322563,0.441421008428904],[31.95569657332527,0.454008773575026],[31.94662302397751,0.473275432632533],[31.944382640985623,0.480668438800478],[31.93777351265817,0.489069572366532],[31.929596116287485,0.514608953657444],[31.920074490700813,0.526370476943896],[31.927131695748926,0.534659537052789],[31.921082662850495,0.54138038839352],[31.935533130330157,0.551909707148013],[31.933677813526856,0.568662766838997],[31.92580146860695,0.574613486818862],[31.90847350978305,0.577238802490228],[31.893420939134614,0.596316059190087],[31.893770999126275,0.603841932179762],[31.900247104926336,0.619943763581659],[31.908123449794232,0.621168900343491],[31.919850452445303,0.638845850474013],[31.937353441156176,0.641471134910603],[31.945754875737407,0.647071737200633],[31.94645499505731,0.653197389164063],[31.938578650189413,0.664398561201779],[31.90987374885333,0.688726019463161],[31.90930793932523,0.700333949664582],[31.907948420121727,0.700452159832082],[31.901647343994,0.70657774382363],[31.9014723142987,0.716028629638686],[31.910478148851325,0.727704794753492],[31.92885286818762,0.747787125701905],[31.927998230432365,0.761032867843596],[31.918169891724858,0.769151206457764],[31.936117292362155,0.787951508617766],[31.924152358889387,0.79692435090243],[31.900649810571394,0.813160872296635],[31.89338538651066,0.808460833630818],[31.878001900373988,0.807606280155767],[31.857490585236235,0.826406407676814],[31.831851441725405,0.845633718232079],[31.812622084092254,0.827260956086263],[31.80920353166141,0.797778906267013],[31.782709749921253,0.797351628606862],[31.756215968180868,0.811879044017587],[31.74040516284424,0.81102449157811],[31.7374139292549,0.804615342778163],[31.68399904694064,0.808033556549901],[31.672577353991095,0.816481615775653]]]}},{"type":"Feature","id":"gb:47994165B25067051253579","properties":{"id":"gb:47994165B25067051253579","name":"Mityana","parentId":"gb:17295835B48340970483027","level":"ADM2","countryCode":"UG"},"geometry":{"type":"Polygon","coordinates":[[[32.165160308913585,0.665320824509138],[32.13767514660765,0.663731304190208],[32.125915326376116,0.654980389285811],[32.108685821584686,0.658808916392559],[32.09911387494952,0.663184372792443],[32.085166180820465,0.662910906906063],[32.083798759827346,0.646776393093205],[32.06356092868219,0.64458865828891],[32.05645033996649,0.637205047019449],[32.05562988719339,0.612045995814583],[32.02335875193478,0.610952121591026],[32.00804363646364,0.629547957159502],[31.997104268868213,0.630915295614784],[31.98944671130721,0.638025448812186],[31.987411988869553,0.647771812053293],[31.97410971731722,0.660198124640544],[31.973059538126677,0.682600411736132],[31.967983671400418,0.690126156858355],[31.955906609189867,0.69170131131159],[31.952756071221927,0.696776805431909],[31.939803859575818,0.710603123631415],[31.92562643858912,0.707627843824355],[31.915999794662127,0.699752092990423],[31.90930793932523,0.700333949664582],[31.90987374885333,0.688726019463161],[31.938578650189413,0.664398561201779],[31.94645499505731,0.653197389164063],[31.945754875737407,0.647071737200633],[31.937353441156176,0.641471134910603],[31.919850452445303,0.638845850474013],[31.908123449794232,0.621168900343491],[31.900247104926336,0.619943763581659],[31.893770999126275,0.603841932179762],[31.893420939134614,0.596316059190087],[31.90847350978305,0.577238802490228],[31.92580146860695,0.574613486818862],[31.933677813526856,0.568662766838997],[31.935533130330157,0.551909707148013],[31.921082662850495,0.54138038839352],[31.927131695748926,0.534659537052789],[31.920074490700813,0.526370476943896],[31.929596116287485,0.514608953657444],[31.93777351265817,0.489069572366532],[31.944382640985623,0.480668438800478],[31.94662302397751,0.473275432632533],[31.95569657332527,0.454008773575026],[31.963082834322563,0.441421008428904],[31.962207684792872,0.429519319690144],[31.94803026426996,0.415167259115151],[31.94610493506582,0.398539838990132],[31.952581041334838,0.376836630085961],[31.965008162928314,0.353908180809128],[31.96387596740766,0.348775656712917],[31.997738751920622,0.347957277073306],[32.01856730838881,0.331679783250252],[32.0360702971837,0.330979675871788],[32.05287316664874,0.340781180952092],[32.06687555757037,0.331154702496463],[32.08577878542536,0.325203784131475],[32.09470530937688,0.329754486717775],[32.10188153503947,0.339030912881356],[32.102581654244716,0.34953251650677],[32.111147179411944,0.357988486345278],[32.11388202124277,0.373303290305046],[32.15572510406167,0.379319812545418],[32.183620492319676,0.391626322939658],[32.206319680804256,0.391352845125027],[32.223549185316585,0.400377608260783],[32.23038629023989,0.400104130826662],[32.246248373801166,0.385609808969036],[32.258828646937104,0.385609808969036],[32.25773471014281,0.40639411151318],[32.24898321578729,0.406941066133072],[32.23038629023989,0.419521011762299],[32.213430269968114,0.436203082961526],[32.2060461966056,0.446321698207839],[32.20358483881813,0.453705543809122],[32.190184112992085,0.455893348269399],[32.17268112419737,0.471207961964637],[32.18088565033372,0.481326528064642],[32.18088565033372,0.50539224516217],[32.190184112992085,0.515510759288304],[32.18991062888773,0.530278290607157],[32.197568186448734,0.543404955892925],[32.197568186448734,0.557352006490362],[32.21729323427354,0.586271519929483],[32.21344736259516,0.611909262062113],[32.20532830058437,0.619600560681818],[32.178834518843985,0.640965220826786],[32.165160308913585,0.665320824509138]]]}},{"type":"Feature","id":"gb:47994165B3352038782506","properties":{"id":"gb:47994165B3352038782506","name":"Busujju","parentId":"gb:17295835B48340970483027","level":"ADM2","countryCode":"UG"},"geometry":{"type":"Polygon","coordinates":[[[31.82306140061371,0.290754467964632],[31.840944791462448,0.288524610108425],[31.85161067512047,0.279499742376515],[31.857080358782014,0.270474867928044],[31.851884159123927,0.261996949069214],[31.888257557628833,0.234375304367916],[31.902478736149646,0.233281376880143],[31.91697339864851,0.226991290739477],[31.92490444013731,0.227538255341813],[31.940219555557633,0.237930568947547],[31.98825021768039,0.241434554456248],[32.0027790659895,0.25254474690297],[32.02371769994545,0.255963265726052],[32.03311871882437,0.262800300409651],[32.033973357121056,0.270064646037667],[32.042519738291276,0.27903824377114],[32.07755990126918,0.281174813531209],[32.07713258248634,0.297412730360804],[32.0831150493309,0.302540488803061],[32.111318107250895,0.305104367081071],[32.12499231724297,0.294848850243909],[32.135675293751035,0.294421536833454],[32.14507631307828,0.286729892669598],[32.14892218422057,0.281602127077008],[32.16259639427261,0.264082243854773],[32.17114277544289,0.264082243854773],[32.189944814376815,0.281602127077008],[32.190799452533156,0.291003028963075],[32.21002881024782,0.314505249006629],[32.22883084890236,0.299976609882151],[32.26045245903151,0.326469995367745],[32.258828646937104,0.385609808969036],[32.246248373801166,0.385609808969036],[32.23038629023989,0.400104130826662],[32.223549185316585,0.400377608260783],[32.206319680804256,0.391352845125027],[32.183620492319676,0.391626322939658],[32.15572510406167,0.379319812545418],[32.11388202124277,0.373303290305046],[32.111147179411944,0.357988486345278],[32.102581654244716,0.34953251650677],[32.10188153503947,0.339030912881356],[32.09470530937688,0.329754486717775],[32.08577878542536,0.325203784131475],[32.06687555757037,0.331154702496463],[32.05287316664874,0.340781180952092],[32.0360702971837,0.330979675871788],[32.01856730838881,0.331679783250252],[31.997738751920622,0.347957277073306],[31.96387596740766,0.348775656712917],[31.962382715012836,0.342006368412569],[31.929827155791997,0.339205940033935],[31.91792512326782,0.332904972166091],[31.849798842362702,0.332452363639788],[31.827150932195195,0.304249741080525],[31.82306140061371,0.290754467964632]]]}},{"type":"Feature","id":"gb:47994165B8256906368680","properties":{"id":"gb:47994165B8256906368680","name":"Mwenge","parentId":"gb:17295835B91329899113986","level":"ADM2","countryCode":"UG"},"geometry":{"type":"Polygon","coordinates":[[[30.542360077730024,0.946479956341999],[30.53116332800704,0.936543217904614],[30.51618733334402,0.921055108668213],[30.488838913239817,0.885506581756204],[30.483369229566904,0.867458736283027],[30.4893858819363,0.85870823483333],[30.490206334155175,0.85187189175042],[30.482275292666372,0.831089333896955],[30.47270334582106,0.810033210581764],[30.447269315076653,0.78214051478642],[30.429766326281936,0.78214051478642],[30.430586779190435,0.698734806930247],[30.42159461878515,0.685750725088383],[30.41196797499407,0.685400690373569],[30.403566540412783,0.676299778849966],[30.404091630074163,0.668949030151339],[30.394289956395937,0.657047794679897],[30.396565344928433,0.616793408788453],[30.421769648488578,0.613993092337012],[30.43017108289439,0.607867393877257],[30.429120903818216,0.598591324082861],[30.44678731910766,0.583589685809209],[30.451174669706575,0.579864116949523],[30.47497873395764,0.578989012307261],[30.49075330292942,0.551062164181701],[30.49294117651823,0.502930982662576],[30.498684344549304,0.495273716072916],[30.507982807441806,0.491992027053698],[30.528767606484223,0.478318307330824],[30.526853217145742,0.451517738485165],[30.51673430135088,0.439484797351724],[30.517554754259322,0.409949316129541],[30.53396380614231,0.377952421144244],[30.538066068888497,0.335836672986545],[30.55091982662333,0.343494095832909],[30.5645940365539,0.372482854728503],[30.58045611996016,0.385336330812493],[30.621683863013402,0.387148122607471],[30.648177644753787,0.414923180871881],[30.649459601934723,0.424751255392835],[30.670825554950966,0.450389651107344],[30.68535440300218,0.470045693684085],[30.686636360183115,0.482437518327288],[30.69945593199293,0.483292126098149],[30.714412099104266,0.491410894531668],[30.735795144883127,0.490351182155678],[30.74536709169729,0.482693901101129],[30.75247768099831,0.481873477139629],[30.76505795413425,0.475583560138716],[30.792679858193765,0.478591782032879],[30.820848730538103,0.493085923628428],[30.84765018211425,0.493085923428055],[30.847887314496063,0.493326811471604],[30.864879686528525,0.510588240988682],[30.865153170531983,0.571845964921692],[30.844915339906265,0.590168464459737],[30.831514614396383,0.607397027955926],[30.83999262455319,0.614507212873946],[30.86870846527131,0.639392784817119],[30.890587201295943,0.639392784842357],[30.90754322160359,0.651425326487924],[30.915474263092392,0.664278236364964],[30.91902955783172,0.702289835947568],[30.919406222306137,0.719872436403683],[30.910551547437763,0.727704794753492],[30.908842271553,0.736677761962881],[30.88183570694025,0.779132468226294],[30.85476077121575,0.807572098330013],[30.834522940580996,0.835191163501804],[30.826484930365496,0.850039143644779],[30.813977440160556,0.849479168635867],[30.7763733627051,0.853751887013743],[30.753725452654464,0.861442768697771],[30.730222904336472,0.873406331198794],[30.710566227334596,0.889215266366307],[30.68535440300218,0.892206137986193],[30.6635611308983,0.894342473244933],[30.652450835356944,0.903315069700113],[30.636212710794098,0.903315069819826],[30.617837991457634,0.910151318248325],[30.606727695902066,0.911860378700396],[30.578524637894645,0.92296924972328],[30.556304046672324,0.933223562031174],[30.542360077730024,0.946479956341999]]]}},{"type":"Feature","id":"gb:47994165B62938984296920","properties":{"id":"gb:47994165B62938984296920","name":"Kyaka","parentId":"gb:17295835B91329899113986","level":"ADM2","countryCode":"UG"},"geometry":{"type":"Polygon","coordinates":[[[30.919406222306137,0.719872436403683],[30.91902955783172,0.702289835947568],[30.915474263092392,0.664278236364964],[30.90754322160359,0.651425326487924],[30.890587201295943,0.639392784842357],[30.86870846527131,0.639392784817119],[30.83999262455319,0.614507212873946],[30.831514614396383,0.607397027955926],[30.844915339906265,0.590168464459737],[30.865153170531983,0.571845964921692],[30.864879686528525,0.510588240988682],[30.847887314496063,0.493326811471604],[30.85667516066843,0.481326528064642],[30.857419037688487,0.44877204187236],[30.847792393897578,0.438620612826014],[30.843591676606934,0.429344294925556],[30.84901760310737,0.41954289020407],[30.848842573105856,0.37946202137573],[30.839916048977443,0.367560241810452],[30.83974101871695,0.355833473383939],[30.815652530877003,0.333375357022874],[30.815652530877003,0.316419609379977],[30.795688184257756,0.295908587332235],[30.791585921399417,0.279499742441203],[30.786936689860283,0.263637836724797],[30.771074606503646,0.242579759448233],[30.77216854289628,0.229999593549167],[30.784065105578634,0.226478512135884],[30.811840844858807,0.221778038499792],[30.87209283217146,0.221350722413831],[30.893886104441663,0.228615090650351],[30.904141761560027,0.226905827490384],[30.916106695578492,0.220496090866959],[30.928926267388306,0.217932195270862],[30.94345511512296,0.210667821887341],[30.990887531135854,0.210667822062646],[31.004583837040908,0.21879537613483],[31.010099795646852,0.222068612884982],[31.007091469812735,0.226717808879584],[31.01447554326586,0.238477532617651],[31.015022511301538,0.246955466503607],[31.024320974415673,0.255980358317913],[31.03936260533925,0.264184799741372],[31.074095098259363,0.2907124557629],[31.09433292888508,0.31724004937962],[31.102263971019227,0.333101877449849],[31.119493475165314,0.351971950154223],[31.118946507134467,0.3697480701112],[31.10253745521794,0.396275444416972],[31.101717002367195,0.426904883803388],[31.11839953873732,0.449329932502792],[31.11839953873732,0.453705543809122],[31.126330580496983,0.465738461180933],[31.12824496956273,0.483240849675724],[31.134808590653847,0.500469719234673],[31.135902527048074,0.5094943474204],[31.146841895269517,0.516878124709024],[31.211931134661597,0.5171515974871],[31.232442449423104,0.52508231102405],[31.238459101926594,0.534927321114765],[31.24092045971406,0.552429521772922],[31.249398469871096,0.569384729517765],[31.249671954069584,0.593723569224437],[31.214939460628216,0.630368360477576],[31.211931134661597,0.64048665340448],[31.197709956333824,0.647049859859976],[31.17583122029248,0.64404172486627],[31.16188352623692,0.652519191679232],[31.152038094927605,0.658261984513388],[31.12592035418629,0.663611662909318],[31.10199048682074,0.657629594021046],[31.092589467493497,0.651220226222449],[31.06310445233089,0.648229185122489],[31.047293647060542,0.656347721566135],[31.034046756228634,0.658911466595725],[31.019945226956168,0.664893534652435],[31.007125655200923,0.666175405164608],[30.986187021472176,0.672584753408216],[30.969521578119384,0.688394443482991],[30.945164391680805,0.700358498492619],[30.921661843362756,0.717877238084213],[30.919406222306137,0.719872436403683]]]}},{"type":"Feature","id":"gb:47994165B39061876769815","properties":{"id":"gb:47994165B39061876769815","name":"Kibale","parentId":"gb:17295835B91329899113986","level":"ADM2","countryCode":"UG"},"geometry":{"type":"Polygon","coordinates":[[[30.44678731910766,0.583589685809209],[30.435509494810276,0.573486788472849],[30.431954200105736,0.570752082389959],[30.43168071602986,0.565556138525949],[30.411989853483647,0.541764123869427],[30.38737627585516,0.519886327481913],[30.378077812805998,0.519612854666548],[30.368779350349655,0.507306559795211],[30.369326318408582,0.45069731123175],[30.362215729583113,0.438117416628756],[30.363309666377575,0.430186602561605],[30.386555823200013,0.40338586088734],[30.386555823200013,0.386977198463342],[30.379171749717898,0.377131986945813],[30.379992202492588,0.344861492154621],[30.368779350349655,0.329820121983346],[30.381906591548784,0.316419609014929],[30.38819672811877,0.302745599501975],[30.379171749717898,0.287157206230631],[30.378898265698297,0.263637837146348],[30.363309666377575,0.246955466696306],[30.35182332961375,0.221248167014437],[30.345533193043707,0.211949770165006],[30.361668760923067,0.186789376408626],[30.36742902173131,0.162381025758293],[30.374693445905677,0.142724418298712],[30.406742375294243,0.119221931650145],[30.44602472620005,0.116726687473488],[30.453832936117124,0.116230704689087],[30.460670041082324,0.117598122835261],[30.474344251012894,0.108026194448996],[30.48583058735437,0.111581482501549],[30.510444164780893,0.126896564571666],[30.543262269062325,0.150416136457466],[30.55037285802507,0.151510069113726],[30.559124352422543,0.158620632546558],[30.56979023632732,0.159988048280411],[30.588387161448964,0.167372091522509],[30.589268384079446,0.168217342225205],[30.615188613296482,0.193079478780589],[30.62913630742554,0.219333791584518],[30.640622643767188,0.225623880729358],[30.64937413812271,0.228085219223829],[30.66851803194095,0.229726111746629],[30.674808168511163,0.220701202177281],[30.694225546694554,0.213043699796117],[30.748101933528005,0.213864146768344],[30.77216854289628,0.229999593549167],[30.771074606503646,0.242579759448233],[30.786936689860283,0.263637836724797],[30.791585921399417,0.279499742441203],[30.795688184257756,0.295908587332235],[30.815652530877003,0.316419609379977],[30.815652530877003,0.333375357022874],[30.83974101871695,0.355833473383939],[30.839916048977443,0.367560241810452],[30.848842573105856,0.37946202137573],[30.84901760310737,0.41954289020407],[30.843591676606934,0.429344294925556],[30.847792393897578,0.438620612826014],[30.857419037688487,0.44877204187236],[30.85667516066843,0.481326528064642],[30.847887314496063,0.493326811471604],[30.84765018211425,0.493085923428055],[30.820848730538103,0.493085923628428],[30.792679858193765,0.478591782032879],[30.76505795413425,0.475583560138716],[30.75247768099831,0.481873477139629],[30.74536709169729,0.482693901101129],[30.735795144883127,0.490351182155678],[30.714412099104266,0.491410894531668],[30.69945593199293,0.483292126098149],[30.686636360183115,0.482437518327288],[30.68535440300218,0.470045693684085],[30.670825554950966,0.450389651107344],[30.649459601934723,0.424751255392835],[30.648177644753787,0.414923180871881],[30.621683863013402,0.387148122607471],[30.58045611996016,0.385336330812493],[30.5645940365539,0.372482854728503],[30.55091982662333,0.343494095832909],[30.538066068888497,0.335836672986545],[30.53396380614231,0.377952421144244],[30.517554754259322,0.409949316129541],[30.51673430135088,0.439484797351724],[30.526853217145742,0.451517738485165],[30.528767606484223,0.478318307330824],[30.507982807441806,0.491992027053698],[30.498684344549304,0.495273716072916],[30.49294117651823,0.502930982662576],[30.49075330292942,0.551062164181701],[30.47497873395764,0.578989012307261],[30.451174669706575,0.579864116949523],[30.44678731910766,0.583589685809209]]]}},{"type":"Feature","id":"gb:47994165B73404797657815","properties":{"id":"gb:47994165B73404797657815","name":"Kitagwenda","parentId":"gb:17295835B91329899113986","level":"ADM2","countryCode":"UG"},"geometry":{"type":"Polygon","coordinates":[[[30.345533193043707,0.211949770165006],[30.333904645343125,0.204434474366508],[30.291197352510267,0.207059905353788],[30.282538365722417,0.211870421620347],[30.28174573898434,0.212310767193173],[30.274569513245012,0.20058384053408],[30.274273466967884,0.121785840487917],[30.267863681062806,0.098710654104536],[30.259744618806167,0.069652990100167],[30.254189471132406,0.056833425703473],[30.24136989932265,0.029912332864058],[30.216175167525762,-0.05141502243805],[30.2014070208009,-0.07329374523755],[30.20600799025607,-0.080962020718118],[30.20632973637595,-0.081498263703509],[30.23176376677577,-0.110487547953596],[30.252275081404605,-0.111034514938353],[30.25355397155215,-0.111066688039784],[30.29575906932098,-0.1121284498563],[30.38326307350809,-0.15437617364455],[30.401991271096392,-0.160327167159494],[30.43017108289439,-0.158926933526118],[30.44329832478661,-0.148775236858796],[30.459051014626652,-0.141424005178351],[30.457125685868334,-0.12952200614626],[30.44837419151287,-0.119720355665038],[30.425445276153425,-0.106768169138149],[30.425095216161935,-0.080513721239527],[30.416868811833183,-0.061960567960114],[30.408292347350027,-0.02397909389498],[30.397790553893515,-0.014352450517947],[30.38956414903413,0.001050179076231],[30.382037864157724,0.002975507680674],[30.37153607070121,0.017678018061019],[30.404879264566148,0.045671856331069],[30.412810306325696,0.051961990612767],[30.441526147179673,0.082318715460929],[30.44602472620005,0.116726687473488],[30.406742375294243,0.119221931650145],[30.374693445905677,0.142724418298712],[30.36742902173131,0.162381025758293],[30.361668760923067,0.186789376408626],[30.345533193043707,0.211949770165006]]]}},{"type":"Feature","id":"gb:47994165B30266788778311","properties":{"id":"gb:47994165B30266788778311","name":"Burahya","parentId":"gb:17295835B91329899113986","level":"ADM2","countryCode":"UG"},"geometry":{"type":"Polygon","coordinates":[[[30.535758956337972,1.063456241710407],[30.502808486404035,1.044870506251925],[30.473403465343438,1.042595495155808],[30.46552712044962,1.038045468305597],[30.456950655624723,1.036470457603286],[30.45607550654563,1.019320288835502],[30.446098802980487,1.009520151375341],[30.446273832621614,1.000595000369344],[30.426845515221032,0.982394618029844],[30.42772066475061,0.975569448657552],[30.384488282301675,0.974344416512849],[30.378012176501443,0.968394255466308],[30.37626187802357,0.959118984110034],[30.36873559256594,0.948618646619877],[30.350729393241465,0.947579548531564],[30.333773372812175,0.930625805416241],[30.331312014984746,0.92296924972328],[30.320099162760073,0.90902333810277],[30.30943327925155,0.890428705788338],[30.298767395222455,0.877576478086667],[30.281811375192092,0.863356941235566],[30.271965944023464,0.860895862050882],[30.25911218670751,0.866091471760058],[30.243797071585277,0.861989675235407],[30.230122861654877,0.860075502010545],[30.203321409759496,0.836011528612744],[30.195105944583645,0.822262183287023],[30.205257678048667,0.808611234362161],[30.203507379446307,0.792510056892127],[30.185479300656652,0.774308650252806],[30.173511632542727,0.75534147630475],[30.16968285376231,0.742488817026185],[30.159290453768904,0.72088532734864],[30.142607917882685,0.690804348531856],[30.144248823291605,0.67904536814882],[30.162572264505002,0.665098633166281],[30.169956337960798,0.659355849011376],[30.22574711420907,0.659629314996891],[30.25500992372821,0.633649971077375],[30.256716465127624,0.61661838904007],[30.273694364177288,0.599116385429795],[30.29084729311404,0.59386577337068],[30.290497233339806,0.582664451030951],[30.258641793885715,0.546435023769561],[30.266343108918704,0.53785894324966],[30.267232260745175,0.52883479327005],[30.276193790965294,0.513264778414282],[30.28000244130868,0.503295468350075],[30.263423610401617,0.48223665130115],[30.25636640535339,0.458573408277061],[30.25794167397987,0.442646181487703],[30.267743348015472,0.429169269950592],[30.28734669529888,0.423743493998643],[30.296448249501623,0.412541879297976],[30.28577142638784,0.395389376759283],[30.28317879618504,0.368654156028015],[30.283999248780844,0.354159781893486],[30.29466513247621,0.340212343584653],[30.29466513247621,0.326811845490568],[30.29904087970442,0.324624006952831],[30.29220377464901,0.294814664955538],[30.29224753221081,0.277596314913069],[30.285946456231272,0.265694415997928],[30.29294765156942,0.255542787566867],[30.291897472436574,0.240840415422781],[30.28489627695228,0.228763454646298],[30.282538365722417,0.211870421620347],[30.291197352510267,0.207059905353788],[30.333904645343125,0.204434474366508],[30.345533193043707,0.211949770165006],[30.35182332961375,0.221248167014437],[30.363309666377575,0.246955466696306],[30.378898265698297,0.263637837146348],[30.379171749717898,0.287157206230631],[30.38819672811877,0.302745599501975],[30.381906591548784,0.316419609014929],[30.368779350349655,0.329820121983346],[30.379992202492588,0.344861492154621],[30.379171749717898,0.377131986945813],[30.386555823200013,0.386977198463342],[30.386555823200013,0.40338586088734],[30.363309666377575,0.430186602561605],[30.362215729583113,0.438117416628756],[30.369326318408582,0.45069731123175],[30.368779350349655,0.507306559795211],[30.378077812805998,0.519612854666548],[30.38737627585516,0.519886327481913],[30.411989853483647,0.541764123869427],[30.43168071602986,0.565556138525949],[30.431954200105736,0.570752082389959],[30.435509494810276,0.573486788472849],[30.44678731910766,0.583589685809209],[30.429120903818216,0.598591324082861],[30.43017108289439,0.607867393877257],[30.421769648488578,0.613993092337012],[30.396565344928433,0.616793408788453],[30.394289956395937,0.657047794679897],[30.404091630074163,0.668949030151339],[30.403566540412783,0.676299778849966],[30.41196797499407,0.685400690373569],[30.42159461878515,0.685750725088383],[30.430586779190435,0.698734806930247],[30.429766326281936,0.78214051478642],[30.447269315076653,0.78214051478642],[30.47270334582106,0.810033210581764],[30.482275292666372,0.831089333896955],[30.490206334155175,0.85187189175042],[30.4893858819363,0.85870823483333],[30.483369229566904,0.867458736283027],[30.488838913239817,0.885506581756204],[30.51618733334402,0.921055108668213],[30.53116332800704,0.936543217904614],[30.542360077730024,0.946479956341999],[30.530237584103475,0.958004691961321],[30.519127288401876,0.96569535162314],[30.522973160077925,0.9789403346565],[30.52211852195734,1.02465648397299],[30.526391712560667,1.041319218820377],[30.535758956337972,1.063456241710407]]]}},{"type":"Feature","id":"gb:47994165B11721893458190","properties":{"id":"gb:47994165B11721893458190","name":"Bunyangabu","parentId":"gb:17295835B91329899113986","level":"ADM2","countryCode":"UG"},"geometry":{"type":"Polygon","coordinates":[[[30.144248823291605,0.67904536814882],[30.143428370695744,0.670021015025213],[30.136591265316156,0.661270110901569],[30.13577081313474,0.647049859859976],[30.115806466636286,0.627360215365741],[30.107875424876568,0.626539811887824],[30.09885044589572,0.614233744364242],[30.08955198349139,0.591262343232358],[30.082167910009503,0.578682725782585],[30.077485860727165,0.544159738286339],[30.054556945515685,0.527707648707974],[30.042129823523112,0.503904548529988],[30.037754076353167,0.494278270271536],[30.024101745158532,0.494103246895122],[30.005373546874296,0.476600886056985],[29.995746903446957,0.458573408277061],[29.993296484803523,0.447196821474336],[30.015175220916092,0.441245983739748],[30.037404016578932,0.434244992592596],[30.05805754325786,0.422868368196418],[30.06750915716185,0.415167259115151],[30.177340411323314,0.414051472799031],[30.19238204224689,0.407761497993306],[30.204415346671396,0.399010220514072],[30.213440325539636,0.383968940781756],[30.217816072717426,0.371935897872845],[30.23012286185684,0.367013285005839],[30.25391598693392,0.354980218779019],[30.283999248780844,0.354159781893486],[30.28317879618504,0.368654156028015],[30.28577142638784,0.395389376759283],[30.296448249501623,0.412541879297976],[30.28734669529888,0.423743493998643],[30.267743348015472,0.429169269950592],[30.25794167397987,0.442646181487703],[30.25636640535339,0.458573408277061],[30.263423610401617,0.48223665130115],[30.28000244130868,0.503295468350075],[30.276193790965294,0.513264778414282],[30.267232260745175,0.52883479327005],[30.266343108918704,0.53785894324966],[30.258641793885715,0.546435023769561],[30.290497233339806,0.582664451030951],[30.29084729311404,0.59386577337068],[30.273694364177288,0.599116385429795],[30.256716465127624,0.61661838904007],[30.25500992372821,0.633649971077375],[30.22574711420907,0.659629314996891],[30.169956337960798,0.659355849011376],[30.162572264505002,0.665098633166281],[30.144248823291605,0.67904536814882]]]}},{"type":"Feature","id":"gb:47994165B11452154134589","properties":{"id":"gb:47994165B11452154134589","name":"Bughendra","parentId":"gb:17295835B91329899113986","level":"ADM2","countryCode":"UG"},"geometry":{"type":"Polygon","coordinates":[[[30.230122861654877,0.860075502010545],[30.203047925756096,0.887420741555786],[30.191288105452372,0.894530471102939],[30.175426021648434,0.896718076948559],[30.16421316942376,0.89753842928468],[30.151359412280158,0.904921589315222],[30.0985769621239,0.903280888423637],[30.057280848133814,0.877303026216623],[30.03882066472778,0.879388098201048],[29.993524844333194,0.861442768697771],[29.97386816755801,0.849906440707457],[29.965749105411874,0.838797351551136],[29.96489446729123,0.812306320155756],[29.96233055292936,0.794787961715656],[29.970449615075495,0.782396882734247],[29.97386816755801,0.741805163884635],[29.973440848497887,0.734114058786929],[29.96916765789456,0.720440950482669],[29.96916765789456,0.689676307964589],[29.95805736232603,0.671730174096524],[29.957630043265738,0.648229185122489],[29.970022296015202,0.616609501318408],[29.975150124739173,0.608063608191003],[29.972425965729485,0.568859153002677],[29.975096709856473,0.554838420513306],[29.97643208192011,0.531470459610148],[29.94705389652262,0.486737262582153],[29.924352571442796,0.458695403960121],[29.925703447046452,0.456346126072641],[29.939709350173246,0.431988769687734],[29.948389268586027,0.424644428562431],[29.969755221602497,0.425979763835016],[29.981773570075177,0.429318100921421],[29.98511200033289,0.432656436712705],[29.993296484803523,0.447196821474336],[29.995746903446957,0.458573408277061],[30.005373546874296,0.476600886056985],[30.024101745158532,0.494103246895122],[30.037754076353167,0.494278270271536],[30.042129823523112,0.503904548529988],[30.054556945515685,0.527707648707974],[30.077485860727165,0.544159738286339],[30.082167910009503,0.578682725782585],[30.08955198349139,0.591262343232358],[30.09885044589572,0.614233744364242],[30.107875424876568,0.626539811887824],[30.115806466636286,0.627360215365741],[30.13577081313474,0.647049859859976],[30.136591265316156,0.661270110901569],[30.143428370695744,0.670021015025213],[30.144248823291605,0.67904536814882],[30.142607917882685,0.690804348531856],[30.159290453768904,0.72088532734864],[30.16968285376231,0.742488817026185],[30.173511632542727,0.75534147630475],[30.185479300656652,0.774308650252806],[30.203507379446307,0.792510056892127],[30.205257678048667,0.808611234362161],[30.195105944583645,0.822262183287023],[30.203321409759496,0.836011528612744],[30.230122861654877,0.860075502010545]]]}},{"type":"Feature","id":"gb:47994165B6683335913560","properties":{"id":"gb:47994165B6683335913560","name":"Ntoroko","parentId":"gb:17295835B91329899113986","level":"ADM2","countryCode":"UG"},"geometry":{"type":"Polygon","coordinates":[[[30.502808486404035,1.044870506251925],[30.52001893859466,1.054578087313075],[30.499470611759932,1.077635128694851],[30.496052059277417,1.086179986281479],[30.50203452612203,1.096861024265877],[30.505453078604546,1.11950469825473],[30.488787635251924,1.147275002713741],[30.488360316191404,1.168209362085634],[30.49904329269964,1.190852473075381],[30.477677339683396,1.21306817479558],[30.509298950147524,1.236138133480267],[30.48793299713128,1.245109730154923],[30.48066857310556,1.242119201311709],[30.47425878720071,1.224603178958944],[30.458020662908382,1.216913181670236],[30.414861437815205,1.214777067415525],[30.397341356341997,1.210504833842549],[30.343499154740755,1.209223162456965],[30.337516687896198,1.198542544103873],[30.335807411654912,1.178462869126349],[30.32426979702609,1.17034551248247],[30.283247167234663,1.190852473075381],[30.267436362002684,1.179744554859042],[30.2477796852275,1.16222813234441],[30.235814751538385,1.148129469379001],[30.233678156236806,1.110276353918039],[30.229575893257675,1.098792151874818],[30.220277430504837,1.089495384529528],[30.21726910432028,1.068714271801127],[30.22656756707289,1.06105803678588],[30.22656756707289,1.049300210451861],[30.218363041114742,1.039456414861434],[30.21863652531323,1.009651403412136],[30.19812521041763,0.991330755673744],[30.193202494842694,0.991877642157931],[30.186091905678836,0.985861885871884],[30.185271453083033,0.976838231084059],[30.175699506131707,0.95824395717716],[30.173785116741385,0.946759208040191],[30.168041948570647,0.940469924505351],[30.158196517420663,0.923789596097947],[30.151359412280158,0.904921589315222],[30.16421316942376,0.89753842928468],[30.175426021648434,0.896718076948559],[30.191288105452372,0.894530471102939],[30.203047925756096,0.887420741555786],[30.230122861654877,0.860075502010545],[30.243797071585277,0.861989675235407],[30.25911218670751,0.866091471760058],[30.271965944023464,0.860895862050882],[30.281811375192092,0.863356941235566],[30.298767395222455,0.877576478086667],[30.30943327925155,0.890428705788338],[30.320099162760073,0.90902333810277],[30.331312014984746,0.92296924972328],[30.333773372812175,0.930625805416241],[30.350729393241465,0.947579548531564],[30.36873559256594,0.948618646619877],[30.37626187802357,0.959118984110034],[30.378012176501443,0.968394255466308],[30.384488282301675,0.974344416512849],[30.42772066475061,0.975569448657552],[30.426845515221032,0.982394618029844],[30.446273832621614,1.000595000369344],[30.446098802980487,1.009520151375341],[30.45607550654563,1.019320288835502],[30.456950655624723,1.036470457603286],[30.46552712044962,1.038045468305597],[30.473403465343438,1.042595495155808],[30.502808486404035,1.044870506251925]]]}},{"type":"Feature","id":"gb:47994165B63410985341096","properties":{"id":"gb:47994165B63410985341096","name":"Ibanda","parentId":"gb:17295835B91329899113986","level":"ADM2","countryCode":"UG"},"geometry":{"type":"Polygon","coordinates":[[[30.44602472620005,0.116726687473488],[30.441526147179673,0.082318715460929],[30.412810306325696,0.051961990612767],[30.404879264566148,0.045671856331069],[30.37153607070121,0.017678018061019],[30.382037864157724,0.002975507680674],[30.38956414903413,0.001050179076231],[30.397790553893515,-0.014352450517947],[30.408292347350027,-0.02397909389498],[30.416868811833183,-0.061960567960114],[30.425095216161935,-0.080513721239527],[30.425445276153425,-0.106768169138149],[30.44837419151287,-0.119720355665038],[30.457125685868334,-0.12952200614626],[30.459051014626652,-0.141424005178351],[30.44329832478661,-0.148775236858796],[30.43017108289439,-0.158926933526118],[30.401991271096392,-0.160327167159494],[30.38326307350809,-0.15437617364455],[30.29575906932098,-0.1121284498563],[30.25355397155215,-0.111066688039784],[30.259385670883262,-0.127990498777308],[30.266496260069857,-0.136195002648378],[30.269778070199436,-0.15123658606467],[30.277982596411505,-0.167098608473111],[30.284546217163438,-0.181319720970691],[30.299587848101567,-0.180499272522468],[30.315176447105387,-0.174209165719674],[30.321740068189,-0.175303097798405],[30.34252486720959,-0.182413652371736],[30.349088487783035,-0.184601514973906],[30.362215729583113,-0.199096095911727],[30.37616342371217,-0.22699129105564],[30.39936582312214,-0.242590698718061],[30.408467376896624,-0.2527423369811],[30.411092825485298,-0.274970897567016],[30.442248145464077,-0.275320952868015],[30.45152472948081,-0.264294192257296],[30.452924968577747,-0.254492619039354],[30.469727837678477,-0.248541659972489],[30.488981125322255,-0.237339848159252],[30.502633456217552,-0.243990924815137],[30.515935727809392,-0.242940755220161],[30.526819031275636,-0.235452139984034],[30.546903027205246,-0.233742877718612],[30.559722598960718,-0.228615090578728],[30.573824128256945,-0.22605119647011],[30.595190081273188,-0.218786827184942],[30.61925989501997,-0.216723715158292],[30.625102415496087,-0.216222931297352],[30.62681169132702,-0.185456147915829],[30.651168877842053,-0.164517612356747],[30.66997091677598,-0.158107851886598],[30.669338484621164,-0.094898973527449],[30.67644907342992,-0.08423310289561],[30.676202460370178,-0.071218747993498],[30.67486286513207,-0.000525089538087],[30.686414837664927,0.009976703868062],[30.684139449067573,0.047433094233952],[30.67608807464279,0.055484465541952],[30.662260713523267,0.063010746241389],[30.639856888010968,0.079113483834305],[30.620428570141996,0.096616451676198],[30.625133373907374,0.106418110177003],[30.629950196400614,0.122772870061169],[30.624797316320496,0.126469492156332],[30.605754064461337,0.143272315253682],[30.60004108917309,0.157274657734774],[30.589268384079446,0.168217342225205],[30.588387161448964,0.167372091522509],[30.56979023632732,0.159988048280411],[30.559124352422543,0.158620632546558],[30.55037285802507,0.151510069113726],[30.543262269062325,0.150416136457466],[30.510444164780893,0.126896564571666],[30.48583058735437,0.111581482501549],[30.474344251012894,0.108026194448996],[30.460670041082324,0.117598122835261],[30.453832936117124,0.116230704689087],[30.44602472620005,0.116726687473488]]]}},{"type":"Feature","id":"gb:47994165B17746304388431","properties":{"id":"gb:47994165B17746304388431","name":"Busongora","parentId":"gb:17295835B91329899113986","level":"ADM2","countryCode":"UG"},"geometry":{"type":"Polygon","coordinates":[[[30.282538365722417,0.211870421620347],[30.28489627695228,0.228763454646298],[30.291897472436574,0.240840415422781],[30.29294765156942,0.255542787566867],[30.285946456231272,0.265694415997928],[30.29224753221081,0.277596314913069],[30.29220377464901,0.294814664955538],[30.29904087970442,0.324624006952831],[30.29466513247621,0.326811845490568],[30.29466513247621,0.340212343584653],[30.283999248780844,0.354159781893486],[30.25391598693392,0.354980218779019],[30.23012286185684,0.367013285005839],[30.217816072717426,0.371935897872845],[30.213440325539636,0.383968940781756],[30.204415346671396,0.399010220514072],[30.19238204224689,0.407761497993306],[30.177340411323314,0.414051472799031],[30.06750915716185,0.415167259115151],[30.05805754325786,0.422868368196418],[30.037404016578932,0.434244992592596],[30.015175220916092,0.441245983739748],[29.993296484803523,0.447196821474336],[29.98511200033289,0.432656436712705],[29.981773570075177,0.429318100921421],[29.969755221602497,0.425979763835016],[29.948389268586027,0.424644428562431],[29.939709350173246,0.431988769687734],[29.925703447046452,0.456346126072641],[29.908915670388467,0.443980060433148],[29.873875507441653,0.391848523657359],[29.869174997777975,0.373901523914867],[29.892677546095968,0.373474213943098],[29.908915670329122,0.355954487592896],[29.91190690381086,0.306386306046534],[29.92600843266979,0.289721088631609],[29.931990899646166,0.276047045010273],[29.947801704878145,0.255963265726052],[29.978568677221688,0.231606299948396],[29.996088758625262,0.206821976424578],[30.000789268358744,0.147424913139332],[30.005489778022365,0.118794613658281],[30.000789268358744,0.095292106521583],[29.988397015609223,0.071362264624042],[29.97942331498399,0.03974066907557],[29.966176424472167,0.040167988380347],[29.95164757618062,0.042304583308351],[29.917034732534603,0.038886031504546],[29.89353218421678,-0.000854638120643],[29.88584044081017,-0.019229357272138],[29.876439421803695,-0.061106614042444],[29.867038402476396,-0.076490089077936],[29.86105593559597,-0.099137972286826],[29.848236363822082,-0.125204385029065],[29.825161134321547,-0.133323426119887],[29.797812714703525,-0.145715642490757],[29.774737485445883,-0.154689311912932],[29.739697322499183,-0.161953708200144],[29.71149426421789,-0.178191761223275],[29.711921583577862,-0.187165415547895],[29.843108534958674,-0.188447365581396],[29.852936873124918,-0.180755662636329],[29.880712612406853,-0.176055175809267],[29.89823269386642,-0.163662977564911],[29.954211490783052,-0.161953708200144],[30.01019028737653,-0.124777066635772],[30.039675302773276,-0.108538976304317],[30.100354609261842,-0.076917407428937],[30.131548900818643,-0.068798352180124],[30.14864166323173,-0.058970019913943],[30.15889732045798,-0.06067929514569],[30.1674437016282,-0.066661758627561],[30.2014070208009,-0.07329374523755],[30.216175167525762,-0.05141502243805],[30.24136989932265,0.029912332864058],[30.254189471132406,0.056833425703473],[30.259744618806167,0.069652990100167],[30.267863681062806,0.098710654104536],[30.274273466967884,0.121785840487917],[30.274569513245012,0.20058384053408],[30.28174573898434,0.212310767193173],[30.282538365722417,0.211870421620347]]]}},{"type":"Feature","id":"gb:47994165B33706557437921","properties":{"id":"gb:47994165B33706557437921","name":"Bukonjo","parentId":"gb:17295835B91329899113986","level":"ADM2","countryCode":"UG"},"geometry":{"type":"Polygon","coordinates":[[[29.869174997777975,0.373901523914867],[29.855722993759002,0.322436168243883],[29.85599647795749,0.313411328635425],[29.843416204821608,0.252698580269453],[29.82509276351476,0.191985548162506],[29.818802626946706,0.179952306831296],[29.78653149151097,0.180772755361943],[29.778600449751252,0.175303097798405],[29.747696735308352,0.135374552356495],[29.733202072782092,0.107479227019041],[29.727185420412695,0.092164135185556],[29.72089528384481,0.084233102829046],[29.719613326663705,0.058970019914],[29.722177241025577,0.029912332864058],[29.72303187914639,0.026066461780772],[29.728587026930654,0.018374719279166],[29.724741155387676,0.005555147775624],[29.725595793508262,-0.012392252652887],[29.73200557941317,-0.014528847895349],[29.74183391780076,-0.033758203812624],[29.728587026930654,-0.077344726428407],[29.71149426421789,-0.178191761223275],[29.739697322499183,-0.161953708200144],[29.774737485445883,-0.154689311912932],[29.797812714703525,-0.145715642490757],[29.825161134321547,-0.133323426119887],[29.848236363822082,-0.125204385029065],[29.86105593559597,-0.099137972286826],[29.867038402476396,-0.076490089077936],[29.876439421803695,-0.061106614042444],[29.88584044081017,-0.019229357272138],[29.89353218421678,-0.000854638120643],[29.917034732534603,0.038886031504546],[29.95164757618062,0.042304583308351],[29.966176424472167,0.040167988380347],[29.97942331498399,0.03974066907557],[29.988397015609223,0.071362264624042],[30.000789268358744,0.095292106521583],[30.005489778022365,0.118794613658281],[30.000789268358744,0.147424913139332],[29.996088758625262,0.206821976424578],[29.978568677221688,0.231606299948396],[29.947801704878145,0.255963265726052],[29.931990899646166,0.276047045010273],[29.92600843266979,0.289721088631609],[29.91190690381086,0.306386306046534],[29.908915670329122,0.355954487592896],[29.892677546095968,0.373474213943098],[29.869174997777975,0.373901523914867]]]}},{"type":"Feature","id":"gb:47994165B24748680846243","properties":{"id":"gb:47994165B24748680846243","name":"Kazo","parentId":"gb:17295835B91329899113986","level":"ADM2","countryCode":"UG"},"geometry":{"type":"Polygon","coordinates":[[[30.77216854289628,0.229999593549167],[30.748101933528005,0.213864146768344],[30.694225546694554,0.213043699796117],[30.674808168511163,0.220701202177281],[30.66851803194095,0.229726111746629],[30.64937413812271,0.228085219223829],[30.640622643767188,0.225623880729358],[30.62913630742554,0.219333791584518],[30.615188613296482,0.193079478780589],[30.589268384079446,0.168217342225205],[30.60004108917309,0.157274657734774],[30.605754064461337,0.143272315253682],[30.624797316320496,0.126469492156332],[30.629950196400614,0.122772870061169],[30.625133373907374,0.106418110177003],[30.620428570141996,0.096616451676198],[30.639856888010968,0.079113483834305],[30.662260713523267,0.063010746241389],[30.67608807464279,0.055484465541952],[30.684139449067573,0.047433094233952],[30.686414837664927,0.009976703868062],[30.67486286513207,-0.000525089538087],[30.676202460370178,-0.071218747993498],[30.69662647055162,-0.090212700274208],[30.70558800077157,-0.121478429747697],[30.731875156083788,-0.162701341108118],[30.769787407318688,-0.162427517878882],[30.779433498873402,-0.154026115516558],[30.780366991829737,-0.142201913405017],[30.81615087986114,-0.09272690415952],[30.841666347848616,-0.086503626899685],[30.86095853096134,-0.085881299116465],[30.875894414419008,-0.092726904519793],[30.887096327436268,-0.091482248792772],[30.89829824021143,-0.085881299116465],[30.92412487219184,-0.082769659918768],[30.92972582846255,-0.070011937756419],[30.9282672464376,-0.035005975244076],[30.934101576007834,-0.034033587158888],[30.945770235148643,-0.034033587158888],[30.9676489708512,-0.023337317747803],[30.996820618842662,-0.022851123504381],[31.011967313624837,-0.016330013740287],[31.03522995522701,0.012154853180391],[31.042036672780114,0.033061198623273],[31.041550478497243,0.067580968094433],[31.037174731747598,0.093835425009786],[31.042036672780114,0.124951793035279],[31.03377137266557,0.142454733207387],[31.00362733672091,0.176001998577078],[31.004583837040908,0.21879537613483],[30.990887531135854,0.210667822062646],[30.94345511512296,0.210667821887341],[30.928926267388306,0.217932195270862],[30.916106695578492,0.220496090866959],[30.904141761560027,0.226905827490384],[30.893886104441663,0.228615090650351],[30.87209283217146,0.221350722413831],[30.811840844858807,0.221778038499792],[30.784065105578634,0.226478512135884],[30.77216854289628,0.229999593549167]]]}},{"type":"Feature","id":"gb:47994165B6241508458979","properties":{"id":"gb:47994165B6241508458979","name":"Nyabushozi","parentId":"gb:17295835B91329899113986","level":"ADM2","countryCode":"UG"},"geometry":{"type":"Polygon","coordinates":[[[30.61925989501997,-0.216723715158292],[30.616130614425117,-0.246013474284382],[30.608837702354094,-0.264002478795987],[30.609810090723897,-0.282477645681354],[30.604461955284535,-0.297063283031605],[30.61418583766931,-0.311648901575495],[30.657943309656503,-0.316024582681735],[30.67884965730616,-0.339847704687145],[30.67884965730616,-0.349571411310023],[30.668639580287277,-0.366101689718278],[30.669611968819822,-0.378256286126202],[30.689507032654603,-0.398909337703401],[30.7156448291297,-0.41820103026231],[30.738359818923527,-0.437492675409544],[30.759830151742392,-0.450250026543074],[30.787834933279328,-0.474520047210547],[30.812105744692417,-0.49847882991935],[30.77787767787993,-0.537995071606417],[30.7753883635894,-0.548263030420628],[30.776321856661013,-0.558530971356504],[30.782856305582925,-0.574088423235196],[30.76947624329864,-0.598357963997671],[30.80712711638847,-0.619515937209087],[30.832642584342466,-0.631028328900129],[30.840110526335934,-0.646896718444907],[30.867492980013083,-0.689523319911643],[30.88927447714258,-0.689523319830641],[30.893728996526953,-0.688514822043005],[30.905766182061427,-0.685789617832768],[30.915412273617676,-0.687345327353398],[30.934393292320806,-0.699479843806387],[30.949018011571695,-0.697924138501037],[30.969107553430035,-0.687948164656405],[31.02890943152579,-0.688920482726758],[31.070235932205662,-0.658778531988276],[31.07752884461189,-0.65683388332377],[31.077762217752934,-0.655900451834725],[31.082390785685106,-0.637387358449303],[31.092600862668633,-0.621343920217953],[31.11885534573497,-0.562517572448428],[31.131982587268226,-0.541612195402195],[31.148513187499475,-0.504662982018772],[31.148102135315526,-0.474657278605605],[31.148026993216547,-0.46917209325045],[31.143651246408808,-0.454586742989022],[31.133441169220873,-0.4361119240466],[31.11393506113069,-0.397042397278767],[31.10522246216766,-0.362503925290298],[31.08717493616814,-0.330454594791547],[31.079706994213552,-0.313340831688379],[31.068193916936025,-0.291559637885541],[31.06228179666806,-0.279424383247317],[31.070060902659066,-0.271334206486017],[31.07192788822431,-0.247063643884985],[31.06352645364302,-0.226215817481943],[31.06259296066554,-0.217503284233942],[31.070060902659066,-0.203500987195525],[31.070060902659066,-0.16709496243783],[31.079706994213552,-0.149669830796142],[31.077217680368165,-0.131000032484167],[31.08655260763294,-0.117308837682572],[31.084685621909955,-0.059121195984631],[31.073044011575007,-0.038209421563408],[31.067882753055585,-0.028938273438428],[31.057925496807286,-0.027382452634697],[31.023075101955385,-0.026137795568502],[31.011967313624837,-0.016330013740287],[30.996820618842662,-0.022851123504381],[30.9676489708512,-0.023337317747803],[30.945770235148643,-0.034033587158888],[30.934101576007834,-0.034033587158888],[30.9282672464376,-0.035005975244076],[30.92972582846255,-0.070011937756419],[30.92412487219184,-0.082769659918768],[30.89829824021143,-0.085881299116465],[30.887096327436268,-0.091482248792772],[30.875894414419008,-0.092726904519793],[30.86095853096134,-0.085881299116465],[30.841666347848616,-0.086503626899685],[30.81615087986114,-0.09272690415952],[30.780366991829737,-0.142201913405017],[30.779433498873402,-0.154026115516558],[30.769787407318688,-0.162427517878882],[30.731875156083788,-0.162701341108118],[30.70558800077157,-0.121478429747697],[30.69662647055162,-0.090212700274208],[30.676202460370178,-0.071218747993498],[30.67644907342992,-0.08423310289561],[30.669338484621164,-0.094898973527449],[30.66997091677598,-0.158107851886598],[30.651168877842053,-0.164517612356747],[30.62681169132702,-0.185456147915829],[30.625102415496087,-0.216222931297352],[30.61925989501997,-0.216723715158292]]]}},{"type":"Feature","id":"gb:47994165B37773698387343","properties":{"id":"gb:47994165B37773698387343","name":"Lwemiyaga","parentId":"gb:17295835B48340970483027","level":"ADM2","countryCode":"UG"},"geometry":{"type":"Polygon","coordinates":[[[31.010099795646852,0.222068612884982],[31.004583837040908,0.21879537613483],[31.00362733672091,0.176001998577078],[31.03377137266557,0.142454733207387],[31.042036672780114,0.124951793035279],[31.037174731747598,0.093835425009786],[31.041550478497243,0.067580968094433],[31.042036672780114,0.033061198623273],[31.03522995522701,0.012154853180391],[31.011967313624837,-0.016330013740287],[31.023075101955385,-0.026137795568502],[31.057925496807286,-0.027382452634697],[31.067882753055585,-0.028938273438428],[31.073044011575007,-0.038209421563408],[31.09211466853776,-0.031116422845514],[31.108645268877353,-0.015072018104718],[31.135872140315314,-0.01653060021988],[31.14413744053985,-0.033547393112542],[31.165043787728393,-0.035492169602719],[31.190522289842136,-0.044226142969535],[31.198296915043557,-0.061432273369064],[31.208110786487396,-0.068697082755989],[31.24456230813246,-0.084501224564463],[31.252082028100403,-0.073795193782473],[31.25998410612806,-0.058500859302171],[31.259601747680563,-0.046647746818564],[31.269168679053166,-0.014338448202295],[31.275143032533208,0.001593160927882],[31.290278061349227,0.014338448202352],[31.299637881657873,0.018918785441087],[31.313378894805282,0.028477750415675],[31.313378894805282,0.034850393151089],[31.30467874254998,0.051030929228318],[31.30001127889369,0.066900297204995],[31.294721486549463,0.076857545549103],[31.295966143698138,0.09085992119293],[31.288187037631133,0.112019056386259],[31.28632005214365,0.128510725329932],[31.280096767293742,0.141579586825856],[31.276362796368744,0.157448909174718],[31.26575282960937,0.182245750492029],[31.259517385219567,0.176397029440579],[31.214939460628216,0.176670512008172],[31.15586687367039,0.236289678040293],[31.154225968751575,0.244494131312308],[31.123595738510858,0.245588058334874],[31.114297275507226,0.239024496344427],[31.102263971019227,0.237110123401578],[31.084214013572307,0.222342095730085],[31.010099795646852,0.222068612884982]]]}},{"type":"Feature","id":"gb:47994165B97901592069991","properties":{"id":"gb:47994165B97901592069991","name":"Mawogola","parentId":"gb:17295835B48340970483027","level":"ADM2","countryCode":"UG"},"geometry":{"type":"Polygon","coordinates":[[[31.26575282960937,0.182245750492029],[31.276362796368744,0.157448909174718],[31.280096767293742,0.141579586825856],[31.28632005214365,0.128510725329932],[31.288187037631133,0.112019056386259],[31.295966143698138,0.09085992119293],[31.294721486549463,0.076857545549103],[31.30001127889369,0.066900297204995],[31.30467874254998,0.051030929228318],[31.313378894805282,0.034850393151089],[31.313378894805282,0.028477750415675],[31.299637881657873,0.018918785441087],[31.290278061349227,0.014338448202352],[31.275143032533208,0.001593160927882],[31.269168679053166,-0.014338448202295],[31.259601747680563,-0.046647746818564],[31.25998410612806,-0.058500859302171],[31.27476863971515,-0.061559726414202],[31.297531723054476,-0.07838859131806],[31.303434085575134,-0.092104576481518],[31.302625058455362,-0.197750707789112],[31.28808746500721,-0.224435971893968],[31.28848844779708,-0.246189130712537],[31.28888404518716,-0.267650062223197],[31.2874900296477,-0.285174628465711],[31.295256689249356,-0.297919751067639],[31.296252414829212,-0.303495737517096],[31.304616509354105,-0.315045986325799],[31.320348973521106,-0.329782491232891],[31.330903665013295,-0.33077820021748],[31.368542091920915,-0.328786781778263],[31.392638650973538,-0.308275152187889],[31.41912495140167,-0.299712032736579],[31.42689161053363,-0.304690590953442],[31.444080323726325,-0.306495318418342],[31.532139804731912,-0.305872998726215],[31.534317954427024,-0.322053295987814],[31.546453359944508,-0.323920252219523],[31.568234856787114,-0.318008224704556],[31.57539163461331,-0.323920252219523],[31.583481904612313,-0.317074745730167],[31.58503772616956,-0.28004670431767],[31.57570279878064,-0.268222598107513],[31.571968827931983,-0.25733196444088],[31.566679035788297,-0.247063643884985],[31.56076691479342,-0.232439052145082],[31.550187330826645,-0.217192121736446],[31.53898541809434,-0.199767039747826],[31.536807268388202,-0.191987979119403],[31.5308951477175,-0.185142403062173],[31.53263766736626,-0.151150967933063],[31.528256474969794,-0.044011066308087],[31.52148554102581,-0.036244408694813],[31.519892379996577,-0.007965804468085],[31.530272819143022,0.008401434375799],[31.534317954427024,0.011513077200107],[31.54832034510366,0.023959646269191],[31.573213484483347,0.0367173779822],[31.59157217518009,0.057876539484766],[31.56979067822573,0.069078445377443],[31.534629118265002,0.097394361054512],[31.489510303337966,0.131000032484337],[31.48142003279594,0.132244686209617],[31.472085105687995,0.139401443667794],[31.445636144713035,0.150603320902121],[31.433811903597416,0.151847972816995],[31.42447697639409,0.157137746103388],[31.415764377569076,0.160249376605293],[31.407674107069,0.171451242547107],[31.407051778494747,0.175185196010375],[31.400206165075474,0.187320541117288],[31.38029165339185,0.206301447422675],[31.34699707960624,0.205990285598716],[31.294796846840086,0.209488429383839],[31.26575282960937,0.182245750492029]]]}},{"type":"Feature","id":"gb:47994165B29030563175808","properties":{"id":"gb:47994165B29030563175808","name":"Kagoma","parentId":"gb:17295835B57878138064711","level":"ADM2","countryCode":"UG"},"geometry":{"type":"Polygon","coordinates":[[[33.21831717403638,0.680057588342731],[33.19969975395645,0.680703249005774],[33.18346162967214,0.694376474772525],[33.17448792914479,0.688394443795971],[33.1385931283379,0.687539866970326],[33.1381658091712,0.681985116258488],[33.13602921387866,0.670448305058585],[33.12961942800098,0.668739145187715],[33.10868079377451,0.670021014697625],[33.08774216015911,0.678139515277906],[33.074495269093404,0.661475210463777],[33.0680854832155,0.657202302816358],[33.04842880660891,0.657629594021046],[33.04619324212692,0.663377800704562],[33.03251544447602,0.651151859254696],[33.03224196047256,0.634470373330032],[33.04071997076068,0.625719408281441],[33.042087391753626,0.603841931982231],[33.05029191727414,0.581964367284456],[33.05111237018275,0.575127611264804],[33.0571290226772,0.574307199911743],[33.0680854832155,0.555078776010419],[33.07876845967843,0.545250890949092],[33.102585742538,0.521504071640834],[33.110987177523555,0.505946484885612],[33.12156676180916,0.494744999107581],[33.141481273411046,0.47700927516405],[33.14863805074981,0.47420889313878],[33.15455017164862,0.465496587587779],[33.1607734565236,0.457406579641258],[33.16592486599751,0.458199078988287],[33.172908862029885,0.459273505367264],[33.184189943520664,0.473021868436774],[33.19282337323864,0.483543494798369],[33.22580678318627,0.510924917077773],[33.23451938229249,0.524926735613349],[33.22860726132171,0.555730625835395],[33.23918684594878,0.570354638832612],[33.23731986046397,0.575021869610964],[33.219894662836225,0.589956981152397],[33.23887568145068,0.622627397272936],[33.24323198111762,0.642851839518642],[33.23358588956137,0.650630450029951],[33.242858979057644,0.662329791847412],[33.23901310751461,0.668311855357558],[33.22277498322234,0.673866622094977],[33.21831717403638,0.680057588342731]]]}},{"type":"Feature","id":"gb:47994165B27757339786209","properties":{"id":"gb:47994165B27757339786209","name":"Butembe","parentId":"gb:17295835B57878138064711","level":"ADM2","countryCode":"UG"},"geometry":{"type":"Polygon","coordinates":[[[33.242858979057644,0.662329791847412],[33.23358588956137,0.650630450029951],[33.24323198111762,0.642851839518642],[33.23887568145068,0.622627397272936],[33.219894662836225,0.589956981152397],[33.23731986046397,0.575021869610964],[33.23918684594878,0.570354638832612],[33.22860726132171,0.555730625835395],[33.23451938229249,0.524926735613349],[33.22580678318627,0.510924917077773],[33.19282337323864,0.483543494798369],[33.184189943520664,0.473021868436774],[33.19188988082641,0.467363510814153],[33.20091364380664,0.467674665191566],[33.217716513130085,0.458962351113428],[33.23483054616668,0.459273505662679],[33.25879019313413,0.467985818656871],[33.27434840549273,0.474831200599056],[33.28399449704898,0.468608126643346],[33.291462438898975,0.47700927516405],[33.30608715835524,0.495678457117151],[33.321023042055174,0.497856524954841],[33.321023042055174,0.520881768906349],[33.32631283401611,0.529905152401511],[33.360540901011575,0.548263030285852],[33.365208364667865,0.550441079874361],[33.36334137920545,0.569110043391277],[33.35120597339579,0.587156650432064],[33.35618460159918,0.598357963997785],[33.355671210983814,0.624728087085771],[33.34712482977733,0.634983124842222],[33.33430525796757,0.637119588491942],[33.32704083394202,0.643101681988583],[33.32148568615776,0.643528974113792],[33.309948071528936,0.651647517663434],[33.29969241400801,0.654211265107278],[33.28986407569363,0.644810850274212],[33.28473624696011,0.652074808637053],[33.27405327046148,0.654211265547474],[33.26721616549628,0.660193338840713],[33.242858979057644,0.662329791847412]]]}},{"type":"Feature","id":"gb:47994165B29778202541114","properties":{"id":"gb:47994165B29778202541114","name":"Bunya","parentId":"gb:17295835B57878138064711","level":"ADM2","countryCode":"UG"},"geometry":{"type":"MultiPolygon","coordinates":[[[[33.66983815930121,-0.025515467144146],[33.68010657934491,-0.003733970922269],[33.680417743588634,0.00404513516537],[33.66952699505737,0.00404513516537],[33.653657618626085,0.001555821218574],[33.640899884632404,-0.010579584227287],[33.63561009248855,-0.019914511199033],[33.63561009248855,-0.027382452407664],[33.65645809681996,-0.028004780822528],[33.66983815930121,-0.025515467144146]]],[[[33.644011527069836,0.014935883530939],[33.65334645438236,0.01991451119909],[33.64805666223867,0.038273199135006],[33.640899884632404,0.029871766046767],[33.62938680761357,0.02178149653804],[33.62814215063855,0.011513076941299],[33.644011527069836,0.014935883530939]]],[[[33.57121452777858,0.157021744509279],[33.56547914843793,0.158423720813914],[33.559871221971264,0.150266766466075],[33.56229282658194,0.145168668441443],[33.542537631074595,0.141217641679646],[33.54177291382916,0.133188133631165],[33.57516556688017,0.12286447660415],[33.575802831251394,0.108972141777826],[33.578351888736165,0.107315257364121],[33.58982264741775,0.115727131122014],[33.5875284956814,0.128854747238165],[33.5875284956814,0.154090339205879],[33.58102839909526,0.15638448252156],[33.577204812867876,0.152688362613276],[33.57121452777858,0.157021744509279]]],[[[33.60609382724613,0.474132532666488],[33.59710648006853,0.463208815466544],[33.595824522887426,0.45124426277323],[33.58215031295697,0.45124426277323],[33.566766826477306,0.453808097218257],[33.566766826477306,0.470472998690923],[33.55010138343255,0.476882565208825],[33.53215398289882,0.49354741090724],[33.53813644937725,0.499956955579478],[33.538187727908564,0.545592730239662],[33.52888926527794,0.555164236010569],[33.51677049645161,0.554224177758385],[33.502668967700345,0.554224177758385],[33.49241330993658,0.544823591584134],[33.49113135294073,0.530295382723125],[33.477884462237284,0.54225979220854],[33.45908242355216,0.55550607553937],[33.42233298398111,0.557642570025052],[33.41989645980777,0.563622840290263],[33.40445395491071,0.565009196749145],[33.40035169193163,0.573486788472849],[33.39105322896967,0.588801115915999],[33.387497934230396,0.599739895708922],[33.37409720886507,0.603021524888334],[33.37108888234758,0.607943965555307],[33.365072230311114,0.624728087085771],[33.355671210983814,0.624728087085771],[33.35618460159918,0.598357963997785],[33.35120597339579,0.587156650432064],[33.36334137920545,0.569110043391277],[33.365208364667865,0.550441079874361],[33.360540901011575,0.548263030285852],[33.32631283401611,0.529905152401511],[33.321023042055174,0.520881768906349],[33.321023042055174,0.497856524954841],[33.30608715835524,0.495678457117151],[33.291462438898975,0.47700927516405],[33.28399449704898,0.468608126643346],[33.27434840549273,0.474831200599056],[33.25879019313413,0.467985818656871],[33.23483054616668,0.459273505662679],[33.217716513130085,0.458962351113428],[33.20091364380664,0.467674665191566],[33.19188988082641,0.467363510814153],[33.184189943520664,0.473021868436774],[33.172908862029885,0.459273505367264],[33.16592486599751,0.458199078988287],[33.19935782274865,0.417578718327547],[33.20246946479335,0.406377095248672],[33.21740534878052,0.397353554236133],[33.22393979800506,0.390819259496709],[33.25132225114044,0.387707689064314],[33.26563580655335,0.38210685918159],[33.26999210608017,0.372149818780485],[33.27119588978631,0.370983097910648],[33.29021778192396,0.352546863537782],[33.30484250138022,0.341033997425086],[33.326312834199086,0.330454594791661],[33.36116322949914,0.31800822435514],[33.368709500845725,0.314440949643133],[33.378277262905385,0.30991807548736],[33.38102851240348,0.3099365399787],[33.42464073522433,0.310229235174518],[33.43447352532684,0.319227969330598],[33.42810088161474,0.328985923880225],[33.43427438021081,0.3343627519194],[33.43546925090686,0.344718116101546],[33.45100256995477,0.361246846999109],[33.46115897087083,0.365030528206205],[33.46409469332974,0.37069216073877],[33.49302218943171,0.35746316421654],[33.473904258295704,0.355272610312909],[33.46434529272767,0.349895793990981],[33.449011118795624,0.336553310649322],[33.454388036927696,0.321219389387693],[33.46315042203156,0.310266574336367],[33.49481449547574,0.289954051258235],[33.434473525327576,0.293339474371066],[33.40261030676754,0.287166054993065],[33.402411161651514,0.28358148736811],[33.41316499791549,0.275018349130903],[33.419537641627585,0.263268916939978],[33.42830002673168,0.254307478139367],[33.42332139883149,0.238376016162135],[33.42750344626768,0.22204624851895],[33.44582479693963,0.212089064190025],[33.453989746695584,0.210695057865962],[33.46912477551177,0.191178956608383],[33.4754974192237,0.179429456234345],[33.48485723967576,0.176641438070249],[33.49760252709979,0.186001211642463],[33.51273755591575,0.182416618081277],[33.51532644242377,0.168874813857201],[33.52787258473194,0.166086794144462],[33.55176999865188,0.166285938422789],[33.571684510252,0.169073958107049],[33.57984946000795,0.186598643832212],[33.594586198592026,0.197551563649768],[33.60115798741998,0.20691132578861],[33.62704685250014,0.215076220174979],[33.62883915854417,0.222245392138063],[33.62306395018021,0.25112118727742],[33.626847707384115,0.260879200547208],[33.62306395018021,0.275416634768078],[33.626250272036145,0.294534329343378],[33.615894726004115,0.312058853949395],[33.635809237604235,0.312457138266439],[33.641982736200134,0.30588544511869],[33.67444339010825,0.302898310534204],[33.6772314217323,0.310465716530643],[33.681766932108076,0.31696656956467],[33.68668964776293,0.356894571619023],[33.692706300244765,0.378225899655206],[33.695988110628036,0.409128884241284],[33.679305574280875,0.425537500723181],[33.66152910148253,0.421161873421283],[33.63855642892025,0.438937845193834],[33.617771629495564,0.466832361824117],[33.60609382724613,0.474132532666488]]]]}},{"type":"Feature","id":"gb:47994165B31113025447965","properties":{"id":"gb:47994165B31113025447965","name":"Bunyaruguru","parentId":"gb:17295835B91329899113986","level":"ADM2","countryCode":"UG"},"geometry":{"type":"Polygon","coordinates":[[[29.711921583577862,-0.187165415547895],[29.682890704120894,-0.318008224355026],[29.734855132827192,-0.327654162782096],[29.77499532004947,-0.345390218357807],[29.79148702502323,-0.346323694661464],[29.821358792589933,-0.35752539585377],[29.84967473877134,-0.364993189254562],[29.86958925037129,-0.373083291771025],[29.872078564169385,-0.390196945104833],[29.887636776508828,-0.410422127553829],[29.891370747278586,-0.424735303003672],[29.93182209912146,-0.425668769611946],[29.932052656011706,-0.424925018902229],[29.94275174317829,-0.390410865841432],[29.959768537690138,-0.372908265432784],[29.9801886912594,-0.347140485587261],[29.999636456312203,-0.329151615737487],[30.030266686738173,-0.30289753263429],[30.036101016308578,-0.299494220743895],[30.067703634814507,-0.273240065831487],[30.087637594179796,-0.253792506378261],[30.106599165283285,-0.224134922672135],[30.116809241662338,-0.224134922697601],[30.13577081313491,-0.232400157294535],[30.14403611335962,-0.232400157294535],[30.158621937285318,-0.240665387080696],[30.177583508161263,-0.25816820977343],[30.191196944053104,-0.26740580119889],[30.209672320951825,-0.264002478795987],[30.23252344506193,-0.230455396841137],[30.228147697998395,-0.212952539026503],[30.21550665055014,-0.192532513504091],[30.216479038857756,-0.175515806733813],[30.20140702080107,-0.163361006634432],[30.206268961869796,-0.140996155719108],[30.200434632271538,-0.121548441827827],[30.20529657384799,-0.109879806221443],[30.20600799025607,-0.080962020718118],[30.2014070208009,-0.07329374523755],[30.1674437016282,-0.066661758627561],[30.15889732045798,-0.06067929514569],[30.14864166323173,-0.058970019913943],[30.131548900818643,-0.068798352180124],[30.100354609261842,-0.076917407428937],[30.039675302773276,-0.108538976304317],[30.01019028737653,-0.124777066635772],[29.954211490783052,-0.161953708200144],[29.89823269386642,-0.163662977564911],[29.880712612406853,-0.176055175809267],[29.852936873124918,-0.180755662636329],[29.843108534958674,-0.188447365581396],[29.711921583577862,-0.187165415547895]]]}},{"type":"Feature","id":"gb:47994165B43798322080680","properties":{"id":"gb:47994165B43798322080680","name":"Buhweju","parentId":"gb:17295835B91329899113986","level":"ADM2","countryCode":"UG"},"geometry":{"type":"Polygon","coordinates":[[[30.20600799025607,-0.080962020718118],[30.20529657384799,-0.109879806221443],[30.200434632271538,-0.121548441827827],[30.206268961869796,-0.140996155719108],[30.20140702080107,-0.163361006634432],[30.216479038857756,-0.175515806733813],[30.21550665055014,-0.192532513504091],[30.228147697998395,-0.212952539026503],[30.23252344506193,-0.230455396841137],[30.209672320951825,-0.264002478795987],[30.191196944053104,-0.26740580119889],[30.191333078409684,-0.307428797661942],[30.200356841478538,-0.311473873831346],[30.224938816404517,-0.329209958555623],[30.234584907959004,-0.327654163129807],[30.24267517852701,-0.338544726871191],[30.25076544896615,-0.357214237662731],[30.250454284358682,-0.373394449404657],[30.22244950278474,-0.395486613269497],[30.251076612932934,-0.410110971011818],[30.296817757041254,-0.411355596281169],[30.322652089457506,-0.43196753784332],[30.326067195808605,-0.434692278343107],[30.37491998215569,-0.432203035278121],[30.39794613581256,-0.41788987466191],[30.461112477572613,-0.417578718195728],[30.496274037081207,-0.372149818598643],[30.502808486404206,-0.342900949634156],[30.498452186642226,-0.331076913285074],[30.492851230371514,-0.302450240250664],[30.486939109972923,-0.293426599216957],[30.48569445299796,-0.261377058166488],[30.502633456217552,-0.243990924815137],[30.488981125322255,-0.237339848159252],[30.469727837678477,-0.248541659972489],[30.452924968577747,-0.254492619039354],[30.45152472948081,-0.264294192257296],[30.442248145464077,-0.275320952868015],[30.411092825485298,-0.274970897567016],[30.408467376896624,-0.2527423369811],[30.39936582312214,-0.242590698718061],[30.37616342371217,-0.22699129105564],[30.362215729583113,-0.199096095911727],[30.349088487783035,-0.184601514973906],[30.34252486720959,-0.182413652371736],[30.321740068189,-0.175303097798405],[30.315176447105387,-0.174209165719674],[30.299587848101567,-0.180499272522468],[30.284546217163438,-0.181319720970691],[30.277982596411505,-0.167098608473111],[30.269778070199436,-0.15123658606467],[30.266496260069857,-0.136195002648378],[30.259385670883262,-0.127990498777308],[30.25355397155215,-0.111066688039784],[30.252275081404605,-0.111034514938353],[30.23176376677577,-0.110487547953596],[30.20632973637595,-0.081498263703509],[30.20600799025607,-0.080962020718118]]]}},{"type":"Feature","id":"gb:47994165B26325362501667","properties":{"id":"gb:47994165B26325362501667","name":"Sheema","parentId":"gb:17295835B91329899113986","level":"ADM2","countryCode":"UG"},"geometry":{"type":"Polygon","coordinates":[[[30.322652089457506,-0.43196753784332],[30.30553035555073,-0.452428108908293],[30.313931790447498,-0.462073893041293],[30.312998297544425,-0.511236068536675],[30.305841520109936,-0.522748676941035],[30.313931790447498,-0.531149756200477],[30.30677501269946,-0.558530971576545],[30.297751249719227,-0.595246490312832],[30.281570709097366,-0.608003521018759],[30.253254762493896,-0.608003521403873],[30.241430521378447,-0.600535994736049],[30.22898395168852,-0.601469435793206],[30.211869918140337,-0.608936961176823],[30.203157319672243,-0.609559254415444],[30.173285551922163,-0.634450926894658],[30.146214262981346,-0.632272910413576],[30.136338941129168,-0.628206846939349],[30.13563467877833,-0.627916874244818],[30.091449356165697,-0.632584055523921],[30.081180936121996,-0.644407562573463],[30.092694012775837,-0.667743350475916],[30.115409002594674,-0.670543637629805],[30.13096721512204,-0.680811343974597],[30.158349668572157,-0.702902394498437],[30.18137582248994,-0.707880645491002],[30.20214914752256,-0.737812262815964],[30.22066964308533,-0.752149499194331],[30.232220059735994,-0.741794833312724],[30.251537136059937,-0.749759963013048],[30.272319573021548,-0.749344349894898],[30.281408903690647,-0.749162578734058],[30.30789520377391,-0.733829689275751],[30.31327212200921,-0.733232302876843],[30.32103878168266,-0.72725843451434],[30.32800886083487,-0.72526714313085],[30.33955927756284,-0.715310674157365],[30.359050605756238,-0.688901036361358],[30.401368942522083,-0.64627442949768],[30.41132619874145,-0.646585574051642],[30.434974681044196,-0.616715622038328],[30.435307206666494,-0.611329018711729],[30.43653050248531,-0.591512719678576],[30.454227968848613,-0.570782468453444],[30.455200357110414,-0.557655863437162],[30.444504085934796,-0.551335635670966],[30.45325558033221,-0.537236642179209],[30.454227968848613,-0.515845003851041],[30.462493269012555,-0.503204456484013],[30.462979463204135,-0.489105355205254],[30.4707585691271,-0.477923288735155],[30.47124476340997,-0.434167203898767],[30.461112477572613,-0.417578718195728],[30.39794613581256,-0.41788987466191],[30.37491998215569,-0.432203035278121],[30.326067195808605,-0.434692278343107],[30.322652089457506,-0.43196753784332]]]}},{"type":"Feature","id":"gb:47994165B92927391049004","properties":{"id":"gb:47994165B92927391049004","name":"Igara","parentId":"gb:17295835B91329899113986","level":"ADM2","countryCode":"UG"},"geometry":{"type":"Polygon","coordinates":[[[29.932052656011706,-0.424925018902229],[29.93897887647711,-0.432825346120978],[29.966702911846085,-0.398119089957163],[29.98188668324093,-0.411796691739255],[30.003681124472223,-0.4319336992682],[30.028808104303607,-0.45069731123175],[30.043880122402243,-0.454100564144369],[30.06575885812657,-0.475492401461622],[30.06721744068369,-0.486674472685536],[30.049714451972648,-0.49882887643605],[30.052631616757765,-0.546960089528],[30.079858487839374,-0.558628205991795],[30.096389088535318,-0.570782468453444],[30.107571553545085,-0.583422874605446],[30.115350659638807,-0.576616505551499],[30.126046930342625,-0.575644166810491],[30.13431223045717,-0.583909043761309],[30.140146560055484,-0.598007923470902],[30.136338941129168,-0.628206846939349],[30.146214262981346,-0.632272910413576],[30.173285551922163,-0.634450926894658],[30.203157319672243,-0.609559254415444],[30.211869918140337,-0.608936961176823],[30.22898395168852,-0.601469435793206],[30.241430521378447,-0.600535994736049],[30.253254762493896,-0.608003521403873],[30.281570709097366,-0.608003521018759],[30.297751249719227,-0.595246490312832],[30.30677501269946,-0.558530971576545],[30.313931790447498,-0.531149756200477],[30.305841520109936,-0.522748676941035],[30.312998297544425,-0.511236068536675],[30.313931790447498,-0.462073893041293],[30.30553035555073,-0.452428108908293],[30.322652089457506,-0.43196753784332],[30.296817757041254,-0.411355596281169],[30.251076612932934,-0.410110971011818],[30.22244950278474,-0.395486613269497],[30.250454284358682,-0.373394449404657],[30.25076544896615,-0.357214237662731],[30.24267517852701,-0.338544726871191],[30.234584907959004,-0.327654163129807],[30.224938816404517,-0.329209958555623],[30.200356841478538,-0.311473873831346],[30.191333078409684,-0.307428797661942],[30.191196944053104,-0.26740580119889],[30.177583508161263,-0.25816820977343],[30.158621937285318,-0.240665387080696],[30.14403611335962,-0.232400157294535],[30.13577081313491,-0.232400157294535],[30.116809241662338,-0.224134922697601],[30.106599165283285,-0.224134922672135],[30.087637594179796,-0.253792506378261],[30.067703634814507,-0.273240065831487],[30.036101016308578,-0.299494220743895],[30.030266686738173,-0.30289753263429],[29.999636456312203,-0.329151615737487],[29.9801886912594,-0.347140485587261],[29.959768537690138,-0.372908265432784],[29.94275174317829,-0.390410865841432],[29.932052656011706,-0.424925018902229]]]}},{"type":"Feature","id":"gb:47994165B84895370971255","properties":{"id":"gb:47994165B84895370971255","name":"Ruhinda","parentId":"gb:17295835B91329899113986","level":"ADM2","countryCode":"UG"},"geometry":{"type":"Polygon","coordinates":[[[30.136338941129168,-0.628206846939349],[30.140146560055484,-0.598007923470902],[30.13431223045717,-0.583909043761309],[30.126046930342625,-0.575644166810491],[30.115350659638807,-0.576616505551499],[30.107571553545085,-0.583422874605446],[30.096389088535318,-0.570782468453444],[30.079858487839374,-0.558628205991795],[30.052631616757765,-0.546960089528],[30.049714451972648,-0.49882887643605],[30.06721744068369,-0.486674472685536],[30.06575885812657,-0.475492401461622],[30.043880122402243,-0.454100564144369],[30.028808104303607,-0.45069731123175],[30.003681124472223,-0.4319336992682],[29.98188668324093,-0.411796691739255],[29.966702911846085,-0.398119089957163],[29.93897887647711,-0.432825346120978],[29.937086998125892,-0.448868499828279],[29.945849383111295,-0.464998740868282],[29.943724131445094,-0.482298881945383],[29.93156927817347,-0.500773578967141],[29.939834578378964,-0.514872655144984],[29.935945025014064,-0.525568484871201],[29.930110695415806,-0.533833431761479],[29.926707336864922,-0.562031401728916],[29.904342406506544,-0.564462254480532],[29.898508076908286,-0.575157997044982],[29.89802188314411,-0.596549420159988],[29.912121512939166,-0.607731267628196],[29.930596889698847,-0.633498044291457],[29.95490659645492,-0.636415030354897],[29.969006226249803,-0.649055282365055],[29.980188691259627,-0.666557117480124],[29.986509214960847,-0.67968345308816],[29.992829738662067,-0.70447754467682],[30.013736086025006,-0.721979177543858],[30.027252749542527,-0.724436556792625],[30.035128628046948,-0.725868419816607],[30.060896916982472,-0.749689957010617],[30.11243349485369,-0.746773040969117],[30.127991707041247,-0.738508435032031],[30.13236745421898,-0.73656381963076],[30.139660365772386,-0.720520710258938],[30.158349668572157,-0.702902394498437],[30.13096721512204,-0.680811343974597],[30.115409002594674,-0.670543637629805],[30.092694012775837,-0.667743350475916],[30.081180936121996,-0.644407562573463],[30.091449356165697,-0.632584055523921],[30.13563467877833,-0.627916874244818],[30.136338941129168,-0.628206846939349]]]}},{"type":"Feature","id":"gb:47994165B48268751645511","properties":{"id":"gb:47994165B48268751645511","name":"Kashari","parentId":"gb:17295835B91329899113986","level":"ADM2","countryCode":"UG"},"geometry":{"type":"Polygon","coordinates":[[[30.502633456217552,-0.243990924815137],[30.48569445299796,-0.261377058166488],[30.486939109972923,-0.293426599216957],[30.492851230371514,-0.302450240250664],[30.498452186642226,-0.331076913285074],[30.502808486404206,-0.342900949634156],[30.496274037081207,-0.372149818598643],[30.461112477572613,-0.417578718195728],[30.47124476340997,-0.434167203898767],[30.4707585691271,-0.477923288735155],[30.462979463204135,-0.489105355205254],[30.462493269012555,-0.503204456484013],[30.454227968848613,-0.515845003851041],[30.45325558033221,-0.537236642179209],[30.444504085934796,-0.551335635670966],[30.455200357110414,-0.557655863437162],[30.454227968848613,-0.570782468453444],[30.43653050248531,-0.591512719678576],[30.435307206666494,-0.611329018711729],[30.45227541321924,-0.609173432574948],[30.457453186235284,-0.606584691770024],[30.46721129691923,-0.603000279381433],[30.482346325735193,-0.592446162585077],[30.50265912737342,-0.593441835175099],[30.51560356010731,-0.600212401446868],[30.53392491077949,-0.600610669810408],[30.555830873469517,-0.589857414132609],[30.565190693991497,-0.592844431510741],[30.589287252702377,-0.60300027899666],[30.601634250219604,-0.609372566431546],[30.6197564557757,-0.613355242015075],[30.639471822000928,-0.617935315173497],[30.649429078059768,-0.611363904592565],[30.665559832099802,-0.603199413683001],[30.677309394299755,-0.603000279381433],[30.69602903520382,-0.612558707134895],[30.703397404495774,-0.611363904592565],[30.718731578195843,-0.602004609049004],[30.73107857561996,-0.60140720645046],[30.737650364447916,-0.596229716219739],[30.76947624329864,-0.598357963997671],[30.782856305582925,-0.574088423235196],[30.776321856661013,-0.558530971356504],[30.7753883635894,-0.548263030420628],[30.77787767787993,-0.537995071606417],[30.812105744692417,-0.49847882991935],[30.787834933279328,-0.474520047210547],[30.759830151742392,-0.450250026543074],[30.738359818923527,-0.437492675409544],[30.7156448291297,-0.41820103026231],[30.689507032654603,-0.398909337703401],[30.669611968819822,-0.378256286126202],[30.668639580287277,-0.366101689718278],[30.67884965730616,-0.349571411310023],[30.67884965730616,-0.339847704687145],[30.657943309656503,-0.316024582681735],[30.61418583766931,-0.311648901575495],[30.604461955284535,-0.297063283031605],[30.609810090723897,-0.282477645681354],[30.608837702354094,-0.264002478795987],[30.616130614425117,-0.246013474284382],[30.61925989501997,-0.216723715158292],[30.595190081273188,-0.218786827184942],[30.573824128256945,-0.22605119647011],[30.559722598960718,-0.228615090578728],[30.546903027205246,-0.233742877718612],[30.526819031275636,-0.235452139984034],[30.515935727809392,-0.242940755220161],[30.502633456217552,-0.243990924815137]]]}},{"type":"Feature","id":"gb:47994165B31232091804297","properties":{"id":"gb:47994165B31232091804297","name":"Rwampara","parentId":"gb:17295835B91329899113986","level":"ADM2","countryCode":"UG"},"geometry":{"type":"Polygon","coordinates":[[[30.272319573021548,-0.749344349894898],[30.270368796042078,-0.768241497074314],[30.246409149553756,-0.788776441476045],[30.27862087205733,-0.803922453332405],[30.31028494521189,-0.807307586017998],[30.325419974019383,-0.812883091735216],[30.347525082202935,-0.812484841809919],[30.366244723107002,-0.809497964304228],[30.376201978677443,-0.815869966795049],[30.400298537877347,-0.803125951485583],[30.411848954528068,-0.79536004744898],[30.428377998874964,-0.79536004744898],[30.436542949055138,-0.798745187125519],[30.44669934997114,-0.811688341357296],[30.459444637395166,-0.811090965914957],[30.481948035503308,-0.821644585690024],[30.492502726262046,-0.828613941738467],[30.50385399809244,-0.828414817738405],[30.51600185010244,-0.811489216250038],[30.521976203697363,-0.819055964115307],[30.537310377325298,-0.819055964115307],[30.556229163771548,-0.816865591488295],[30.561008646555536,-0.809896214765615],[30.568576160838973,-0.804718955922056],[30.575546240023584,-0.805316332102052],[30.587272963934083,-0.802107228964132],[30.59446502604351,-0.80013906724389],[30.601634250219604,-0.793368787962152],[30.60501971686938,-0.786399371694756],[30.626129099271964,-0.755335545100706],[30.635688065023714,-0.736617490815775],[30.646840191135198,-0.725665401313734],[30.646043610955417,-0.715111544830052],[30.637281225983656,-0.698982018417041],[30.636285500383224,-0.684843746487331],[30.64385301481161,-0.657761869612671],[30.643454724579726,-0.643623478213158],[30.636484645203495,-0.628688515280317],[30.639471822000928,-0.617935315173497],[30.6197564557757,-0.613355242015075],[30.601634250219604,-0.609372566431546],[30.589287252702377,-0.60300027899666],[30.565190693991497,-0.592844431510741],[30.555830873469517,-0.589857414132609],[30.53392491077949,-0.600610669810408],[30.51560356010731,-0.600212401446868],[30.50265912737342,-0.593441835175099],[30.482346325735193,-0.592446162585077],[30.46721129691923,-0.603000279381433],[30.457453186235284,-0.606584691770024],[30.45227541321924,-0.609173432574948],[30.435307206666494,-0.611329018711729],[30.434974681044196,-0.616715622038328],[30.41132619874145,-0.646585574051642],[30.401368942522083,-0.64627442949768],[30.359050605756238,-0.688901036361358],[30.33955927756284,-0.715310674157365],[30.32800886083487,-0.72526714313085],[30.32103878168266,-0.72725843451434],[30.31327212200921,-0.733232302876843],[30.30789520377391,-0.733829689275751],[30.281408903690647,-0.749162578734058],[30.272319573021548,-0.749344349894898]]]}},{"type":"Feature","id":"gb:47994165B34585576880018","properties":{"id":"gb:47994165B34585576880018","name":"Bujumbura","parentId":"gb:17295835B91329899113986","level":"ADM2","countryCode":"UG"},"geometry":{"type":"Polygon","coordinates":[[[29.734855132827192,-0.327654162782096],[29.683086601862442,-0.318044588321186],[29.675422762270898,-0.351924546810267],[29.658619893108323,-0.399220494399628],[29.660798042814633,-0.430336103041384],[29.665083596035238,-0.434353694629684],[29.665776670714592,-0.435003433615179],[29.68849166050842,-0.423179523959334],[29.702494051471092,-0.426602236304518],[29.71307363543798,-0.439359606425626],[29.713384800008555,-0.499412287255836],[29.705294529606306,-0.510924917077773],[29.704983365427267,-0.562264763679309],[29.711828978789868,-0.576266463493539],[29.71494062116102,-0.586534354500543],[29.735788625256873,-0.607381227832718],[29.77748463422114,-0.610492694237905],[29.780907440902467,-0.618893645317939],[29.765971557069065,-0.636317797819459],[29.782463262042995,-0.663387345268177],[29.78433024758374,-0.711614329536587],[29.809534550983813,-0.760463083454283],[29.802688937564426,-0.774775354260896],[29.813890850739938,-0.792198922402349],[29.815757835828606,-0.813356014291003],[29.82415927078381,-0.837624305847783],[29.855854529302576,-0.862546959349345],[29.856209187769934,-0.862825833969737],[29.86585527932442,-0.863448091929286],[29.897282868065304,-0.861581318361289],[29.904128481427847,-0.854736472831632],[29.90817361659657,-0.84291352914704],[29.923109500077658,-0.824867914141805],[29.943646340335363,-0.812111482359512],[29.949247296606075,-0.811489216250038],[29.958582224084182,-0.796554803127549],[29.97507392900303,-0.776019896961373],[29.982230706553707,-0.775708761224905],[30.00214521820925,-0.788465306706712],[29.999655903939868,-0.766996951627391],[30.012413638253122,-0.756107165451283],[30.017392266062302,-0.75392920449292],[30.020192744346787,-0.746150765296193],[30.027252749542527,-0.724436556792625],[30.013736086025006,-0.721979177543858],[29.992829738662067,-0.70447754467682],[29.986509214960847,-0.67968345308816],[29.980188691259627,-0.666557117480124],[29.969006226249803,-0.649055282365055],[29.95490659645492,-0.636415030354897],[29.930596889698847,-0.633498044291457],[29.912121512939166,-0.607731267628196],[29.89802188314411,-0.596549420159988],[29.898508076908286,-0.575157997044982],[29.904342406506544,-0.564462254480532],[29.926707336864922,-0.562031401728916],[29.930110695415806,-0.533833431761479],[29.935945025014064,-0.525568484871201],[29.939834578378964,-0.514872655144984],[29.93156927817347,-0.500773578967141],[29.943724131445094,-0.482298881945383],[29.945849383111295,-0.464998740868282],[29.937086998125892,-0.448868499828279],[29.93897887647711,-0.432825346120978],[29.932052656011706,-0.424925018902229],[29.93182209912146,-0.425668769611946],[29.891370747278586,-0.424735303003672],[29.887636776508828,-0.410422127553829],[29.872078564169385,-0.390196945104833],[29.86958925037129,-0.373083291771025],[29.84967473877134,-0.364993189254562],[29.821358792589933,-0.35752539585377],[29.79148702502323,-0.346323694661464],[29.77499532004947,-0.345390218357807],[29.734855132827192,-0.327654162782096]]]}},{"type":"Feature","id":"gb:47994165B44661751467195","properties":{"id":"gb:47994165B44661751467195","name":"Rubabo","parentId":"gb:17295835B91329899113986","level":"ADM2","countryCode":"UG"},"geometry":{"type":"Polygon","coordinates":[[[30.027252749542527,-0.724436556792625],[30.020192744346787,-0.746150765296193],[30.017392266062302,-0.75392920449292],[30.012413638253122,-0.756107165451283],[29.999655903939868,-0.766996951627391],[30.00214521820925,-0.788465306706712],[29.982230706553707,-0.775708761224905],[29.97507392900303,-0.776019896961373],[29.958582224084182,-0.796554803127549],[29.949247296606075,-0.811489216250038],[29.943646340335363,-0.812111482359512],[29.923109500077658,-0.824867914141805],[29.90817361659657,-0.84291352914704],[29.904128481427847,-0.854736472831632],[29.897282868065304,-0.861581318361289],[29.86585527932442,-0.863448091929286],[29.856209187769934,-0.862825833969737],[29.855854529302576,-0.862546959349345],[29.845999111142078,-0.88678268834343],[29.83141328721632,-0.914978461965291],[29.83384425794253,-0.918867516862349],[29.85766777028266,-0.965049716303497],[29.87808792377882,-0.993244857972911],[29.89925699056704,-1.029111274011029],[29.904128481427847,-1.037364908156974],[29.91781970815282,-1.051053861164519],[29.930497423732902,-1.050222675422788],[29.936800726916147,-1.049809413405001],[29.944268668871644,-1.038609360889211],[29.946757982821623,-1.017453598276518],[29.967917151140796,-1.015275791427712],[29.98689817026559,-1.020253633709387],[30.022682058296766,-1.021186978312414],[30.03543979202277,-1.034876000983729],[30.04375857386958,-1.034876000983729],[30.04664170506561,-1.034876001224575],[30.050998004478174,-1.019631403823553],[30.063133409537897,-0.996608814378249],[30.081492100234584,-0.977630612105258],[30.08024744308608,-0.924428858291606],[30.048197526284298,-0.897983242441001],[30.03046116432654,-0.879937888272082],[30.052242661453192,-0.864381478902772],[30.057532453267186,-0.826112442111821],[30.062511081496893,-0.813978279735238],[30.062511081496893,-0.80495541721649],[30.070601351531366,-0.791887788328836],[30.070912516078124,-0.768552633500803],[30.060896916982472,-0.749689957010617],[30.035128628046948,-0.725868419816607],[30.027252749542527,-0.724436556792625]]]}},{"type":"Feature","id":"gb:47994165B13656364891086","properties":{"id":"gb:47994165B13656364891086","name":"Kinkiizi","parentId":"gb:17295835B91329899113986","level":"ADM2","countryCode":"UG"},"geometry":{"type":"Polygon","coordinates":[[[29.665083596035238,-0.434353694629684],[29.651521458797788,-0.439029003917597],[29.659786759022438,-0.445349339384336],[29.669996835770405,-0.466255025359374],[29.672311119833466,-0.527415944595361],[29.671377627102174,-0.538928523114407],[29.6614203713022,-0.552307978888507],[29.668577148908298,-0.573466126257244],[29.655819414914617,-0.587778946485003],[29.652396608233346,-0.599291405745248],[29.658619893108323,-0.618271353099431],[29.653952429452033,-0.626050000564817],[29.653330100964638,-0.635384362278501],[29.655508250670948,-0.651252738354572],[29.64492866638335,-0.667743350738931],[29.639638874239665,-0.679566774705563],[29.62937045419585,-0.725615619149892],[29.637149560289515,-0.739928003737873],[29.628748125708398,-0.750506693154421],[29.629059289952124,-0.774464218156595],[29.6352825748271,-0.797177071427257],[29.635904903314497,-0.806511084598526],[29.640261202727118,-0.825490178437349],[29.63683839604579,-0.837935436828161],[29.62843696146456,-0.851625175370259],[29.627503468733266,-0.873715332425036],[29.619724362639545,-0.895805359596409],[29.600743343770716,-0.896738738117108],[29.59078608797074,-0.904828008633103],[29.584251638852038,-0.913228385844661],[29.591719580702033,-0.926917847302377],[29.59669820860205,-0.964563591101978],[29.586740952801847,-0.983230748641461],[29.587052117045744,-0.999408867483737],[29.599187522506213,-1.014653560494992],[29.61536806322698,-1.022120322644469],[29.637460724533412,-1.035809341553318],[29.662665028104186,-1.041720490390787],[29.693781452329006,-1.046076067395688],[29.716807606689827,-1.053542755287765],[29.751346837746212,-1.068787188233443],[29.75819245110864,-1.066298306361944],[29.767216214177495,-1.054787201604086],[29.767527378055775,-1.046387179358817],[29.75819245110864,-1.027720382931591],[29.768772035204506,-1.019320289118866],[29.785574904558757,-1.013097982775435],[29.80642290889,-1.020253633709387],[29.82166995683383,-1.021809207897206],[29.830071391241518,-1.027409268343888],[29.848118917201987,-1.042342716046392],[29.874256713730404,-1.058831648649914],[29.881724655723872,-1.054164978263771],[29.89925699056704,-1.029111274011029],[29.87808792377882,-0.993244857972911],[29.85766777028266,-0.965049716303497],[29.83384425794253,-0.918867516862349],[29.83141328721632,-0.914978461965291],[29.845999111142078,-0.88678268834343],[29.855854529302576,-0.862546959349345],[29.82415927078381,-0.837624305847783],[29.815757835828606,-0.813356014291003],[29.813890850739938,-0.792198922402349],[29.802688937564426,-0.774775354260896],[29.809534550983813,-0.760463083454283],[29.78433024758374,-0.711614329536587],[29.782463262042995,-0.663387345268177],[29.765971557069065,-0.636317797819459],[29.780907440902467,-0.618893645317939],[29.77748463422114,-0.610492694237905],[29.735788625256873,-0.607381227832718],[29.71494062116102,-0.586534354500543],[29.711828978789868,-0.576266463493539],[29.704983365427267,-0.562264763679309],[29.705294529606306,-0.510924917077773],[29.713384800008555,-0.499412287255836],[29.71307363543798,-0.439359606425626],[29.702494051471092,-0.426602236304518],[29.68849166050842,-0.423179523959334],[29.665776670714592,-0.435003433615179],[29.665083596035238,-0.434353694629684]]]}},{"type":"Feature","id":"gb:47994165B70493584211425","properties":{"id":"gb:47994165B70493584211425","name":"Bufumbira","parentId":"gb:17295835B91329899113986","level":"ADM2","countryCode":"UG"},"geometry":{"type":"Polygon","coordinates":[[[29.599187522506213,-1.014653560494992],[29.587732838093302,-1.000264002832068],[29.57927301095191,-1.007186780948871],[29.57927301095191,-1.017142483078374],[29.584251638852038,-1.036431568286503],[29.586429788558178,-1.062876090503778],[29.575227875783185,-1.091809249315304],[29.57304972607693,-1.166163061398549],[29.56838226242064,-1.178607025571694],[29.574916711539288,-1.193850805847092],[29.59078608797074,-1.212827638578801],[29.594208894652013,-1.239270543806754],[29.596075880114427,-1.278467774757644],[29.607588957133316,-1.330729815282723],[29.597631701333114,-1.348772407666786],[29.596075880114427,-1.387967920849178],[29.635593739070828,-1.38921221231243],[29.679467897439565,-1.386101482426795],[29.68849166050842,-1.371480997375897],[29.726789755629284,-1.337735334167292],[29.734755560269377,-1.337337152456769],[29.744513670953324,-1.340920785523281],[29.76821193975752,-1.356051622684447],[29.786334145313447,-1.358440693616728],[29.79509653041754,-1.354060728439265],[29.8102315592335,-1.334948060837803],[29.819392234569534,-1.326785313649168],[29.825403927383263,-1.307087597740463],[29.81451317922756,-1.288733618050685],[29.80984571557127,-1.272557119067869],[29.802688937564426,-1.255136160536324],[29.78899771124003,-1.237403994384692],[29.778106962708762,-1.219049522085243],[29.77623997719803,-1.197895059990572],[29.79086469644892,-1.17705153336334],[29.77219484191403,-1.159941058786671],[29.750102180669614,-1.136297324468956],[29.74325656740865,-1.121675443682875],[29.73236581854718,-1.102698001046065],[29.75601430140233,-1.087142629437778],[29.751346837746212,-1.068787188233443],[29.716807606689827,-1.053542755287765],[29.693781452329006,-1.046076067395688],[29.662665028104186,-1.041720490390787],[29.637460724533412,-1.035809341553318],[29.61536806322698,-1.022120322644469],[29.599187522506213,-1.014653560494992]]]}},{"type":"Feature","id":"gb:47994165B8009354139702","properties":{"id":"gb:47994165B8009354139702","name":"Rubanda","parentId":"gb:17295835B91329899113986","level":"ADM2","countryCode":"UG"},"geometry":{"type":"Polygon","coordinates":[[[29.89925699056704,-1.029111274011029],[29.881724655723872,-1.054164978263771],[29.874256713730404,-1.058831648649914],[29.848118917201987,-1.042342716046392],[29.830071391241518,-1.027409268343888],[29.82166995683383,-1.021809207897206],[29.80642290889,-1.020253633709387],[29.785574904558757,-1.013097982775435],[29.768772035204506,-1.019320289118866],[29.75819245110864,-1.027720382931591],[29.767527378055775,-1.046387179358817],[29.767216214177495,-1.054787201604086],[29.75819245110864,-1.066298306361944],[29.751346837746212,-1.068787188233443],[29.75601430140233,-1.087142629437778],[29.73236581854718,-1.102698001046065],[29.74325656740865,-1.121675443682875],[29.750102180669614,-1.136297324468956],[29.77219484191403,-1.159941058786671],[29.79086469644892,-1.17705153336334],[29.77623997719803,-1.197895059990572],[29.778106962708762,-1.219049522085243],[29.78899771124003,-1.237403994384692],[29.802688937564426,-1.255136160536324],[29.80984571557127,-1.272557119067869],[29.81451317922756,-1.288733618050685],[29.825403927383263,-1.307087597740463],[29.823267928836003,-1.314086358432974],[29.83676142265574,-1.323788825849306],[29.84162336396429,-1.33302403158973],[29.85766777028266,-1.345661625370383],[29.874198370732017,-1.369478450558859],[29.882463670956554,-1.386004272051991],[29.8873256122651,-1.403016026640557],[29.894132330097364,-1.420027657520791],[29.901911435990314,-1.432178745539545],[29.916497259986045,-1.421971836037415],[29.917197379665254,-1.370858847087788],[29.909107109327863,-1.358104730659477],[29.908795944664746,-1.351261030981675],[29.9165750511778,-1.345350546922418],[29.9165750511778,-1.338506811047466],[29.908795944664746,-1.322641713617145],[29.91190758752151,-1.299621588440687],[29.919686693367964,-1.284689502920514],[29.934933741193163,-1.26726862647547],[29.94240168318663,-1.261980122498528],[29.95049195374662,-1.257002697429868],[29.96040353610323,-1.245344792053288],[29.961071537721523,-1.244559093625185],[29.964494344431273,-1.232115430895249],[29.97071762927601,-1.216560770362662],[29.97133995785049,-1.209716691358892],[29.975385093134264,-1.199450540514249],[29.98845399139867,-1.184828986866137],[30.020192744197573,-1.184206791279735],[30.020503908590513,-1.172073951276616],[30.009924324068663,-1.163052061414533],[29.994677276243465,-1.162118761165459],[29.97662975022172,-1.151230231820421],[29.985342349046732,-1.136297324032398],[29.982230706553707,-1.114208922950525],[29.97662975022172,-1.110475656079586],[29.97133995785049,-1.116697765517529],[29.962005030765454,-1.114831134102474],[29.95547058145104,-1.097720291200972],[29.934933741193163,-1.074698274511945],[29.930497423732902,-1.050222675422788],[29.91781970815282,-1.051053861164519],[29.904128481427847,-1.037364908156974],[29.89925699056704,-1.029111274011029]]]}},{"type":"Feature","id":"gb:47994165B81051513806104","properties":{"id":"gb:47994165B81051513806104","name":"Rukiga","parentId":"gb:17295835B91329899113986","level":"ADM2","countryCode":"UG"},"geometry":{"type":"Polygon","coordinates":[[[29.930497423732902,-1.050222675422788],[29.934933741193163,-1.074698274511945],[29.95547058145104,-1.097720291200972],[29.962005030765454,-1.114831134102474],[29.97133995785049,-1.116697765517529],[29.97662975022172,-1.110475656079586],[29.982230706553707,-1.114208922950525],[29.985342349046732,-1.136297324032398],[29.97662975022172,-1.151230231820421],[29.994677276243465,-1.162118761165459],[30.009924324068663,-1.163052061414533],[30.020503908590513,-1.172073951276616],[30.020192744197573,-1.184206791279735],[29.98845399139867,-1.184828986866137],[29.975385093134264,-1.199450540514249],[29.97133995785049,-1.209716691358892],[29.97071762927601,-1.216560770362662],[29.964494344431273,-1.232115430895249],[29.961071537721523,-1.244559093625185],[29.96040353610323,-1.245344792053288],[29.97414043598576,-1.250780903009513],[29.979741392256415,-1.254825071338075],[29.993743783627963,-1.255136160584357],[30.00307871064939,-1.252336352828934],[30.007746174507815,-1.22744904212982],[30.008679666920102,-1.2003838291227],[30.025171371893805,-1.196028481657777],[30.05068683984797,-1.197272867354229],[30.065933888178165,-1.201317116437053],[30.096875282351164,-1.205186367968679],[30.107571553545085,-1.219282842437508],[30.137229395256327,-1.242614774561446],[30.146467083936614,-1.21685242080116],[30.157163354567274,-1.227546258851419],[30.15862193728549,-1.249905961707782],[30.184876420351884,-1.269349027245369],[30.185955771271676,-1.26931986275478],[30.202865603193857,-1.268862952379379],[30.216479038857983,-1.260113589206583],[30.231064862783683,-1.246017331253881],[30.262181287158796,-1.227546258510699],[30.27530852869205,-1.211505486488306],[30.301076817627575,-1.172132282364657],[30.302049205889375,-1.153174615122168],[30.24759546323304,-1.152688519421133],[30.208699932385912,-1.18574283607154],[30.178575344354726,-1.183895693883244],[30.173596716515988,-1.150608028883767],[30.114923586714383,-1.151777770292483],[30.10476718579838,-1.145804617650015],[30.087043270075583,-1.132066319619298],[30.082861223038208,-1.114744024605159],[30.076886869558166,-1.100408255215541],[30.07190824126809,-1.08746618192913],[30.0637432919022,-1.070342738379281],[30.045621086346102,-1.055608535900319],[30.04375857386958,-1.034876000983729],[30.03543979202277,-1.034876000983729],[30.022682058296766,-1.021186978312414],[29.98689817026559,-1.020253633709387],[29.967917151140796,-1.015275791427712],[29.946757982821623,-1.017453598276518],[29.944268668871644,-1.038609360889211],[29.936800726916147,-1.049809413405001],[29.930497423732902,-1.050222675422788]]]}},{"type":"Feature","id":"gb:47994165B87135499009730","properties":{"id":"gb:47994165B87135499009730","name":"Ndorwa","parentId":"gb:17295835B91329899113986","level":"ADM2","countryCode":"UG"},"geometry":{"type":"Polygon","coordinates":[[[29.901911435990314,-1.432178745539545],[29.90132800323397,-1.452670195026826],[29.917508543909094,-1.472267156645842],[29.9271546354654,-1.47320034101557],[29.93866771248406,-1.466979104512973],[29.95204777496548,-1.466356979910017],[29.969784136859175,-1.460135724382326],[29.98814282724038,-1.451425937732552],[30.008679667328124,-1.432761996489546],[30.014591787959205,-1.421874627079603],[30.03637328502174,-1.423741036922024],[30.050686840234334,-1.429651324778149],[30.05597663237819,-1.426851716633905],[30.057843617840604,-1.420941421592318],[30.077758129440724,-1.38890113950805],[30.088337713728265,-1.387656847880976],[30.10171777620951,-1.382679674832957],[30.11260852474078,-1.387656847880976],[30.128166736928335,-1.38672362873109],[30.133767693315917,-1.381124306113463],[30.136568171509623,-1.364015183264883],[30.14248029214093,-1.357171499977767],[30.15430453340349,-1.351883185986537],[30.162083639497155,-1.341306523492278],[30.16395062495974,-1.329796574140346],[30.170173909834716,-1.316420079110628],[30.174841373491006,-1.282822986035683],[30.185955771271676,-1.26931986275478],[30.184876420351884,-1.269349027245369],[30.15862193728549,-1.249905961707782],[30.157163354567274,-1.227546258851419],[30.146467083936614,-1.21685242080116],[30.137229395256327,-1.242614774561446],[30.107571553545085,-1.219282842437508],[30.096875282351164,-1.205186367968679],[30.065933888178165,-1.201317116437053],[30.05068683984797,-1.197272867354229],[30.025171371893805,-1.196028481657777],[30.008679666920102,-1.2003838291227],[30.007746174507815,-1.22744904212982],[30.00307871064939,-1.252336352828934],[29.993743783627963,-1.255136160584357],[29.979741392256415,-1.254825071338075],[29.97414043598576,-1.250780903009513],[29.96040353610323,-1.245344792053288],[29.95049195374662,-1.257002697429868],[29.94240168318663,-1.261980122498528],[29.934933741193163,-1.26726862647547],[29.919686693367964,-1.284689502920514],[29.91190758752151,-1.299621588440687],[29.908795944664746,-1.322641713617145],[29.9165750511778,-1.338506811047466],[29.9165750511778,-1.345350546922418],[29.908795944664746,-1.351261030981675],[29.909107109327863,-1.358104730659477],[29.917197379665254,-1.370858847087788],[29.916497259986045,-1.421971836037415],[29.901911435990314,-1.432178745539545]]]}},{"type":"Feature","id":"gb:47994165B78443213575962","properties":{"id":"gb:47994165B78443213575962","name":"Rushenyi","parentId":"gb:17295835B91329899113986","level":"ADM2","countryCode":"UG"},"geometry":{"type":"Polygon","coordinates":[[[30.302049205889375,-1.153174615122168],[30.30199500727241,-1.154231275330574],[30.32684510656327,-1.141994393067364],[30.338027571573093,-1.134216821615212],[30.344348095274313,-1.121578223488143],[30.349696230713676,-1.117689413055189],[30.344834289405128,-1.109425673809426],[30.344834289405128,-1.098731388783165],[30.362337278116115,-1.056926092547201],[30.34775145417865,-1.048662187681714],[30.325386524170654,-1.04866218759912],[30.304480176474556,-1.046717736571622],[30.293783905664725,-1.041856602428595],[30.2801704700006,-1.032620427630093],[30.269960393167935,-1.028245388065784],[30.26023651020472,-1.032620427186828],[30.249054045291018,-1.048662187681714],[30.240302550893603,-1.058384426865302],[30.230092474522053,-1.065676085579355],[30.19703127318951,-1.066648305815249],[30.184390226221012,-1.062759423987131],[30.16591484896469,-1.06567608559385],[30.146953278144906,-1.064703865355114],[30.12847790085891,-1.064703865065496],[30.116809241662338,-1.060328870694434],[30.106599165283455,-1.071995509544536],[30.094444311835105,-1.079773244137016],[30.08617901172056,-1.080745459877392],[30.07190824126809,-1.08746618192913],[30.076886869558166,-1.100408255215541],[30.082861223038208,-1.114744024605159],[30.087043270075583,-1.132066319619298],[30.10476718579838,-1.145804617650015],[30.114923586714383,-1.151777770292483],[30.173596716515988,-1.150608028883767],[30.178575344354726,-1.183895693883244],[30.208699932385912,-1.18574283607154],[30.24759546323304,-1.152688519421133],[30.302049205889375,-1.153174615122168]]]}},{"type":"Feature","id":"gb:47994165B5370592709245","properties":{"id":"gb:47994165B5370592709245","name":"Kajara","parentId":"gb:17295835B91329899113986","level":"ADM2","countryCode":"UG"},"geometry":{"type":"Polygon","coordinates":[[[30.158349668572157,-0.702902394498437],[30.139660365772386,-0.720520710258938],[30.13236745421898,-0.73656381963076],[30.11243349485369,-0.746773040969117],[30.060896916982472,-0.749689957010617],[30.070912516078124,-0.768552633500803],[30.070601351531366,-0.791887788328836],[30.062511081496893,-0.80495541721649],[30.062511081496893,-0.813978279735238],[30.057532453267186,-0.826112442111821],[30.052242661453192,-0.864381478902772],[30.03046116432654,-0.879937888272082],[30.048197526284298,-0.897983242441001],[30.08024744308608,-0.924428858291606],[30.081492100234584,-0.977630612105258],[30.063133409537897,-0.996608814378249],[30.050998004478174,-1.019631403823553],[30.04664170506561,-1.034876001224575],[30.04375857386958,-1.034876000983729],[30.045621086346102,-1.055608535900319],[30.0637432919022,-1.070342738379281],[30.07190824126809,-1.08746618192913],[30.08617901172056,-1.080745459877392],[30.094444311835105,-1.079773244137016],[30.106599165283455,-1.071995509544536],[30.116809241662338,-1.060328870694434],[30.12847790085891,-1.064703865065496],[30.146953278144906,-1.064703865355114],[30.16591484896469,-1.06567608559385],[30.184390226221012,-1.062759423987131],[30.19703127318951,-1.066648305815249],[30.230092474522053,-1.065676085579355],[30.240302550893603,-1.058384426865302],[30.249054045291018,-1.048662187681714],[30.26023651020472,-1.032620427186828],[30.269960393167935,-1.028245388065784],[30.26209182743878,-1.008617915008756],[30.254922603262685,-0.996471922561],[30.254126022798687,-0.968794822523137],[30.23062689911052,-0.966206305103299],[30.22066964308533,-0.947688392462624],[30.219337860134033,-0.901405626696146],[30.227428130684928,-0.884604798875444],[30.225561144978826,-0.834512994336762],[30.219649024591092,-0.817089606968693],[30.219649024591092,-0.807133351384891],[30.228672787659946,-0.795621400501773],[30.228361623114267,-0.766996951627391],[30.22066964308533,-0.752149499194331],[30.20214914752256,-0.737812262815964],[30.18137582248994,-0.707880645491002],[30.158349668572157,-0.702902394498437]]]}},{"type":"Feature","id":"gb:47994165B38391299649672","properties":{"id":"gb:47994165B38391299649672","name":"Ruhaama","parentId":"gb:17295835B91329899113986","level":"ADM2","countryCode":"UG"},"geometry":{"type":"Polygon","coordinates":[[[30.22066964308533,-0.752149499194331],[30.228361623114267,-0.766996951627391],[30.228672787659946,-0.795621400501773],[30.219649024591092,-0.807133351384891],[30.219649024591092,-0.817089606968693],[30.225561144978826,-0.834512994336762],[30.227428130684928,-0.884604798875444],[30.219337860134033,-0.901405626696146],[30.22066964308533,-0.947688392462624],[30.23062689911052,-0.966206305103299],[30.254126022798687,-0.968794822523137],[30.254922603262685,-0.996471922561],[30.26209182743878,-1.008617915008756],[30.269960393167935,-1.028245388065784],[30.2801704700006,-1.032620427630093],[30.293783905664725,-1.041856602428595],[30.304480176474556,-1.046717736571622],[30.325386524170654,-1.04866218759912],[30.34775145417865,-1.048662187681714],[30.362337278116115,-1.056926092547201],[30.361695643844712,-1.058690286167973],[30.367140876128985,-1.06474275416997],[30.377409296172686,-1.059764981886985],[30.383321416803938,-1.063809422478016],[30.40510291386647,-1.063498311851276],[30.429373724879213,-1.061009425709187],[30.45208871467304,-1.046076066972148],[30.471692062029263,-1.048253852905248],[30.48507212451051,-1.03176486481334],[30.499385679723105,-1.003142268254578],[30.499444022835632,-0.971369337748229],[30.50868171150512,-0.957271704767322],[30.53396380614231,-0.938798856778817],[30.549522018497385,-0.911089402762343],[30.561190677637967,-0.905741939507493],[30.570428365682346,-0.893588584745885],[30.57626269528066,-0.882893599447357],[30.59230710201325,-0.882407462670471],[30.58987613135878,-0.844002485994849],[30.578207472218196,-0.83184893254969],[30.577235083846404,-0.822612207215229],[30.587272963934083,-0.802107228964132],[30.575546240023584,-0.805316332102052],[30.568576160838973,-0.804718955922056],[30.561008646555536,-0.809896214765615],[30.556229163771548,-0.816865591488295],[30.537310377325298,-0.819055964115307],[30.521976203697363,-0.819055964115307],[30.51600185010244,-0.811489216250038],[30.50385399809244,-0.828414817738405],[30.492502726262046,-0.828613941738467],[30.481948035503308,-0.821644585690024],[30.459444637395166,-0.811090965914957],[30.44669934997114,-0.811688341357296],[30.436542949055138,-0.798745187125519],[30.428377998874964,-0.79536004744898],[30.411848954528068,-0.79536004744898],[30.400298537877347,-0.803125951485583],[30.376201978677443,-0.815869966795049],[30.366244723107002,-0.809497964304228],[30.347525082202935,-0.812484841809919],[30.325419974019383,-0.812883091735216],[30.31028494521189,-0.807307586017998],[30.27862087205733,-0.803922453332405],[30.246409149553756,-0.788776441476045],[30.270368796042078,-0.768241497074314],[30.272319573021548,-0.749344349894898],[30.251537136059937,-0.749759963013048],[30.232220059735994,-0.741794833312724],[30.22066964308533,-0.752149499194331]]]}},{"type":"Feature","id":"gb:47994165B31608073741271","properties":{"id":"gb:47994165B31608073741271","name":"Isingiro","parentId":"gb:17295835B91329899113986","level":"ADM2","countryCode":"UG"},"geometry":{"type":"Polygon","coordinates":[[[30.76947624329864,-0.598357963997671],[30.737650364447916,-0.596229716219739],[30.73107857561996,-0.60140720645046],[30.718731578195843,-0.602004609049004],[30.703397404495774,-0.611363904592565],[30.69602903520382,-0.612558707134895],[30.677309394299755,-0.603000279381433],[30.665559832099802,-0.603199413683001],[30.649429078059768,-0.611363904592565],[30.639471822000928,-0.617935315173497],[30.636484645203495,-0.628688515280317],[30.643454724579726,-0.643623478213158],[30.64385301481161,-0.657761869612671],[30.636285500383224,-0.684843746487331],[30.637281225983656,-0.698982018417041],[30.646043610955417,-0.715111544830052],[30.646840191135198,-0.725665401313734],[30.635688065023714,-0.736617490815775],[30.626129099271964,-0.755335545100706],[30.60501971686938,-0.786399371694756],[30.601634250219604,-0.793368787962152],[30.59446502604351,-0.80013906724389],[30.587272963934083,-0.802107228964132],[30.577235083846404,-0.822612207215229],[30.578207472218196,-0.83184893254969],[30.58987613135878,-0.844002485994849],[30.59230710201325,-0.882407462670471],[30.57626269528066,-0.882893599447357],[30.570428365682346,-0.893588584745885],[30.561190677637967,-0.905741939507493],[30.549522018497385,-0.911089402762343],[30.53396380614231,-0.938798856778817],[30.50868171150512,-0.957271704767322],[30.499444022835632,-0.971369337748229],[30.499385679723105,-1.003142268254578],[30.48507212451051,-1.03176486481334],[30.471692062029263,-1.048253852905248],[30.475766571102668,-1.05920050200433],[30.52583464044187,-1.075942712362576],[30.547927301748132,-1.071898287736019],[30.560685035741983,-1.065676085579355],[30.588689817679494,-1.06443164363742],[30.613271792935905,-1.066298306361944],[30.6465663670171,-1.065676085579355],[30.66305807193595,-1.060387203860671],[30.67457114895484,-1.045453842142194],[30.69479682479846,-1.029898181505587],[30.70755455879231,-1.022742552048442],[30.719689964298595,-1.019320288835559],[30.731514205561155,-1.012164635833926],[30.748939403211295,-0.996919931278001],[30.765431108129974,-0.987897521794707],[30.752984538379962,-0.969852629553657],[30.75131968521015,-0.908828332923235],[30.75998648034522,-0.890349944276579],[30.767721276775433,-0.856889489204889],[30.778674258066417,-0.846734210497289],[30.777280242527183,-0.811489216250038],[30.800779366220127,-0.794563543937272],[30.809740896440076,-0.793767039992247],[30.828261392005686,-0.803125951485583],[30.839015228476455,-0.803125951485583],[30.84976906475623,-0.792970535893744],[30.85554427282335,-0.791377527479938],[30.864107512676583,-0.777836928763804],[30.881034847562546,-0.759318099871678],[30.89616987637021,-0.750954731266972],[30.88919979772436,-0.734626204000961],[30.893728996526953,-0.688514822043005],[30.88927447714258,-0.689523319830641],[30.867492980013083,-0.689523319911643],[30.840110526335934,-0.646896718444907],[30.832642584342466,-0.631028328900129],[30.80712711638847,-0.619515937209087],[30.76947624329864,-0.598357963997671]]]}},{"type":"Feature","id":"gb:47994165B66721291741884","properties":{"id":"gb:47994165B66721291741884","name":"Bukanga","parentId":"gb:17295835B91329899113986","level":"ADM2","countryCode":"UG"},"geometry":{"type":"Polygon","coordinates":[[[30.893728996526953,-0.688514822043005],[30.88919979772436,-0.734626204000961],[30.89616987637021,-0.750954731266972],[30.881034847562546,-0.759318099871678],[30.864107512676583,-0.777836928763804],[30.85554427282335,-0.791377527479938],[30.84976906475623,-0.792970535893744],[30.839015228476455,-0.803125951485583],[30.828261392005686,-0.803125951485583],[30.809740896440076,-0.793767039992247],[30.800779366220127,-0.794563543937272],[30.777280242527183,-0.811489216250038],[30.778674258066417,-0.846734210497289],[30.767721276775433,-0.856889489204889],[30.75998648034522,-0.890349944276579],[30.75131968521015,-0.908828332923235],[30.752984538379962,-0.969852629553657],[30.765431108129974,-0.987897521794707],[30.771505034168,-0.985520579485808],[30.796597318784166,-0.996272807556068],[30.80675371970017,-1.004635627371044],[30.813723798760236,-1.003241825550219],[31.17492325290607,-0.999408867483737],[31.26889485451875,-0.996297696932402],[31.248358014431233,-0.964874711238963],[31.24467382948336,-0.917422344583599],[31.215001207227715,-0.895917364589138],[31.187992150874834,-0.871537435209746],[31.18892564387488,-0.854425343198841],[31.209773648206124,-0.829223760070988],[31.194526600262463,-0.811800349243015],[31.19514892874986,-0.805888817716948],[31.186747493726102,-0.795932534390261],[31.196393585280816,-0.786287362328437],[31.194215435719798,-0.762329904330215],[31.18394701559089,-0.744595075858115],[31.172122774475383,-0.730904984009499],[31.15283059136624,-0.70134669003096],[31.13633888639248,-0.69139017007393],[31.10677828315437,-0.663387345268177],[31.077762217752934,-0.655900451834725],[31.07752884461189,-0.65683388332377],[31.070235932205662,-0.658778531988276],[31.02890943152579,-0.688920482726758],[30.969107553430035,-0.687948164656405],[30.949018011571695,-0.697924138501037],[30.934393292320806,-0.699479843806387],[30.915412273617676,-0.687345327353398],[30.905766182061427,-0.685789617832768],[30.893728996526953,-0.688514822043005]]]}},{"type":"Feature","id":"gb:47994165B38718344318021","properties":{"id":"gb:47994165B38718344318021","name":"Kabula","parentId":"gb:17295835B48340970483027","level":"ADM2","countryCode":"UG"},"geometry":{"type":"Polygon","coordinates":[[[31.148102135315526,-0.474657278605605],[31.158120383743494,-0.473897739861002],[31.17087811732665,-0.473275432635603],[31.184880508706044,-0.465185433606507],[31.185814001313872,-0.446827325100912],[31.199866178420052,-0.432937361941583],[31.196879001622563,-0.426963177456969],[31.18473114961256,-0.410434573610019],[31.166210654081056,-0.408642313545499],[31.154062802005,-0.400079286820301],[31.15764741409305,-0.395299919168792],[31.158742712231117,-0.375261395030577],[31.211018305181142,-0.319252862083658],[31.21132946926798,-0.312096193078503],[31.234666787661126,-0.286581073554544],[31.25364780657509,-0.286269913191575],[31.25955992704081,-0.279424383603669],[31.260182255615064,-0.267289115888502],[31.28848844779708,-0.246189130712537],[31.28808746500721,-0.224435971893968],[31.302625058455362,-0.197750707789112],[31.303434085575134,-0.092104576481518],[31.297531723054476,-0.07838859131806],[31.27476863971515,-0.061559726414202],[31.25998410612806,-0.058500859302171],[31.252082028100403,-0.073795193782473],[31.24456230813246,-0.084501224564463],[31.208110786487396,-0.068697082755989],[31.198296915043557,-0.061432273369064],[31.190522289842136,-0.044226142969535],[31.165043787728393,-0.035492169602719],[31.14413744053985,-0.033547393112542],[31.135872140315314,-0.01653060021988],[31.108645268877353,-0.015072018104718],[31.09211466853776,-0.031116422845514],[31.073044011575007,-0.038209421563408],[31.084685621909955,-0.059121195984631],[31.08655260763294,-0.117308837682572],[31.077217680368165,-0.131000032484167],[31.079706994213552,-0.149669830796142],[31.070060902659066,-0.16709496243783],[31.070060902659066,-0.203500987195525],[31.06259296066554,-0.217503284233942],[31.06352645364302,-0.226215817481943],[31.07192788822431,-0.247063643884985],[31.070060902659066,-0.271334206486017],[31.06228179666806,-0.279424383247317],[31.068193916936025,-0.291559637885541],[31.079706994213552,-0.313340831688379],[31.08717493616814,-0.330454594791547],[31.10522246216766,-0.362503925290298],[31.11393506113069,-0.397042397278767],[31.133441169220873,-0.4361119240466],[31.143651246408808,-0.454586742989022],[31.148026993216547,-0.46917209325045],[31.148102135315526,-0.474657278605605]]]}},{"type":"Feature","id":"gb:47994165B7560944849987","properties":{"id":"gb:47994165B7560944849987","name":"Kooki","parentId":"gb:17295835B48340970483027","level":"ADM2","countryCode":"UG"},"geometry":{"type":"Polygon","coordinates":[[[31.077762217752934,-0.655900451834725],[31.10677828315437,-0.663387345268177],[31.13633888639248,-0.69139017007393],[31.15283059136624,-0.70134669003096],[31.172122774475383,-0.730904984009499],[31.18394701559089,-0.744595075858115],[31.194215435719798,-0.762329904330215],[31.196393585280816,-0.786287362328437],[31.186747493726102,-0.795932534390261],[31.19514892874986,-0.805888817716948],[31.194526600262463,-0.811800349243015],[31.209773648206124,-0.829223760070988],[31.18892564387488,-0.854425343198841],[31.187992150874834,-0.871537435209746],[31.215001207227715,-0.895917364589138],[31.24467382948336,-0.917422344583599],[31.248358014431233,-0.964874711238963],[31.26889485451875,-0.996297696932402],[31.29446010878536,-0.999657761000719],[31.342852371973493,-1.000055990588521],[31.3326835241935,-0.979497325537011],[31.317125312300277,-0.9757638980401],[31.300633607381428,-0.963319110270106],[31.29005402269121,-0.960519026451493],[31.292854501287593,-0.94371847759453],[31.30374524952964,-0.936562663832262],[31.369712069425134,-0.935629295106935],[31.377491175256637,-0.925362229082111],[31.384959117250276,-0.909494887055928],[31.38566857162732,-0.89273143111825],[31.412652734765402,-0.842291268240047],[31.422609990931676,-0.827045837878302],[31.434745396009816,-0.80651108483255],[31.443457995151903,-0.805888817864286],[31.45528223626752,-0.793754594418601],[31.463372506835526,-0.762329904330215],[31.472707434175618,-0.749884418011106],[31.47364092690691,-0.741794833125141],[31.465550656396488,-0.727171315729265],[31.48266468994467,-0.724371061368799],[31.51129180040067,-0.722504225173509],[31.514092278594546,-0.712858890346467],[31.524360698638247,-0.690145603212727],[31.502579201575713,-0.665565348470579],[31.479864211781887,-0.663387345240551],[31.47177394124145,-0.647207862440837],[31.463061342619312,-0.637251232605365],[31.460572028669333,-0.620449375544581],[31.456838057744335,-0.61453759825929],[31.433189575023107,-0.595868785267896],[31.412652734765402,-0.587778946294122],[31.407124239034147,-0.583460034579218],[31.402695479331726,-0.580000244332837],[31.3837144601016,-0.565998553977863],[31.36416089938558,-0.544852825339888],[31.356593384731184,-0.534497738484163],[31.348030144877953,-0.518765938924162],[31.33130195481226,-0.505822024181782],[31.317162651903345,-0.490886705212233],[31.304417364533663,-0.489293603134399],[31.27554132245797,-0.472566002425651],[31.250648183078283,-0.469578926590714],[31.23730546034915,-0.455838361436292],[31.21659436842924,-0.440305517643083],[31.199866178420052,-0.432937361941583],[31.185814001313872,-0.446827325100912],[31.184880508706044,-0.465185433606507],[31.17087811732665,-0.473275432635603],[31.158120383743494,-0.473897739861002],[31.148102135315526,-0.474657278605605],[31.148513187499475,-0.504662982018772],[31.131982587268226,-0.541612195402195],[31.11885534573497,-0.562517572448428],[31.092600862668633,-0.621343920217953],[31.082390785685106,-0.637387358449303],[31.077762217752934,-0.655900451834725]]]}},{"type":"Feature","id":"gb:47994165B82422100714593","properties":{"id":"gb:47994165B82422100714593","name":"Kakuuto","parentId":"gb:17295835B48340970483027","level":"ADM2","countryCode":"UG"},"geometry":{"type":"Polygon","coordinates":[[[31.3326835241935,-0.979497325537011],[31.343338566492093,-1.000055990950614],[31.790289440453705,-0.999078305752505],[31.793692799369808,-0.992758736859059],[31.79515138176248,-0.979147316779915],[31.780079363705738,-0.96359134049095],[31.785913693275972,-0.936854340912987],[31.7708416752194,-0.921298174170317],[31.770355481088586,-0.913033932889675],[31.77716219892062,-0.901366736428031],[31.773272645873703,-0.881921326166434],[31.746045774545507,-0.851294599867288],[31.718332709086326,-0.847891615102412],[31.706664049945743,-0.828445930853889],[31.706664049945743,-0.811917024120532],[31.68624389641161,-0.814833894675189],[31.672144266654698,-0.81580618477642],[31.609425223773655,-0.80900015117254],[31.5953255939786,-0.797332638487546],[31.57198827569738,-0.766705261614959],[31.56129200481837,-0.766219110986128],[31.552540510462904,-0.753579175375251],[31.550595733700845,-0.743856122961972],[31.539899463060635,-0.726354574905145],[31.51129180040067,-0.722504225173509],[31.48266468994467,-0.724371061368799],[31.465550656396488,-0.727171315729265],[31.47364092690691,-0.741794833125141],[31.472707434175618,-0.749884418011106],[31.463372506835526,-0.762329904330215],[31.45528223626752,-0.793754594418601],[31.443457995151903,-0.805888817864286],[31.434745396009816,-0.80651108483255],[31.422609990931676,-0.827045837878302],[31.412652734765402,-0.842291268240047],[31.38566857162732,-0.89273143111825],[31.384959117250276,-0.909494887055928],[31.377491175256637,-0.925362229082111],[31.369712069425134,-0.935629295106935],[31.30374524952964,-0.936562663832262],[31.292854501287593,-0.94371847759453],[31.29005402269121,-0.960519026451493],[31.300633607381428,-0.963319110270106],[31.317125312300277,-0.9757638980401],[31.3326835241935,-0.979497325537011]]]}},{"type":"Feature","id":"gb:47994165B21715380423840","properties":{"id":"gb:47994165B21715380423840","name":"Kyotera","parentId":"gb:17295835B48340970483027","level":"ADM2","countryCode":"UG"},"geometry":{"type":"Polygon","coordinates":[[[31.51129180040067,-0.722504225173509],[31.539899463060635,-0.726354574905145],[31.550595733700845,-0.743856122961972],[31.552540510462904,-0.753579175375251],[31.56129200481837,-0.766219110986128],[31.57198827569738,-0.766705261614959],[31.5953255939786,-0.797332638487546],[31.609425223773655,-0.80900015117254],[31.672144266654698,-0.81580618477642],[31.68624389641161,-0.814833894675189],[31.706664049945743,-0.811917024120532],[31.708608826469174,-0.786637389467103],[31.723680844525916,-0.761357601669431],[31.745073386283707,-0.720520710400763],[31.744587192152892,-0.711769899656247],[31.725139426918417,-0.696212861909999],[31.716387932562895,-0.664126310729785],[31.697426361325086,-0.638845850839004],[31.670685683849968,-0.599466425782623],[31.683812925795337,-0.579047352581256],[31.687702478842255,-0.56397608436356],[31.687702478842255,-0.544043056956241],[31.704719273422256,-0.537722814889662],[31.706177855722558,-0.528971699842316],[31.69791255559022,-0.518762049738086],[31.676033819701615,-0.509524733185287],[31.663392772299176,-0.492994765403694],[31.661447995775745,-0.478409465591881],[31.66922710186941,-0.46236560002734],[31.667282325345923,-0.453614385267144],[31.651724113104763,-0.43562574383202],[31.63567970684005,-0.431250122171207],[31.624011047699412,-0.432222482827171],[31.606508058988368,-0.428333039459289],[31.5953255939786,-0.430277761391039],[31.58657409962325,-0.44340462135284],[31.578794993126337,-0.461393243025611],[31.56664014025796,-0.48035417404526],[31.54524759838546,-0.494453293766071],[31.533092744906014,-0.499801227772195],[31.476208031771932,-0.518762049378381],[31.450925937113084,-0.535291950809949],[31.435367724584125,-0.538695159836891],[31.412030406644135,-0.555711178706417],[31.407124239034147,-0.583460034579218],[31.412652734765402,-0.587778946294122],[31.433189575023107,-0.595868785267896],[31.456838057744335,-0.61453759825929],[31.460572028669333,-0.620449375544581],[31.463061342619312,-0.637251232605365],[31.47177394124145,-0.647207862440837],[31.479864211781887,-0.663387345240551],[31.502579201575713,-0.665565348470579],[31.524360698638247,-0.690145603212727],[31.514092278594546,-0.712858890346467],[31.51129180040067,-0.722504225173509]]]}},{"type":"Feature","id":"gb:47994165B51876264217150","properties":{"id":"gb:47994165B51876264217150","name":"Bukuto","parentId":"gb:17295835B48340970483027","level":"ADM2","countryCode":"UG"},"geometry":{"type":"Polygon","coordinates":[[[31.28848844779708,-0.246189130712537],[31.260182255615064,-0.267289115888502],[31.25955992704081,-0.279424383603669],[31.25364780657509,-0.286269913191575],[31.234666787661126,-0.286581073554544],[31.21132946926798,-0.312096193078503],[31.211018305181142,-0.319252862083658],[31.158742712231117,-0.375261395030577],[31.15764741409305,-0.395299919168792],[31.154062802005,-0.400079286820301],[31.166210654081056,-0.408642313545499],[31.18473114961256,-0.410434573610019],[31.196879001622563,-0.426963177456969],[31.199866178420052,-0.432937361941583],[31.21659436842924,-0.440305517643083],[31.23730546034915,-0.455838361436292],[31.250648183078283,-0.469578926590714],[31.27554132245797,-0.472566002425651],[31.304417364533663,-0.489293603134399],[31.317162651903345,-0.490886705212233],[31.33130195481226,-0.505822024181782],[31.348030144877953,-0.518765938924162],[31.356593384731184,-0.534497738484163],[31.36416089938558,-0.544852825339888],[31.3837144601016,-0.565998553977863],[31.402695479331726,-0.580000244332837],[31.407124239034147,-0.583460034579218],[31.412030406644135,-0.555711178706417],[31.435367724584125,-0.538695159836891],[31.450925937113084,-0.535291950809949],[31.476208031771932,-0.518762049378381],[31.533092744906014,-0.499801227772195],[31.54524759838546,-0.494453293766071],[31.56664014025796,-0.48035417404526],[31.578794993126337,-0.461393243025611],[31.58657409962325,-0.44340462135284],[31.5953255939786,-0.430277761391039],[31.606508058988368,-0.428333039459289],[31.624011047699412,-0.432222482827171],[31.63567970684005,-0.431250122171207],[31.651724113104763,-0.43562574383202],[31.667282325345923,-0.453614385267144],[31.66922710186941,-0.46236560002734],[31.661447995775745,-0.478409465591881],[31.663392772299176,-0.492994765403694],[31.676033819701615,-0.509524733185287],[31.69791255559022,-0.518762049738086],[31.706177855722558,-0.528971699842316],[31.704719273422256,-0.537722814889662],[31.687702478842255,-0.544043056956241],[31.687702478842255,-0.56397608436356],[31.683812925795337,-0.579047352581256],[31.670685683849968,-0.599466425782623],[31.697426361325086,-0.638845850839004],[31.716387932562895,-0.664126310729785],[31.725139426918417,-0.696212861909999],[31.744587192152892,-0.711769899656247],[31.75832484458323,-0.701483094279638],[31.7709426791331,-0.685552652114154],[31.808031465536942,-0.645407705560103],[31.800639198830936,-0.642731364305519],[31.79770778272359,-0.639290352061209],[31.78649192979043,-0.633172991274591],[31.784197778053965,-0.62055591193382],[31.78629820142146,-0.607520780588288],[31.789642564841586,-0.600669294911086],[31.786950760137472,-0.587863518964696],[31.791207686137284,-0.579008552381538],[31.803570614938508,-0.562567947511411],[31.819629677092905,-0.544470483993223],[31.820394394338336,-0.540137280374552],[31.841806477210582,-0.496167837907478],[31.86940155391818,-0.469575995228524],[31.92166185380347,-0.428313778011386],[31.957326793279833,-0.391039381545738],[31.961670224094178,-0.38592761509193],[31.971983784090583,-0.36663108701066],[31.98226810945647,-0.354833059279883],[31.986210583724755,-0.341444229088097],[31.986210583724755,-0.335708949887817],[31.991945963065632,-0.325130537248015],[32.01491112891142,-0.298521845723371],[32.03192792349148,-0.306300843456086],[32.03533128240758,-0.319427889252211],[32.04311038850125,-0.328665429987268],[32.04845852394084,-0.311648901130695],[32.02852456457555,-0.292201406007223],[32.027065982182876,-0.26740580119889],[32.019773070220026,-0.255251074379316],[31.994977169546132,-0.242123956527962],[31.99157381063003,-0.198366809102311],[31.983308510405323,-0.188642981952682],[31.962402162778403,-0.176974382225694],[31.953164474292066,-0.180377724592461],[31.948759609186215,-0.185008454639321],[31.934202903188577,-0.200311573855629],[31.911837973168986,-0.22753825515008],[31.88120774277246,-0.234831107518687],[31.87634580161614,-0.263030100901631],[31.85009131854781,-0.262057723055818],[31.83939504767062,-0.257682020679738],[31.8160577293894,-0.236289677806781],[31.804875264379632,-0.235317297780171],[31.768410704172027,-0.269350556180484],[31.740697639029406,-0.269350556180484],[31.71784651491913,-0.263516289664835],[31.71055360299266,-0.299494220743895],[31.698398749721207,-0.307273217778572],[31.672630460785513,-0.298521845723371],[31.602132311519483,-0.297549470245656],[31.583481904612313,-0.317074745730167],[31.57539163461331,-0.323920252219523],[31.568234856787114,-0.318008224704556],[31.546453359944508,-0.323920252219523],[31.534317954427024,-0.322053295987814],[31.532139804731912,-0.305872998726215],[31.444080323726325,-0.306495318418342],[31.42689161053363,-0.304690590953442],[31.41912495140167,-0.299712032736579],[31.392638650973538,-0.308275152187889],[31.368542091920915,-0.328786781778263],[31.330903665013295,-0.33077820021748],[31.320348973521106,-0.329782491232891],[31.304616509354105,-0.315045986325799],[31.296252414829212,-0.303495737517096],[31.295256689249356,-0.297919751067639],[31.2874900296477,-0.285174628465711],[31.28888404518716,-0.267650062223197],[31.28848844779708,-0.246189130712537]]]}},{"type":"Feature","id":"gb:47994165B10999178688233","properties":{"id":"gb:47994165B10999178688233","name":"Bukomansimbi","parentId":"gb:17295835B48340970483027","level":"ADM2","countryCode":"UG"},"geometry":{"type":"Polygon","coordinates":[[[31.583481904612313,-0.317074745730167],[31.602132311519483,-0.297549470245656],[31.672630460785513,-0.298521845723371],[31.698398749721207,-0.307273217778572],[31.71055360299266,-0.299494220743895],[31.71784651491913,-0.263516289664835],[31.722883486151375,-0.229638597079543],[31.71354855868003,-0.217503284233942],[31.7123039015313,-0.202878662534658],[31.706391781232753,-0.19136565411435],[31.69752982357062,-0.165688505581784],[31.6973680181639,-0.133489339803305],[31.70576945274513,-0.117931165111372],[31.706080616686336,-0.104239963872146],[31.711992737620108,-0.087437118555499],[31.71354855868003,-0.060677016121076],[31.704213631526443,-0.03578388570503],[31.702968974551425,-0.025515467144146],[31.698301510854833,-0.011824241031547],[31.68180980588096,0.014935883818168],[31.667807415007644,0.035472721521444],[31.65038221691981,0.051342093773485],[31.603085252307437,0.05414257035477],[31.59157217518009,0.057876539484766],[31.573213484483347,0.0367173779822],[31.54832034510366,0.023959646269191],[31.534317954427024,0.011513077200107],[31.530272819143022,0.008401434375799],[31.519892379996577,-0.007965804468085],[31.52148554102581,-0.036244408694813],[31.528256474969794,-0.044011066308087],[31.53263766736626,-0.151150967933063],[31.5308951477175,-0.185142403062173],[31.536807268388202,-0.191987979119403],[31.53898541809434,-0.199767039747826],[31.550187330826645,-0.217192121736446],[31.56076691479342,-0.232439052145082],[31.566679035788297,-0.247063643884985],[31.571968827931983,-0.25733196444088],[31.57570279878064,-0.268222598107513],[31.58503772616956,-0.28004670431767],[31.583481904612313,-0.317074745730167]]]}},{"type":"Feature","id":"gb:47994165B11605468614002","properties":{"id":"gb:47994165B11605468614002","name":"Kalungu","parentId":"gb:17295835B48340970483027","level":"ADM2","countryCode":"UG"},"geometry":{"type":"Polygon","coordinates":[[[31.948759609186215,-0.185008454639321],[31.9422542779958,-0.177674498421084],[31.942876606483367,-0.161182865663989],[31.94941105560207,-0.149669831025562],[31.94941105560207,-0.135356320127528],[31.941943113752075,-0.127266071043437],[31.934786335860736,-0.11544185670914],[31.91176018210831,-0.090548757239276],[31.89526847718946,-0.064410984889435],[31.864673851116322,-0.010559238862584],[31.856684110964352,0.003422806679225],[31.83583610663311,0.025204302931002],[31.81841090863162,0.0367173779822],[31.8160737910012,0.038769481018676],[31.805653174989118,0.047919287951231],[31.794762426400496,0.053831406123663],[31.780137707001586,0.062232836513658],[31.760223195401466,0.069389609394079],[31.731284920732833,0.070945429446112],[31.721949993085786,0.078724528652856],[31.70576945274513,0.079346856793848],[31.690211240286885,0.08681479077228],[31.68336562686744,0.081213840525209],[31.667807415007644,0.070323101431541],[31.65038221691981,0.051342093773485],[31.667807415007644,0.035472721521444],[31.68180980588096,0.014935883818168],[31.698301510854833,-0.011824241031547],[31.702968974551425,-0.025515467144146],[31.704213631526443,-0.03578388570503],[31.71354855868003,-0.060677016121076],[31.711992737620108,-0.087437118555499],[31.706080616686336,-0.104239963872146],[31.70576945274513,-0.117931165111372],[31.6973680181639,-0.133489339803305],[31.69752982357062,-0.165688505581784],[31.706391781232753,-0.19136565411435],[31.7123039015313,-0.202878662534658],[31.71354855868003,-0.217503284233942],[31.722883486151375,-0.229638597079543],[31.71784651491913,-0.263516289664835],[31.740697639029406,-0.269350556180484],[31.768410704172027,-0.269350556180484],[31.804875264379632,-0.235317297780171],[31.8160577293894,-0.236289677806781],[31.83939504767062,-0.257682020679738],[31.85009131854781,-0.262057723055818],[31.87634580161614,-0.263030100901631],[31.88120774277246,-0.234831107518687],[31.911837973168986,-0.22753825515008],[31.934202903188577,-0.200311573855629],[31.948759609186215,-0.185008454639321]]]}},{"type":"Feature","id":"gb:47994165B99789703761817","properties":{"id":"gb:47994165B99789703761817","name":"Gomba","parentId":"gb:17295835B48340970483027","level":"ADM2","countryCode":"UG"},"geometry":{"type":"Polygon","coordinates":[[[31.294796846840086,0.209488429383839],[31.34699707960624,0.205990285598716],[31.38029165339185,0.206301447422675],[31.400206165075474,0.187320541117288],[31.407051778494747,0.175185196010375],[31.407674107069,0.171451242547107],[31.415764377569076,0.160249376605293],[31.42447697639409,0.157137746103388],[31.433811903597416,0.151847972816995],[31.445636144713035,0.150603320902121],[31.472085105687995,0.139401443667794],[31.48142003279594,0.132244686209617],[31.489510303337966,0.131000032484337],[31.534629118265002,0.097394361054512],[31.56979067822573,0.069078445377443],[31.59157217518009,0.057876539484766],[31.603085252307437,0.05414257035477],[31.65038221691981,0.051342093773485],[31.667807415007644,0.070323101431541],[31.68336562686744,0.081213840525209],[31.690211240286885,0.08681479077228],[31.70576945274513,0.079346856793848],[31.721949993085786,0.078724528652856],[31.731284920732833,0.070945429446112],[31.760223195401466,0.069389609394079],[31.780137707001586,0.062232836513658],[31.794762426400496,0.053831406123663],[31.805653174989118,0.047919287951231],[31.8160737910012,0.038769481018676],[31.824634193476584,0.054142570721979],[31.828368164783114,0.064099820841477],[31.873798144370596,0.104862291602785],[31.906976031681893,0.107448840304244],[31.93031335007487,0.12008986222213],[31.93663387384305,0.120089862395503],[31.950733503637935,0.113283158683203],[31.962402162778744,0.112310772305761],[31.980877539327764,0.122520827289804],[32.00518724628665,0.133217072166303],[32.02220404079861,0.147316659591866],[32.04991710594123,0.146830466910728],[32.05721001829653,0.153637161235395],[32.08151972444875,0.192046321959481],[32.092702189849376,0.20468729370333],[32.110205178157344,0.206632057640093],[32.11895667255476,0.218786827334668],[32.12673577900955,0.236289677806894],[32.144238767720594,0.237748247719196],[32.15639362066054,0.246013473965775],[32.16259639427261,0.264082243854773],[32.14892218422057,0.281602127077008],[32.14507631307828,0.286729892669598],[32.135675293751035,0.294421536833454],[32.12499231724297,0.294848850243909],[32.111318107250895,0.305104367081071],[32.0831150493309,0.302540488803061],[32.07713258248634,0.297412730360804],[32.07755990126918,0.281174813531209],[32.042519738291276,0.27903824377114],[32.033973357121056,0.270064646037667],[32.03311871882437,0.262800300409651],[32.02371769994545,0.255963265726052],[32.0027790659895,0.25254474690297],[31.98825021768039,0.241434554456248],[31.940219555557633,0.237930568947547],[31.92490444013731,0.227538255341813],[31.91697339864851,0.226991290739477],[31.902478736149646,0.233281376880143],[31.888257557628833,0.234375304367916],[31.851884159123927,0.261996949069214],[31.857080358782014,0.270474867928044],[31.85161067512047,0.279499742376515],[31.840944791462448,0.288524610108425],[31.82306140061371,0.290754467964632],[31.822877741591867,0.290148401832937],[31.809630850503083,0.288439147054191],[31.795102002670717,0.278183615321723],[31.77288141153366,0.268355388732004],[31.75407937287929,0.253826691567724],[31.74296907731076,0.251690117056285],[31.714766019329318,0.239725293409037],[31.68228977074432,0.264509558770669],[31.675025346718826,0.271346588978076],[31.659641860425836,0.271346588725123],[31.64254909808517,0.279465557395099],[31.627165611962198,0.29784004365581],[31.624601697447872,0.308095557842819],[31.59464492219513,0.323453513302184],[31.579242292129493,0.331504756592039],[31.572766186306353,0.336405510182374],[31.570665827303174,0.3561835257197],[31.560076519073448,0.370910353720149],[31.548111585614663,0.366209941686122],[31.52503635609571,0.349117511542204],[31.50110648916592,0.340143974019327],[31.486150322054357,0.329888491900022],[31.464357049607088,0.319632999472446],[31.43572667250703,0.312368685787305],[31.420770505458904,0.305958993226568],[31.389969347678175,0.307121284279845],[31.35195504425434,0.298643392351835],[31.33773386602178,0.29809643162497],[31.306283183181677,0.271568792395499],[31.30190743569733,0.235742713775835],[31.292882457296457,0.228085219025047],[31.294796846840086,0.209488429383839]]]}},{"type":"Feature","id":"gb:47994165B24232061225094","properties":{"id":"gb:47994165B24232061225094","name":"Butambala","parentId":"gb:17295835B48340970483027","level":"ADM2","countryCode":"UG"},"geometry":{"type":"Polygon","coordinates":[[[32.16259639427261,0.264082243854773],[32.15639362066054,0.246013473965775],[32.144238767720594,0.237748247719196],[32.12673577900955,0.236289677806894],[32.11895667255476,0.218786827334668],[32.110205178157344,0.206632057640093],[32.092702189849376,0.20468729370333],[32.08151972444875,0.192046321959481],[32.05721001829653,0.153637161235395],[32.04991710594123,0.146830466910728],[32.02220404079861,0.147316659591866],[32.00518724628665,0.133217072166303],[31.980877539327764,0.122520827289804],[31.962402162778744,0.112310772305761],[31.950733503637935,0.113283158683203],[31.93663387384305,0.120089862395503],[31.93031335007487,0.12008986222213],[31.906976031681893,0.107448840304244],[31.873798144370596,0.104862291602785],[31.828368164783114,0.064099820841477],[31.824634193476584,0.054142570721979],[31.8160737910012,0.038769481018676],[31.81841090863162,0.0367173779822],[31.83583610663311,0.025204302931002],[31.856684110964352,0.003422806679225],[31.864673851116322,-0.010559238862584],[31.87636213760345,-0.000995725898463],[31.880807056426534,0.018608119286569],[31.90221913960079,0.042569256079844],[31.929932173943484,0.043413631134001],[31.940088574451636,0.061137538987907],[31.957414199876666,0.076869991696128],[31.96796889109953,0.079259730889135],[32.006354112026656,0.087125954251803],[32.0265797880524,0.093971559482554],[32.04182683599606,0.104239964151361],[32.09130195075261,0.145935872525172],[32.10592667020887,0.152159136340345],[32.1112164619783,0.147802852262373],[32.1217960466401,0.144068893041606],[32.13268679517137,0.150914483718509],[32.144511036433926,0.154026115138038],[32.16224739788652,0.14189075015048],[32.168781847446496,0.113886038220812],[32.17749444627162,0.105484619041761],[32.19180800112446,0.10641810975244],[32.20020943606528,0.111707892735467],[32.20160967516222,0.155095738334126],[32.21181975184413,0.178432957709049],[32.218140275611404,0.203714911617226],[32.21716788715952,0.217814445826718],[32.225919381556935,0.232886347484964],[32.22737796409774,0.248930611858782],[32.24536714658518,0.257682020416951],[32.26141155325814,0.251847748787782],[32.28426267740855,0.25525107437943],[32.29106939480539,0.264002478796044],[32.30079327776872,0.287339526907772],[32.30079327776872,0.3004665953207],[32.26045245903151,0.326469995367745],[32.22883084890236,0.299976609882151],[32.21002881024782,0.314505249006629],[32.190799452533156,0.291003028963075],[32.189944814376815,0.281602127077008],[32.17114277544289,0.264082243854773],[32.16259639427261,0.264082243854773]]]}},{"type":"Feature","id":"gb:47994165B21649077875075","properties":{"id":"gb:47994165B21649077875075","name":"Mawokota","parentId":"gb:17295835B48340970483027","level":"ADM2","countryCode":"UG"},"geometry":{"type":"Polygon","coordinates":[[[32.258828646937104,0.385609808969036],[32.26045245903151,0.326469995367745],[32.30079327776872,0.3004665953207],[32.30079327776872,0.287339526907772],[32.29106939480539,0.264002478796044],[32.28426267740855,0.25525107437943],[32.26141155325814,0.251847748787782],[32.24536714658518,0.257682020416951],[32.22737796409774,0.248930611858782],[32.225919381556935,0.232886347484964],[32.21716788715952,0.217814445826718],[32.218140275611404,0.203714911617226],[32.21181975184413,0.178432957709049],[32.20160967516222,0.155095738334126],[32.20020943606528,0.111707892735467],[32.19180800112446,0.10641810975244],[32.17749444627162,0.105484619041761],[32.168781847446496,0.113886038220812],[32.16224739788652,0.14189075015048],[32.144511036433926,0.154026115138038],[32.13268679517137,0.150914483718509],[32.1217960466401,0.144068893041606],[32.1112164619783,0.147802852262373],[32.10592667020887,0.152159136340345],[32.09130195075261,0.145935872525172],[32.04182683599606,0.104239964151361],[32.0265797880524,0.093971559482554],[32.006354112026656,0.087125954251803],[31.96796889109953,0.079259730889135],[31.957414199876666,0.076869991696128],[31.940088574451636,0.061137538987907],[31.929932173943484,0.043413631134001],[31.90221913960079,0.042569256079844],[31.880807056426534,0.018608119286569],[31.87636213760345,-0.000995725898463],[31.864673851116322,-0.010559238862584],[31.89526847718946,-0.064410984889435],[31.91176018210831,-0.090548757239276],[31.934786335860736,-0.11544185670914],[31.941943113752075,-0.127266071043437],[31.94941105560207,-0.135356320127528],[31.94941105600992,-0.141579586825856],[32.00162441570376,-0.153739845066298],[32.25030687930939,-0.153092625759427],[32.2493733865781,-0.056631883141392],[32.24190544462027,-0.041073676997541],[32.219501619178004,-0.019603346973838],[32.217012305228025,-0.008712598791419],[32.21296716995664,0.007779105807742],[32.216389976666164,0.013068898150948],[32.22012394766557,0.046985795540024],[32.238171473803106,0.060054688047785],[32.25559667145308,0.076235217224735],[32.26742091257444,0.085881299419952],[32.27356640652977,0.115714124483247],[32.286693648055916,0.118145090191604],[32.31148954839938,0.127382757657415],[32.32996492570953,0.138078999508991],[32.34066119639078,0.156554314884659],[32.348926496505385,0.174543422797456],[32.36302612621802,0.203228720327843],[32.3766395622722,0.208576821455324],[32.39511493900858,0.213438730065434],[32.40726979248802,0.241637766839176],[32.41926906366598,0.268844920068375],[32.42424769156594,0.277557419838899],[32.426002657551805,0.318431401033195],[32.41863428841759,0.330977342087635],[32.41584625698471,0.340137860235927],[32.40425601118511,0.34921871296433],[32.39036364794134,0.362218655796994],[32.37481439699303,0.373816627951555],[32.35161797396228,0.382228334756803],[32.33708834650889,0.391277282595638],[32.307391826637115,0.394336080109952],[32.294901445135224,0.396885076413014],[32.28279342180707,0.403130115063675],[32.25773471014281,0.40639411151318],[32.258828646937104,0.385609808969036]]]}},{"type":"Feature","id":"gb:47994165B22960344442703","properties":{"id":"gb:47994165B22960344442703","name":"Busiro","parentId":"gb:17295835B48340970483027","level":"ADM2","countryCode":"UG"},"geometry":{"type":"Polygon","coordinates":[[[32.21729323427354,0.586271519929483],[32.197568186448734,0.557352006490362],[32.197568186448734,0.543404955892925],[32.18991062888773,0.530278290607157],[32.190184112992085,0.515510759288304],[32.18088565033372,0.50539224516217],[32.18088565033372,0.481326528064642],[32.17268112419737,0.471207961964637],[32.190184112992085,0.455893348269399],[32.20358483881813,0.453705543809122],[32.2060461966056,0.446321698207839],[32.213430269968114,0.436203082961526],[32.23038629023989,0.419521011762299],[32.24898321578729,0.406941066133072],[32.25773471014281,0.40639411151318],[32.28279342180707,0.403130115063675],[32.294901445135224,0.396885076413014],[32.307391826637115,0.394336080109952],[32.33708834650889,0.391277282595638],[32.35161797396228,0.382228334756803],[32.37481439699303,0.373816627951555],[32.39036364794134,0.362218655796994],[32.40425601118511,0.34921871296433],[32.41584625698471,0.340137860235927],[32.41863428841759,0.330977342087635],[32.426002657551805,0.318431401033195],[32.42424769156594,0.277557419838899],[32.41926906366598,0.268844920068375],[32.40726979248802,0.241637766839176],[32.39511493900858,0.213438730065434],[32.3766395622722,0.208576821455324],[32.36302612621802,0.203228720327843],[32.348926496505385,0.174543422797456],[32.34066119639078,0.156554314884659],[32.32996492570953,0.138078999508991],[32.31148954839938,0.127382757657415],[32.286693648055916,0.118145090191604],[32.27356640652977,0.115714124483247],[32.26742091257444,0.085881299419952],[32.25559667145308,0.076235217224735],[32.238171473803106,0.060054688047785],[32.22012394766557,0.046985795540024],[32.216389976666164,0.013068898150948],[32.21296716995664,0.007779105807742],[32.217012305228025,-0.008712598791419],[32.219501619178004,-0.019603346973838],[32.24190544462027,-0.041073676997541],[32.2493733865781,-0.056631883141392],[32.250493937296426,-0.151876751242355],[32.4027773587473,-0.152159136340231],[32.403399687234696,-0.082769660049337],[32.39655407387232,0.010579584227401],[32.39842105933474,0.055387226761184],[32.41724027279679,0.073285382705535],[32.43755307462885,0.082246904661872],[32.44531973415286,0.097381914838877],[32.44910349135699,0.117097246692197],[32.455276989952836,0.116698957289145],[32.46085305320099,0.109131457582066],[32.459259892272996,0.100966521556302],[32.439544525788904,0.069103338498962],[32.42281633604489,0.055163188609924],[32.41724027279679,0.04122303545563],[32.431180430916925,0.025888864199146],[32.44611631461686,0.01832135035994],[32.45714895404342,0.034029915421456],[32.46772754260536,0.036196613876598],[32.47932575416115,0.047412463806438],[32.48659056799289,0.057608689450149],[32.483531699011166,0.066785290978771],[32.48799254960937,0.07494226868431],[32.48913962547766,0.083863961304758],[32.49678679793203,0.073922646550784],[32.50347010802511,0.052773448278288],[32.51322821870906,0.047197387154483],[32.52776581217711,0.048392257434728],[32.5357316168172,0.053769173427895],[32.53473589123712,0.064921293924101],[32.528164102409164,0.081649469924969],[32.550866645633164,0.067510178703003],[32.55365467725704,0.056557203759496],[32.54608716284923,0.044608501477455],[32.55265895167719,0.037040988995898],[32.56500594886916,0.039032439717062],[32.5827298641932,0.053171738339984],[32.57874696187321,0.054366608509895],[32.56620081956521,0.065319583898997],[32.567383243691495,0.081213840423629],[32.558048316378915,0.093349231826664],[32.550891538772646,0.113886038220812],[32.5596041375976,0.103617636687829],[32.58356378436645,0.099261344103752],[32.58424445614975,0.128355143186866],[32.59883028007545,0.143913311410984],[32.58570303854236,0.163361006634489],[32.57500676766341,0.196908235387241],[32.601747444860735,0.201283956145971],[32.6119575216087,0.210035394115494],[32.61327542856384,0.228485956000895],[32.6139022980455,0.237262057404905],[32.60369222138405,0.260599155627517],[32.5876478148532,0.276643385839805],[32.57354818514057,0.28636715052852],[32.53854220755085,0.287825715066333],[32.522497801530335,0.30775940490679],[32.520553025006905,0.322345008287471],[32.52201160732193,0.33498584734582],[32.547779896231134,0.355405630224993],[32.5470288334659,0.355926167047187],[32.53035469868513,0.367482452349918],[32.523820249263736,0.375572552441611],[32.51230717254754,0.392063887424399],[32.52039744255421,0.419134497708455],[32.51386299376628,0.433758812409906],[32.504528066154535,0.453050418054204],[32.483368897878734,0.470475049413892],[32.47434513480988,0.473275432632533],[32.46345438627861,0.482298881945439],[32.45287480167218,0.488521943365413],[32.43576076858483,0.496300762286808],[32.42611467702852,0.505946484885612],[32.42735933371807,0.513414131021193],[32.43451611160981,0.520570617513329],[32.44105056055673,0.538306221769119],[32.44136172497241,0.548263030285852],[32.43652443815188,0.562955414031705],[32.431944144485385,0.563368371450565],[32.40815101912051,0.560907132086072],[32.38955409387239,0.569384729517765],[32.36652672433644,0.567787660716988],[32.358475349542516,0.571113064047836],[32.343772839025235,0.560436761485448],[32.337121703017374,0.559386631860775],[32.327235243778205,0.559030345271594],[32.32455031841545,0.549096587094652],[32.28395500724986,0.551660383161277],[32.26728956433175,0.566615838071868],[32.25105144003925,0.564906645160193],[32.23524063480727,0.584135036071928],[32.21729323427354,0.586271519929483]]]}},{"type":"Feature","id":"gb:47994165B50134135343616","properties":{"id":"gb:47994165B50134135343616","name":"Kyadondo","parentId":"gb:17295835B48340970483027","level":"ADM2","countryCode":"UG"},"geometry":{"type":"Polygon","coordinates":[[[32.43652443815188,0.562955414031705],[32.44136172497241,0.548263030285852],[32.44105056055673,0.538306221769119],[32.43451611160981,0.520570617513329],[32.42735933371807,0.513414131021193],[32.42611467702852,0.505946484885612],[32.43576076858483,0.496300762286808],[32.45287480167218,0.488521943365413],[32.46345438627861,0.482298881945439],[32.47434513480988,0.473275432632533],[32.483368897878734,0.470475049413892],[32.504528066154535,0.453050418054204],[32.51386299376628,0.433758812409906],[32.52039744255421,0.419134497708455],[32.51230717254754,0.392063887424399],[32.523820249263736,0.375572552441611],[32.53035469868513,0.367482452349918],[32.5470288334659,0.355926167047187],[32.54947262945035,0.374987576686863],[32.565827422191774,0.400776277923399],[32.574520573532595,0.411802883341124],[32.59688550353371,0.410830520156992],[32.604178415082345,0.402565428271259],[32.617791851179106,0.38214575353777],[32.62751573347549,0.374853001158726],[32.634808645759335,0.36318458360455],[32.639184392672064,0.349571411038141],[32.65085305186841,0.331582546741117],[32.67673139248495,0.313036695422966],[32.67784655022302,0.329832276635386],[32.684069835098,0.343523266956367],[32.68282517799514,0.367171294522961],[32.67566840051677,0.38304033079396],[32.65855436711047,0.39953165108426],[32.66042135257288,0.408244033433505],[32.65544272431816,0.427224547603657],[32.66011018817642,0.439670761108687],[32.66228833773744,0.463629663499944],[32.66882278715434,0.473897739861059],[32.674734907427364,0.488210790830522],[32.65724388688693,0.510167979958794],[32.661043681060505,0.514347586442625],[32.666022308960464,0.530838605319502],[32.665550928119444,0.561915556667088],[32.63820250869526,0.559351764733663],[32.62410097926397,0.56704313579138],[32.60102575044681,0.566615838071868],[32.592052049875406,0.574734497745851],[32.57962561190578,0.579229666066624],[32.55665293897471,0.558992833687512],[32.542158276696284,0.550241749476299],[32.514809856808256,0.563915312991128],[32.475154648037005,0.566376551094436],[32.46530921688702,0.560360189572577],[32.43652443815188,0.562955414031705]]]}},{"type":"Feature","id":"gb:47994165B16286500452212","properties":{"id":"gb:47994165B16286500452212","name":"Kampala","parentId":"gb:17295835B48340970483027","level":"ADM2","countryCode":"UG"},"geometry":{"type":"Polygon","coordinates":[[[32.61327542856384,0.228485956000895],[32.63432245162829,0.219273017763385],[32.654742605124625,0.269350556387451],[32.678079923405846,0.290742842488044],[32.68002469985987,0.310676527349415],[32.67673139248495,0.313036695422966],[32.65085305186841,0.331582546741117],[32.639184392672064,0.349571411038141],[32.634808645759335,0.36318458360455],[32.62751573347549,0.374853001158726],[32.617791851179106,0.38214575353777],[32.604178415082345,0.402565428271259],[32.59688550353371,0.410830520156992],[32.574520573532595,0.411802883341124],[32.565827422191774,0.400776277923399],[32.54947262945035,0.374987576686863],[32.5470288334659,0.355926167047187],[32.547779896231134,0.355405630224993],[32.52201160732193,0.33498584734582],[32.520553025006905,0.322345008287471],[32.522497801530335,0.30775940490679],[32.53854220755085,0.287825715066333],[32.57354818514057,0.28636715052852],[32.5876478148532,0.276643385839805],[32.60369222138405,0.260599155627517],[32.6139022980455,0.237262057404905],[32.61327542856384,0.228485956000895]]]}},{"type":"Feature","id":"gb:47994165B45375916338342","properties":{"id":"gb:47994165B45375916338342","name":"Nakifuma","parentId":"gb:17295835B48340970483027","level":"ADM2","countryCode":"UG"},"geometry":{"type":"Polygon","coordinates":[[[32.78340219853797,0.87633910048476],[32.766688803614386,0.848043534289332],[32.75383504641974,0.829722056832907],[32.74699794145454,0.812494321642362],[32.751647172646926,0.731003430454621],[32.746177488858734,0.708852959041621],[32.744177635245364,0.670021014697625],[32.73605857351009,0.653356683064828],[32.72879414948454,0.634983124842222],[32.70956479176988,0.606354427936083],[32.68227695133601,0.580817178277698],[32.69363813528963,0.56154523141322],[32.702389629687104,0.548418605214749],[32.703362018210555,0.533833431899268],[32.71308590082788,0.522651442161191],[32.72815791859648,0.521679093934722],[32.73156127767851,0.514872655145098],[32.74274374259221,0.505635332792565],[32.771915390583445,0.501745929725018],[32.78844599081259,0.490077707619548],[32.80643517389029,0.475006224802371],[32.81956241503718,0.461879421527613],[32.83366204528136,0.458962351113428],[32.84338592771326,0.44875259490675],[32.844844510290955,0.429791580954543],[32.83366204528136,0.412289064899198],[32.83803779239781,0.407913429817768],[32.849220257311515,0.392841779570801],[32.85943033421688,0.375339184422842],[32.86008072630267,0.375326431638257],[32.884226234890775,0.374853000710687],[32.88811578793769,0.390897048747661],[32.9061049704456,0.392841779570801],[32.925066541882984,0.408399611604693],[32.95569677203082,0.412775246159299],[32.95423818973467,0.428819219988554],[32.946945277633404,0.44729405664981],[32.93819378323599,0.461879421527613],[32.940138559939726,0.496884173330386],[32.94451430711712,0.516331178037035],[32.95326580147298,0.529944046448918],[32.977455173987636,0.562830878080702],[32.97450260904185,0.566188540183759],[32.964674270785,0.579434768730493],[32.95441861311201,0.599944996797205],[32.91765208129601,0.652519191679232],[32.88538094553695,0.674396461196068],[32.880184745878864,0.674396461196068],[32.86924537823262,0.679865763055318],[32.870612799225796,0.700922517479171],[32.85475071559523,0.7340115104397],[32.8339659166121,0.761631061714354],[32.81536899110682,0.783234349921599],[32.816821875911955,0.809742662649569],[32.80870281361979,0.819570007510322],[32.804856942222614,0.829824602652764],[32.79887447537823,0.838797351551136],[32.79887447537823,0.846915535214407],[32.786909541688885,0.859306414283481],[32.786909541688885,0.868706364729064],[32.78340219853797,0.87633910048476]]]}},{"type":"Feature","id":"gb:47994165B89759933687529","properties":{"id":"gb:47994165B89759933687529","name":"Mukono","parentId":"gb:17295835B48340970483027","level":"ADM2","countryCode":"UG"},"geometry":{"type":"Polygon","coordinates":[[[32.665550928119444,0.561915556667088],[32.666022308960464,0.530838605319502],[32.661043681060505,0.514347586442625],[32.65724388688693,0.510167979958794],[32.674734907427364,0.488210790830522],[32.66882278715434,0.473897739861059],[32.66228833773744,0.463629663499944],[32.66011018817642,0.439670761108687],[32.65544272431816,0.427224547603657],[32.66042135257288,0.408244033433505],[32.65855436711047,0.39953165108426],[32.67566840051677,0.38304033079396],[32.68282517799514,0.367171294522961],[32.684069835098,0.343523266956367],[32.67784655022302,0.329832276635386],[32.67673139248495,0.313036695422966],[32.68002469985987,0.310676527349415],[32.678079923405846,0.290742842488044],[32.654742605124625,0.269350556387451],[32.63432245162829,0.219273017763385],[32.65063834874951,0.215076220174979],[32.66179047524554,0.209101907628622],[32.672146021277456,0.214877076460823],[32.67274345662554,0.219457381226505],[32.67752293940953,0.227821412376329],[32.68150584172963,0.221249674015553],[32.67951439056958,0.207707901038248],[32.66418021663753,0.194564404398591],[32.64725288177749,0.1730568426741],[32.63072383714939,0.155133855814313],[32.63152041761339,0.147765512268847],[32.651634074329536,0.15234583422739],[32.674934052901506,0.154337278255355],[32.69604343519768,0.16509107272293],[32.714763076101576,0.181819185751351],[32.71595794679763,0.19794985150952],[32.72691092817763,0.192971252581174],[32.732686136541645,0.178632879658949],[32.73846134490577,0.170268823563958],[32.72531776724969,0.157125299580457],[32.67792122964158,0.128448492225573],[32.66099389478137,0.129245070675381],[32.651634074329536,0.11769468078603],[32.64785031712546,0.092403293768484],[32.65979902408549,0.083242629203596],[32.69345454868949,0.085034933314944],[32.71177589936167,0.091606714331363],[32.716953672377656,0.100966521556302],[32.726512637945746,0.10634343088725],[32.72850408910563,0.116300667880409],[32.73746561932575,0.106144286113704],[32.74284253745765,0.106542575659546],[32.75459209930182,0.123071587047775],[32.762159613709855,0.112317773487803],[32.778091222989815,0.110326326086863],[32.7792860936857,0.103356259149336],[32.790438220181784,0.101165666362533],[32.78944249460176,0.122673297731751],[32.791832235993866,0.138604865548018],[32.801988636909925,0.134821119115941],[32.80676811969386,0.15115096772206],[32.817920246189885,0.136613420131653],[32.826085195945836,0.136414275580989],[32.82986895314997,0.143185189365852],[32.836440741977924,0.14597321211329],[32.84420740150193,0.142587755875809],[32.852372351257884,0.133825396272243],[32.85735097915807,0.134821119115941],[32.86013901078195,0.1455749231705],[32.85814755962207,0.15075267887255],[32.85376636707002,0.1455749231705],[32.84978346475009,0.146968934439769],[32.84838944893795,0.151947545399707],[32.845402272198044,0.155731288964034],[32.84938517451798,0.156328722096646],[32.85416465730191,0.160909042211301],[32.84779201358998,0.168476525351025],[32.84560141731407,0.179827744508884],[32.84978346475009,0.181620041636847],[32.859740720550064,0.167879092576811],[32.867905670306016,0.163497918344717],[32.87109199216212,0.171065400494058],[32.872884298206145,0.182814906290275],[32.87168942751009,0.197352419716253],[32.88562958563,0.191178956608383],[32.890546758591995,0.205173484724298],[32.89297772924624,0.239693007362519],[32.90172922360176,0.249416801392044],[32.90318780564644,0.271295311666961],[32.894436311249024,0.28636715052852],[32.88617101113442,0.302411345537337],[32.879850487712986,0.304356094546677],[32.869640410905504,0.31116271447371],[32.86137511074037,0.322831194712478],[32.866237051823475,0.328179244068224],[32.86769563444159,0.33838914784269],[32.86040272222522,0.34762667080031],[32.86008072630267,0.375326431638257],[32.85943033421688,0.375339184422842],[32.849220257311515,0.392841779570801],[32.83803779239781,0.407913429817768],[32.83366204528136,0.412289064899198],[32.844844510290955,0.429791580954543],[32.84338592771326,0.44875259490675],[32.83366204528136,0.458962351113428],[32.81956241503718,0.461879421527613],[32.80643517389029,0.475006224802371],[32.78844599081259,0.490077707619548],[32.771915390583445,0.501745929725018],[32.74274374259221,0.505635332792565],[32.73156127767851,0.514872655145098],[32.72815791859648,0.521679093934722],[32.71308590082788,0.522651442161191],[32.703362018210555,0.533833431899268],[32.702389629687104,0.548418605214749],[32.69363813528963,0.56154523141322],[32.68227695133601,0.580817178277698],[32.676233905064464,0.575161795035456],[32.665550928119444,0.561915556667088]]]}},{"type":"Feature","id":"gb:47994165B96029758291375","properties":{"id":"gb:47994165B96029758291375","name":"Buikwe","parentId":"gb:17295835B48340970483027","level":"ADM2","countryCode":"UG"},"geometry":{"type":"Polygon","coordinates":[[[32.977455173987636,0.562830878080702],[32.95326580147298,0.529944046448918],[32.94451430711712,0.516331178037035],[32.940138559939726,0.496884173330386],[32.93819378323599,0.461879421527613],[32.946945277633404,0.44729405664981],[32.95423818973467,0.428819219988554],[32.95569677203082,0.412775246159299],[32.925066541882984,0.408399611604693],[32.9061049704456,0.392841779570801],[32.88811578793769,0.390897048747661],[32.884226234890775,0.374853000710687],[32.86008072630267,0.375326431638257],[32.86040272222522,0.34762667080031],[32.86769563444159,0.33838914784269],[32.866237051823475,0.328179244068224],[32.86137511074037,0.322831194712478],[32.869640410905504,0.31116271447371],[32.879850487712986,0.304356094546677],[32.88617101113442,0.302411345537337],[32.894436311249024,0.28636715052852],[32.90318780564644,0.271295311666961],[32.90172922360176,0.249416801392044],[32.89297772924624,0.239693007362519],[32.890546758591995,0.205173484724298],[32.88562958563,0.191178956608383],[32.89635155867563,0.18276711170563],[32.89966533340578,0.168619909214215],[32.89112599083177,0.16352181566134],[32.879017967778964,0.143384333859274],[32.89392995406507,0.132678323506184],[32.87353749418651,0.121972308520924],[32.87290022981546,0.11458005757072],[32.87455711718053,0.110246668187926],[32.88080230801825,0.105403467544534],[32.88679259310754,0.109099594421252],[32.89367504831648,0.103619130273671],[32.88997891496348,0.076216796317794],[32.89291033107105,0.069844157785724],[32.90285165526194,0.065510763085797],[32.940577706037004,0.069206893883802],[32.96109761878961,0.077236418397547],[32.976901775195415,0.085393394127266],[33.01328160498639,0.10797392867272],[33.04470919360534,0.129444215284082],[33.0966736223117,0.186387053267254],[33.13714986713882,0.22204624851895],[33.15527207269491,0.251718616873518],[33.15392784316191,0.296849360487215],[33.16419626320561,0.310229235174518],[33.20433645064935,0.327343003621536],[33.22798493317447,0.343834425602438],[33.27119588978631,0.370983097910648],[33.26999210608017,0.372149818780485],[33.26563580655335,0.38210685918159],[33.25132225114044,0.387707689064314],[33.22393979800506,0.390819259496709],[33.21740534878052,0.397353554236133],[33.20246946479335,0.406377095248672],[33.19935782274865,0.417578718327547],[33.16592486599751,0.458199078988287],[33.1607734565236,0.457406579641258],[33.15455017164862,0.465496587587779],[33.14863805074981,0.47420889313878],[33.141481273411046,0.47700927516405],[33.12156676180916,0.494744999107581],[33.110987177523555,0.505946484885612],[33.102585742538,0.521504071640834],[33.07876845967843,0.545250890949092],[33.07834114083181,0.53414108826081],[33.05868446374865,0.514057933094705],[33.03902778728184,0.511066819030759],[33.015525238963846,0.530295382637519],[32.996295881249125,0.541405192302989],[32.977455173987636,0.562830878080702]]]}},{"type":"Feature","id":"gb:47994165B73004169365400","properties":{"id":"gb:47994165B73004169365400","name":"Kyamuswa","parentId":"gb:17295835B48340970483027","level":"ADM2","countryCode":"UG"},"geometry":{"type":"MultiPolygon","coordinates":[[[[32.31129507108477,-0.734638649547605],[32.31285089230346,-0.722193085658546],[32.3116062353285,-0.715970290898326],[32.3010266510409,-0.722504225173509],[32.29511453040965,-0.729660428118734],[32.29293638070351,-0.738061173564972],[32.299159665578486,-0.742105971279841],[32.31129507108477,-0.734638649547605]]],[[[32.308494592890895,-0.649385873150209],[32.31969650566606,-0.640984971227454],[32.32000766990973,-0.632584055523921],[32.31253972805979,-0.62947260180232],[32.298848501334646,-0.6450298516624],[32.2972926801159,-0.657475617364184],[32.30662760742848,-0.661209341051915],[32.308494592890895,-0.649385873150209]]],[[[32.34614546638488,-0.663698488617968],[32.36108135008482,-0.646585574051642],[32.36637114222867,-0.631961764928519],[32.363570664034796,-0.613293012731845],[32.35672505067242,-0.611426133898192],[32.349568273066154,-0.632895200793598],[32.335254717853616,-0.651875026602454],[32.325919790541036,-0.670854780876084],[32.323741640834726,-0.680189059380211],[32.33183191117229,-0.683611623654656],[32.34614546638488,-0.663698488617968]]],[[[32.31487968317282,-0.525138318415372],[32.31328652224482,-0.515380610022248],[32.33200616314889,-0.494670322618106],[32.32503608408882,-0.49028929190905],[32.3216506171168,-0.479934117066193],[32.31627369898473,-0.476947044471672],[32.30731216876484,-0.480133255192811],[32.300939525052684,-0.484315154509432],[32.293770300876815,-0.50004703816893],[32.2832156097287,-0.505025474568413],[32.28301646461284,-0.508809083683843],[32.29476602645684,-0.518168528243677],[32.295363461804754,-0.52951932540941],[32.297952348312776,-0.534099465774432],[32.313087377128795,-0.534896011577246],[32.31487968317282,-0.525138318415372]]],[[[32.40833450320957,-0.403512464200617],[32.40642271009591,-0.399688971899366],[32.39711865027641,-0.394081179976183],[32.38641260884032,-0.392041981974273],[32.37048099956013,-0.394590979398686],[32.36703977195572,-0.397649775276534],[32.36066712824362,-0.399306622571089],[32.348049293693975,-0.408610451137235],[32.34702967069995,-0.418806415265351],[32.355314107525544,-0.4293847140259],[32.36053967536941,-0.432316047252471],[32.37099081105714,-0.425306335494838],[32.366275054710286,-0.42020835930299],[32.368186847823836,-0.4123064896458],[32.37201043405116,-0.410394745802876],[32.375069303032774,-0.419826010954012],[32.37787326626608,-0.421865201932121],[32.383736098481165,-0.414728031187508],[32.393167611175045,-0.419698561500184],[32.401452048000635,-0.417404470976919],[32.40833450320957,-0.410777094608079],[32.40833450320957,-0.403512464200617]]],[[[32.52067146656498,-0.40360422799381],[32.51904006977469,-0.40172816801595],[32.525239377577805,-0.394794899158967],[32.52956257907198,-0.378970711099328],[32.52483152838016,-0.378726006930151],[32.516511404749735,-0.373097809142223],[32.50982267790965,-0.374076626409021],[32.50941482871218,-0.381091480275245],[32.51235134293455,-0.385577721038658],[32.5136564603668,-0.391940022061135],[32.51259605245315,-0.39552901025445],[32.49758720198264,-0.410455921612936],[32.50191040347681,-0.412168844104428],[32.503215520909066,-0.414289604773728],[32.50092177702197,-0.419408792414231],[32.49439618986088,-0.417633880059327],[32.49074186105065,-0.413823037475083],[32.470016596227026,-0.417633880059327],[32.46427407952524,-0.416276593870464],[32.46056754601773,-0.413718630803089],[32.45602573735363,-0.413875240810512],[32.45978447555842,-0.420557264900026],[32.465213764076395,-0.42384607153673],[32.46286455269842,-0.425412169444996],[32.46359541846044,-0.428126738399044],[32.47607234111251,-0.426090811773292],[32.48776619330522,-0.428700974016408],[32.48040533098748,-0.439298223527487],[32.47894359946338,-0.446084631599888],[32.4811361967495,-0.451931378154882],[32.48628984446577,-0.456790438588712],[32.482815099814275,-0.45966369323645],[32.47650041963021,-0.459964382609655],[32.477101817743005,-0.463038095474076],[32.47403635791818,-0.468688545123484],[32.460671955412295,-0.476832200664774],[32.4583749487316,-0.476049157278737],[32.45592132795889,-0.479912170451087],[32.44772519048462,-0.483879587113847],[32.44495834152826,-0.486802945276509],[32.444786025242195,-0.4899228783014],[32.447335082727136,-0.493236531066827],[32.463266692007096,-0.496295286001612],[32.482639528891696,-0.494638460586941],[32.49245340020815,-0.491197360328783],[32.49640443930974,-0.469913479096931],[32.49385538182486,-0.468511544491719],[32.49398283469907,-0.465835123103659],[32.497296609429384,-0.462139110945543],[32.506983027871684,-0.463795944220749],[32.515140011823064,-0.46073717479544],[32.51144387847012,-0.446335451250093],[32.52227737278042,-0.440855141913175],[32.532009674257495,-0.419673071609168],[32.53894311061606,-0.409558676351764],[32.53535403767751,-0.406295965466541],[32.528339031479334,-0.406459101042174],[32.52067146656498,-0.40360422799381]]],[[[32.560957178904175,-0.366787697894779],[32.56247111512556,-0.365325996203069],[32.559547652077356,-0.362924628622466],[32.55182135687869,-0.363498868754277],[32.551194900511064,-0.367466345027651],[32.54487813213922,-0.368458213821441],[32.545243565020144,-0.371851448331768],[32.54252892076124,-0.378324692077854],[32.53532467253535,-0.373626370479883],[32.531096092054895,-0.375505699422206],[32.52937333704443,-0.380099612910044],[32.538945590339324,-0.386996742971689],[32.5386114802767,-0.38946910067682],[32.542988322097415,-0.395850453012542],[32.54863478215606,-0.396418426543789],[32.551742005738674,-0.390270946263456],[32.543389254172496,-0.386528999540872],[32.54348948719138,-0.381517461171768],[32.54866819316243,-0.378777818960259],[32.552610691901634,-0.380749025029388],[32.55704182660742,-0.368562621056469],[32.560957178904175,-0.366787697894779]]],[[[32.571867960637576,-0.363603276047058],[32.575939927026184,-0.360836482381842],[32.57881118537705,-0.35457204079529],[32.57317307806983,-0.350082521713205],[32.571137094875496,-0.350186929158212],[32.568579064708445,-0.353788985297456],[32.562627729217525,-0.356869003206498],[32.563201980887584,-0.359218168715586],[32.56555119226556,-0.360314445746667],[32.56158363527169,-0.364125312492774],[32.566595286211395,-0.365273792566825],[32.571867960637576,-0.363603276047058]]],[[[32.45001159308623,-0.345140296096815],[32.45077631033166,-0.339277568455941],[32.446952724104506,-0.338257963284434],[32.43764866428501,-0.342973636299462],[32.44108989188959,-0.351767722988427],[32.43994281602136,-0.360561801390475],[32.436629041291155,-0.365404913418217],[32.428726963088195,-0.371522524875104],[32.43102111482449,-0.37330682742197],[32.445805648236444,-0.371395074679299],[32.42745243434575,-0.381718534523088],[32.43956045739856,-0.385796935015605],[32.46084508739676,-0.380061683769327],[32.46607065524063,-0.376110730691892],[32.482257170269065,-0.375855830431817],[32.481619905898015,-0.370375473047488],[32.4677275426057,-0.365532363699685],[32.463649050630124,-0.360434351039032],[32.47104131733607,-0.359287297795618],[32.481747358772225,-0.355208885100581],[32.48595330362201,-0.352022623929315],[32.48697292661609,-0.3558461372034],[32.49207104158552,-0.3558461372034],[32.498316232423406,-0.347561856462733],[32.49487500481888,-0.340934426630326],[32.490031795597815,-0.338385413936805],[32.46696282536027,-0.339405019094784],[32.46109999314518,-0.344120691547687],[32.45319791494239,-0.347944208042804],[32.45001159308623,-0.345140296096815]]],[[[32.39482449854012,-0.336218752620539],[32.39648138590519,-0.332905034384396],[32.38131449387066,-0.324493283117022],[32.375069303032774,-0.330483470353045],[32.375579114529785,-0.33634620329957],[32.37188298117678,-0.340424624145385],[32.38067722949944,-0.346669702715758],[32.38743223183417,-0.361326503461726],[32.375324208781365,-0.366042164807254],[32.35990241099819,-0.354189281644892],[32.355441560399754,-0.357248091674421],[32.35620627764524,-0.366169615079627],[32.35875533513013,-0.371904875451207],[32.366275054710286,-0.376110730691892],[32.37889288925993,-0.376238180819257],[32.428344604465394,-0.364130410504799],[32.43000149183047,-0.359797099254877],[32.429364227459246,-0.358140244408219],[32.41381497680186,-0.359669648892805],[32.403873652611196,-0.347434405932574],[32.40833450320957,-0.341444229088097],[32.40540308710206,-0.337748160658577],[32.39915789626434,-0.338257963284434],[32.39482449854012,-0.336218752620539]]],[[[32.52571483185852,-0.335912332632404],[32.52367676047629,-0.334141579572929],[32.52427815858914,-0.327793594296054],[32.516025640041676,-0.323249770780365],[32.51108081111454,-0.323182949830993],[32.51027894696415,-0.325053936244785],[32.51776301236748,-0.332270594861541],[32.51732866928597,-0.334676146568086],[32.519934727774626,-0.340222277414114],[32.521772333119316,-0.340923896150457],[32.52206467942398,-0.347785557629095],[32.52467491428854,-0.34940387329226],[32.52441389080212,-0.353319151966957],[32.51903680698126,-0.355772725763359],[32.512784772433974,-0.363776592150373],[32.50804040954438,-0.366649880316857],[32.502160072441825,-0.367050804173914],[32.50222689445428,-0.369241268054338],[32.506768703118325,-0.368301602966653],[32.512459015122886,-0.370180933042718],[32.53443719268148,-0.36114970434852],[32.53574231011373,-0.359270372386732],[32.53306525323677,-0.339153144003433],[32.53530379065654,-0.336781003827468],[32.52571483185852,-0.335912332632404]]],[[[32.61782114542598,-0.31526583884056],[32.61545562008007,-0.309719172253381],[32.61276381537613,-0.311024270536961],[32.61072456938825,-0.315102701629883],[32.598325953782194,-0.32040465966071],[32.58967955079379,-0.31485799580912],[32.57728093518756,-0.310861133260346],[32.57189732577967,-0.311105839174274],[32.574507560644065,-0.314042309698436],[32.57344715273041,-0.324156812919625],[32.56716627508786,-0.326848574184623],[32.56537173861858,-0.333537189949539],[32.57206046545872,-0.338349727754348],[32.58372495250927,-0.341367758721162],[32.58747716512687,-0.332395231479722],[32.5920450761397,-0.330519156564208],[32.593023914213745,-0.335902674929343],[32.59775496490556,-0.338186590918497],[32.60648293773363,-0.336718359272709],[32.61643445815429,-0.330356019598241],[32.61463992168501,-0.325951320509546],[32.61782114542598,-0.31526583884056]]],[[[32.58666146673181,-0.217219962264835],[32.57858605261998,-0.219911747383208],[32.570347498828994,-0.2186066395073],[32.555501788037645,-0.227987099802021],[32.5603144085689,-0.233941649703809],[32.56887924171775,-0.231249867180452],[32.572468314656305,-0.233778511383719],[32.57320244321215,-0.236551862566557],[32.58747716512704,-0.237938537950583],[32.5920450761397,-0.237041277423884],[32.58617204769479,-0.228721222527042],[32.58666146673181,-0.217219962264835]]],[[[32.3516179741726,-0.220365476266466],[32.330078438426085,-0.190541695772879],[32.32077437860647,-0.183786729482904],[32.3057349394461,-0.186208321470474],[32.29770540836893,-0.190924052276955],[32.3001270129796,-0.199845701590334],[32.30700946818854,-0.207110469604686],[32.322686171720136,-0.211061482397497],[32.333009854533486,-0.216796821757384],[32.33479419477294,-0.223424322308517],[32.32128419010348,-0.223169418495957],[32.312107583158195,-0.228012590175069],[32.32905881543206,-0.242414643565894],[32.32867645680943,-0.246748001807021],[32.33785306375472,-0.250953906985558],[32.36844175357243,-0.272748120746201],[32.383991004229756,-0.271091252040492],[32.383863551355375,-0.252100971800587],[32.37800071914046,-0.24114012617099],[32.37150062255415,-0.241267577915949],[32.36028476962099,-0.232983212046065],[32.3516179741726,-0.220365476266466]]],[[[32.269665776036106,-0.19576723392106],[32.28241106346013,-0.187100486855854],[32.29783286124314,-0.183531825044099],[32.296303426752274,-0.178306283253107],[32.278332571484384,-0.169766980080965],[32.2732344565149,-0.164796339172426],[32.27094030477838,-0.167217933618474],[32.261508792084726,-0.168365004567875],[32.26380294382102,-0.179070996779672],[32.26329313232401,-0.18722793905016],[32.253734166756146,-0.188502460941322],[32.25424397825299,-0.192963286821737],[32.26252841507858,-0.197169207295303],[32.26393039669523,-0.199718249490957],[32.269665776036106,-0.19576723392106]]]]}},{"type":"Feature","id":"gb:47994165B90613881451638","properties":{"id":"gb:47994165B90613881451638","name":"Bujjumba","parentId":"gb:17295835B48340970483027","level":"ADM2","countryCode":"UG"},"geometry":{"type":"MultiPolygon","coordinates":[[[[32.35965260336479,-0.439493985385695],[32.358836904969564,-0.437210096722424],[32.350761490857735,-0.435089342341712],[32.32824821515186,-0.442430412640192],[32.32376187397858,-0.438841445838648],[32.32082535975604,-0.439820255137704],[32.31234209644663,-0.448384830997611],[32.30907930286611,-0.456459993349256],[32.31903082328694,-0.459233279346051],[32.33338711504126,-0.458091338183181],[32.333060835683284,-0.465595519615476],[32.33444752295492,-0.466982160966211],[32.34456218305462,-0.460456787532337],[32.34448061321524,-0.458580741560979],[32.348640675030424,-0.456052157082922],[32.34961951310447,-0.450913418153789],[32.35459527331494,-0.446345647170631],[32.359000044648724,-0.445448406107516],[32.35965260336479,-0.439493985385695]]],[[[32.32005745618886,-0.385940316247456],[32.32284548781274,-0.377775547832755],[32.321252326884746,-0.368615066828966],[32.3099010552728,-0.362640834996341],[32.29695662273275,-0.358259729142787],[32.28899081809266,-0.365229669278335],[32.286401931584635,-0.389126565219158],[32.29516431668873,-0.397888743656893],[32.3005412348208,-0.409438873709973],[32.30532071760473,-0.407646613228792],[32.30810874922878,-0.408443173492003],[32.30810874922878,-0.420192428122164],[32.313684812476765,-0.423976082655315],[32.32000766990973,-0.41820103026231],[32.32862069617687,-0.403663810733974],[32.333001888728916,-0.392910234309454],[32.333001888728916,-0.390520548766574],[32.3232437780448,-0.392511953432916],[32.32005745618886,-0.385940316247456]]],[[[32.07530810862403,-0.216868513485792],[32.06554999794014,-0.217864231900251],[32.0697320453761,-0.239371733088433],[32.05320300074817,-0.249129755093691],[32.05831854091525,-0.259198930936407],[32.07325442461541,-0.27164536711075],[32.096591742896635,-0.271334206360166],[32.10250386352794,-0.284091790466164],[32.11090529810923,-0.295915880245389],[32.10561550596549,-0.309606915790994],[32.10717132718423,-0.320808659032537],[32.13486494487802,-0.333877343952736],[32.16504787652184,-0.338544727249825],[32.216078812497074,-0.333877343952736],[32.23412633863461,-0.348190645576381],[32.23537099560963,-0.369660556989459],[32.24470592292215,-0.382418016190798],[32.24346126594702,-0.392063887424285],[32.22012394766574,-0.385218431548594],[32.21452299127816,-0.399842807757011],[32.19834245060321,-0.414778314011812],[32.17780561051569,-0.424424146885826],[32.1694041759344,-0.438426140869751],[32.170337668665695,-0.454917344584715],[32.16380321954682,-0.469541588090863],[32.150423157065575,-0.484476954133697],[32.1401547370217,-0.501590353858319],[32.13704309458433,-0.514658738140781],[32.14855617160316,-0.538928523114464],[32.15789109891557,-0.54515152950006],[32.17469396807809,-0.536439318775933],[32.179672595978104,-0.509991461078243],[32.20798854215951,-0.49287808313062],[32.20798854215951,-0.477942735480951],[32.22136860464076,-0.466118895508885],[32.24128311624088,-0.457717733962625],[32.23039236770961,-0.484788107246402],[32.24968455082217,-0.493500388563064],[32.27706700427211,-0.481676575477707],[32.298848501334646,-0.475142354150421],[32.30320480074721,-0.469230434288761],[32.29853733709092,-0.451183490391429],[32.29098226925271,-0.43313650173036],[32.29237628506468,-0.420192428122164],[32.29197799483279,-0.406053492466128],[32.28341475484473,-0.389126565219158],[32.27963099764065,-0.375784139732218],[32.28062672322068,-0.361246846998995],[32.29476602645667,-0.345315540617833],[32.30571900783684,-0.338943010520893],[32.3232437780448,-0.337549019000562],[32.33459504965691,-0.334761035361282],[32.32650975794718,-0.323346225579996],[32.314784093517176,-0.321944266192133],[32.314529187768585,-0.31544427016172],[32.30917616705051,-0.307669759780936],[32.30165644747029,-0.303846227998463],[32.304460410703655,-0.290336404978405],[32.296303426752274,-0.290336404978405],[32.28597974393875,-0.296836416228473],[32.286489555435764,-0.302699168199013],[32.28840134854943,-0.30652270038928],[32.27336190938894,-0.31506191732683],[32.26329313232401,-0.312895250997713],[32.26469511394066,-0.307414857704487],[32.261381339210345,-0.301807010493349],[32.26380294382102,-0.292757978238285],[32.260234263342284,-0.290591307451336],[32.25373416675592,-0.29199327094932],[32.25220473226506,-0.301934461598705],[32.243283031068245,-0.302571717102694],[32.225057270051934,-0.30027759711362],[32.169503748492446,-0.3062837296672],[32.16213537920032,-0.29831803590821],[32.16571999128837,-0.276412348802467],[32.17189348988438,-0.26745091952273],[32.19818064519649,-0.239770019838602],[32.20415499867647,-0.229812847655467],[32.17926185917639,-0.221647961272538],[32.16571999128837,-0.232600856579268],[32.15675846106842,-0.235787151817533],[32.140627706672376,-0.220851386747654],[32.12489524250822,-0.225630833251444],[32.10876448811217,-0.221847104897108],[32.09701492626817,-0.227024838187447],[32.07530810862403,-0.216868513485792]]]]}},{"type":"Feature","id":"gb:47994165B98080040988734","properties":{"id":"gb:47994165B98080040988734","name":"Mukono","parentId":null,"level":"ADM2","countryCode":"UG"},"geometry":{"type":"MultiPolygon","coordinates":[[[[32.60563155253374,-0.083609055828504],[32.58460182828412,-0.084373772252206],[32.58498418690692,-0.091511124797648],[32.594288246726364,-0.095589611336095],[32.60168051343237,-0.096609232895901],[32.61659249971848,-0.105276014885646],[32.63609278947723,-0.104001488268693],[32.63736731821973,-0.095589611336095],[32.61595523534726,-0.09125621937352],[32.614808159479196,-0.086922826888838],[32.60563155253374,-0.083609055828504]]],[[[32.767138241610155,-0.056557203759269],[32.76315533929022,-0.044807646532831],[32.75260064814228,-0.030867491486788],[32.74523227885015,-0.023897413227132],[32.75319808349025,-0.058946943937258],[32.738262199790086,-0.045405081695662],[32.73487673281812,-0.063726423981166],[32.72352546120618,-0.05217601318077],[32.716356237030084,-0.054167463483111],[32.716356237030084,-0.068705048554875],[32.724521186786205,-0.081848614838123],[32.71755110772614,-0.090610990010305],[32.70639898123011,-0.087424672000338],[32.69723830589413,-0.097381914838763],[32.69265796822606,-0.088221251528466],[32.687281050093986,-0.083640919013135],[32.68270071242608,-0.086229802676314],[32.67732379429401,-0.09778020449312],[32.670353715233944,-0.097581059666538],[32.664180216638044,-0.100767376748877],[32.67134944081397,-0.111322049804073],[32.7087887226221,-0.116698957289088],[32.72073742958213,-0.124465599607277],[32.727309218410085,-0.12705447987878],[32.73925792537011,-0.115703233756847],[32.74642714954621,-0.111521194543514],[32.75797756627418,-0.111122905063269],[32.74622800443018,-0.11988527235377],[32.738262199790086,-0.131236516690194],[32.76255790394225,-0.125660467456726],[32.77351088532225,-0.127253624504419],[32.785459592282336,-0.12187671908157],[32.80457752341829,-0.11052547083284],[32.81831853642234,-0.096983625179632],[32.81951340711839,-0.072687947842041],[32.81274247317441,-0.064921293924158],[32.799997185750385,-0.06233240901264],[32.78864591413827,-0.072090512970931],[32.789044204370384,-0.083441774108849],[32.787849333674274,-0.088221251528466],[32.78207412531032,-0.082844339389794],[32.7715194341622,-0.084039208818638],[32.78107839973029,-0.075276832191605],[32.78187498019429,-0.070696498241148],[32.77470575601836,-0.066315308821913],[32.767138241610155,-0.056557203759269]]],[[[32.66999525402514,-0.016186514813228],[32.667956008037265,-0.014402174637439],[32.665661856300915,-0.020010100848936],[32.66081864707991,-0.021284629508614],[32.658524495343556,-0.018353213576745],[32.65266166312847,-0.018608119311921],[32.65176949300883,-0.020774818045879],[32.6534263803739,-0.024853309697392],[32.66183827007376,-0.029951424082356],[32.67203450001301,-0.034157368273156],[32.68019148396445,-0.035814255329228],[32.67471101037199,-0.02842198978982],[32.66999525402514,-0.016186514813228]]],[[[32.80995444155036,0.037240134070203],[32.80696726481045,0.044409356421625],[32.79740829924236,0.046201661905229],[32.79959889551827,0.032659797255519],[32.78924334948641,0.038435004505516],[32.77629891694636,0.031664071832324],[32.77132028904634,0.024295703423945],[32.77371003043834,0.017923060147723],[32.76415106487025,0.014338448202352],[32.765744225798244,0.00378375720129],[32.77032456346632,-0.005376918124114],[32.7661425160303,-0.009359820410396],[32.7496134714022,0.003385466970087],[32.74821945559023,-0.009758110636881],[32.75479124441824,-0.020511946509885],[32.76076559789823,-0.036244408694813],[32.768532257422294,-0.044409356421511],[32.78048096438232,-0.04062560026],[32.78048096438232,-0.027880315139782],[32.791633090878406,-0.028676895506806],[32.79780658947425,-0.022304252428739],[32.80099291133041,-0.01174956176169],[32.807564700158366,-0.003982902316807],[32.808162135506336,0.002588886507169],[32.81632708526246,0.014935883530939],[32.824093744786296,0.020113656303067],[32.8268817764104,0.02509228381399],[32.82389459967044,0.03066834639975],[32.80995444155036,0.037240134070203]]]]}},{"type":"Feature","id":"gb:47994165B9859706646942","properties":{"id":"gb:47994165B9859706646942","name":"Buvuma","parentId":"gb:17295835B48340970483027","level":"ADM2","countryCode":"UG"},"geometry":{"type":"MultiPolygon","coordinates":[[[[33.153678911767315,-0.055163188609924],[33.164831038263344,-0.048591402479246],[33.171601972207384,-0.040426455193767],[33.161445571291324,-0.039231584786535],[33.14232764015537,-0.049587127693769],[33.13356525505134,-0.05874779892622],[33.13296781970337,-0.063925568973616],[33.153678911767315,-0.055163188609924]]],[[[32.94924450148579,0.020647365180139],[32.949371954360004,0.023451328205454],[32.940067894540505,0.023961139658809],[32.91852835879388,0.01656887342034],[32.90858703460316,0.017206137763878],[32.90106731502283,0.013637457414973],[32.89953788053191,-0.003441227602366],[32.91738128292559,-0.00395103909824],[32.9178910944226,-0.007647172431746],[32.924391191008965,-0.006882455192454],[32.9359894025647,0.006372643698853],[32.942999310647906,0.007647172431689],[32.94695034974944,0.010323682757587],[32.950519030228236,0.008666795415422],[32.95548969232351,0.010068777013259],[32.94682289687523,0.01580415620549],[32.94924450148579,0.020647365180139]]],[[[33.30941039247972,0.045604226748935],[33.30662236085567,0.050184562815446],[33.293877073431645,0.053968318455816],[33.28431810786378,0.071094788168296],[33.27894118973171,0.072687947842155],[33.251260018607695,0.067908468657095],[33.24150190792358,0.054366608509895],[33.240107892111666,0.043811921250608],[33.24986600279556,0.025888864199146],[33.253450614883604,0.015135028640032],[33.25364975999969,0.009957255749953],[33.26659419253974,0.011948706873397],[33.27555572275969,0.020711091613009],[33.27933947996377,0.02807946023205],[33.29128818692362,0.039430729855724],[33.30383432923179,0.039032439717062],[33.30941039247972,0.045604226748935]]],[[[33.11990390009362,0.111011384007838],[33.1072860655438,0.11266826821651],[33.10231540344853,0.10948195234846],[33.08421709530643,0.110501573463466],[33.071726713630824,0.107442710014539],[33.071981619379244,0.102344603590041],[33.07758954584591,0.097628854425011],[33.089570116024504,0.093677820830294],[33.0854916240487,0.08934442863432],[33.0891877574017,0.083609055828447],[33.09415841949715,0.081314906468378],[33.11391361500432,0.093168010011141],[33.12028625871642,0.099285739343884],[33.12436475069205,0.101197529531362],[33.12461965644047,0.098393570551707],[33.126786355302556,0.102217150918875],[33.11990390009362,0.111011384007838]]],[[[33.15508089338397,0.115344773276718],[33.151257307156754,0.117511467665281],[33.14475721057045,0.132550870973432],[33.13749239673888,0.134972468984586],[33.126276543805716,0.135609731579279],[33.12449220356626,0.132168513370914],[33.126149090931506,0.128982199789789],[33.12423729781784,0.124776265253331],[33.126531449554136,0.120187972265796],[33.14016890709786,0.114834962808231],[33.14016890709786,0.108972141777826],[33.143100323205374,0.106295636141681],[33.154061270390116,0.10527601488559],[33.15508089338397,0.115344773276718]]],[[[33.15288233130332,0.171861977390961],[33.1479037034033,0.168476525351025],[33.15148831549135,0.159315887503965],[33.16323787733535,0.154138133860897],[33.15328062153537,0.152744123047796],[33.149696009447325,0.149956101151247],[33.15447549223131,0.140397166279513],[33.15845839455142,0.135617697361624],[33.15885668478336,0.126656190623009],[33.16303873221932,0.122275008409531],[33.16303873221932,0.116698957289145],[33.171004536859414,0.107339154736053],[33.17757632568737,0.107936589029691],[33.17618230987546,0.117097246692197],[33.174190858715406,0.120880995736059],[33.17458914894746,0.138206576478069],[33.19191477403956,0.167082515515972],[33.190919048459534,0.171264544721396],[33.16861479546742,0.170268823563958],[33.15288233130332,0.171861977390961]]],[[[33.368709500845725,0.314440949643133],[33.349438560795875,0.311262285270118],[33.34306591708395,0.303495737517153],[33.35899752636391,0.294733471826305],[33.36238299333593,0.285772056605083],[33.35083257660796,0.281191775000764],[33.33748985383585,0.265459489897864],[33.32494371152785,0.258688626788171],[33.326736017571875,0.268844920068375],[33.32494371152785,0.27462006348054],[33.31697790688793,0.278602919384127],[33.30463090969579,0.273425206449815],[33.296665105055695,0.277806348310492],[33.29925399156389,0.293936901873224],[33.30383432923179,0.299313747946655],[33.31737619711981,0.303694879837565],[33.32414713106385,0.310266574336367],[33.297859975751805,0.312855422568475],[33.2723694009037,0.311063143090792],[33.25205659907169,0.307080298719995],[33.233209505293416,0.299512890343465],[33.22033676499518,0.290846209918584],[33.207464024696776,0.277973628240488],[33.20236590972729,0.262934356672474],[33.203169584735974,0.25282012761943],[33.245468474120855,0.226079684185663],[33.26102668630841,0.206632057698357],[33.26199907457004,0.191560130680955],[33.23525839737272,0.193018704859185],[33.216783020400044,0.205659675730487],[33.20365577886679,0.203228720552204],[33.21386585561493,0.181836299698432],[33.22796548540987,0.16044385349602],[33.24789944477516,0.167736735545759],[33.26151288043923,0.168222927587067],[33.26783340414045,0.146830466806307],[33.283391616328004,0.111824579105019],[33.30484250138147,0.101128326711375],[33.31417742869405,0.088059446313196],[33.32506817722532,0.077168709119576],[33.340937553656545,0.088059446313196],[33.340937553656545,0.095838542383831],[33.32444584873792,0.102995309211849],[33.32413468449403,0.140334933617453],[33.33938173243786,0.147180525428382],[33.34280453911913,0.156515419947254],[33.33191379058786,0.16678379910968],[33.32631283420034,0.197900065527392],[33.329113312393986,0.210657718409095],[33.36956466408168,0.212213529034329],[33.381700069587964,0.219992579790187],[33.384189383537944,0.235550668992744],[33.392279653875505,0.244574352845859],[33.39942398491212,0.258290340609562],[33.39285219608399,0.273026920746361],[33.38229750493605,0.30947000552186],[33.38102851240348,0.3099365399787],[33.378277262905385,0.30991807548736],[33.368709500845725,0.314440949643133]]]]}}]}
